id,tourName,tourDestination,userName,userAvatar,rating,date,quote,fullReview,imageUrl1,imageUrl2,imageUrl3,verified,tourUrl,operatorName
462331,"Bestseller Tour India with Nepal, flight included",Kathmandu,Laurie Dexter,"https://images.unsplash.com/photo-1472099645785-5658abf4ff4e?w=1
  50&h=150&fit=crop",5,2026-03-02,We have just completed the private Tourradar Bestseller Tour India with Nepal with the local Payless Tours. After our initial enquiry we had a few que,"We have just completed the private Tourradar Bestseller Tour India with Nepal with the local Payless Tours. After our initial enquiry we had a few questions and requests for minor adjustments, and they were all dealt with promptly and expertly. The trip itself was organised brilliantly. 
Our driver, Sunil (Suni), was phenomenal in every way. Driving in India and Nepal is unlike anything we have experienced in all our travels with little care for rules of the road. A two-lane road often has three vehicles weaving in and out side by side plus tuk tuks and motorbikes. It is not uncommon to find vehicles and motorbikes coming towards you on the wrong side of the road. Having grown up with the system Suni is an expert in handling every situation.
One thing visitors need to be aware of is not to judge distances and driving times by western expectations. As an example, one 200 km stretch in Nepal took us 7 hours.
On a day-to-day basis Suni was more than just our driver but was a guide and informant. For specific monuments or tourist attractions we were met by local guides and Suni seemed to know them all. We have huge respect for Payless Tours making complicated arrangements ahead of time, but it was Suni who navigated us proficiently day by day.  
On out last day in Delhi we had a different driver, Rohit, who is also an expert with the crazy traffic. To be fair, to us it seems chaotic, but for local drivers it is totally normal and they do have a system that seems to work. We had encountered Rohit once before as he had previously met us at the Nepal border. He was amazing and without his help we would have had serious problems navigating the immigration system.
In summary, we have nothing but praise for Tourradar and Payless Tours and highly recommend them for anyone considering visiting India.",https://cdn.tourradar.com/s3/review/original/462331_69a4e29c8f2e3.jpg,,,false,https://www.tourradar.com/t/118829,
462331,"Bestseller Tour India with Nepal, flight included",,Laurie Dexter,"https://images.unsplash.com/photo-1472099645785-5658abf4ff4e?w=1
  50&h=150&fit=crop",5,2026-03-02,We have just completed the private Tourradar Bestseller Tour India with Nepal with the local Payless Tours. After our initial enquiry we had a few que,"We have just completed the private Tourradar Bestseller Tour India with Nepal with the local Payless Tours. After our initial enquiry we had a few questions and requests for minor adjustments, and they were all dealt with promptly and expertly. The trip itself was organised brilliantly. 
Our driver, Sunil (Suni), was phenomenal in every way. Driving in India and Nepal is unlike anything we have experienced in all our travels with little care for rules of the road. A two-lane road often has three vehicles weaving in and out side by side plus tuk tuks and motorbikes. It is not uncommon to find vehicles and motorbikes coming towards you on the wrong side of the road. Having grown up with the system Suni is an expert in handling every situation.
One thing visitors need to be aware of is not to judge distances and driving times by western expectations. As an example, one 200 km stretch in Nepal took us 7 hours.
On a day-to-day basis Suni was more than just our driver but was a guide and informant. For specific monuments or tourist attractions we were met by local guides and Suni seemed to know them all. We have huge respect for Payless Tours making complicated arrangements ahead of time, but it was Suni who navigated us proficiently day by day.  
On out last day in Delhi we had a different driver, Rohit, who is also an expert with the crazy traffic. To be fair, to us it seems chaotic, but for local drivers it is totally normal and they do have a system that seems to work. We had encountered Rohit once before as he had previously met us at the Nepal border. He was amazing and without his help we would have had serious problems navigating the immigration system.
In summary, we have nothing but praise for Tourradar and Payless Tours and highly recommend them for anyone considering visiting India.",https://cdn.tourradar.com/s3/review/original/462331_69a4e29c8f2e7.jpg,,,false,https://www.tourradar.com/t/118829,
462331,"Bestseller Tour India with Nepal, flight included",,Laurie Dexter,"https://images.unsplash.com/photo-1472099645785-5658abf4ff4e?w=1
  50&h=150&fit=crop",5,2026-03-02,We have just completed the private Tourradar Bestseller Tour India with Nepal with the local Payless Tours. After our initial enquiry we had a few que,"We have just completed the private Tourradar Bestseller Tour India with Nepal with the local Payless Tours. After our initial enquiry we had a few questions and requests for minor adjustments, and they were all dealt with promptly and expertly. The trip itself was organised brilliantly. 
Our driver, Sunil (Suni), was phenomenal in every way. Driving in India and Nepal is unlike anything we have experienced in all our travels with little care for rules of the road. A two-lane road often has three vehicles weaving in and out side by side plus tuk tuks and motorbikes. It is not uncommon to find vehicles and motorbikes coming towards you on the wrong side of the road. Having grown up with the system Suni is an expert in handling every situation.
One thing visitors need to be aware of is not to judge distances and driving times by western expectations. As an example, one 200 km stretch in Nepal took us 7 hours.
On a day-to-day basis Suni was more than just our driver but was a guide and informant. For specific monuments or tourist attractions we were met by local guides and Suni seemed to know them all. We have huge respect for Payless Tours making complicated arrangements ahead of time, but it was Suni who navigated us proficiently day by day.  
On out last day in Delhi we had a different driver, Rohit, who is also an expert with the crazy traffic. To be fair, to us it seems chaotic, but for local drivers it is totally normal and they do have a system that seems to work. We had encountered Rohit once before as he had previously met us at the Nepal border. He was amazing and without his help we would have had serious problems navigating the immigration system.
In summary, we have nothing but praise for Tourradar and Payless Tours and highly recommend them for anyone considering visiting India.",https://cdn.tourradar.com/s3/review/original/462331_69a4e29c8f2e8.jpg,,,false,https://www.tourradar.com/t/118829,
462331,"Bestseller Tour India with Nepal, flight included",,Laurie Dexter,"https://images.unsplash.com/photo-1472099645785-5658abf4ff4e?w=1
  50&h=150&fit=crop",5,2026-03-02,We have just completed the private Tourradar Bestseller Tour India with Nepal with the local Payless Tours. After our initial enquiry we had a few que,"We have just completed the private Tourradar Bestseller Tour India with Nepal with the local Payless Tours. After our initial enquiry we had a few questions and requests for minor adjustments, and they were all dealt with promptly and expertly. The trip itself was organised brilliantly. 
Our driver, Sunil (Suni), was phenomenal in every way. Driving in India and Nepal is unlike anything we have experienced in all our travels with little care for rules of the road. A two-lane road often has three vehicles weaving in and out side by side plus tuk tuks and motorbikes. It is not uncommon to find vehicles and motorbikes coming towards you on the wrong side of the road. Having grown up with the system Suni is an expert in handling every situation.
One thing visitors need to be aware of is not to judge distances and driving times by western expectations. As an example, one 200 km stretch in Nepal took us 7 hours.
On a day-to-day basis Suni was more than just our driver but was a guide and informant. For specific monuments or tourist attractions we were met by local guides and Suni seemed to know them all. We have huge respect for Payless Tours making complicated arrangements ahead of time, but it was Suni who navigated us proficiently day by day.  
On out last day in Delhi we had a different driver, Rohit, who is also an expert with the crazy traffic. To be fair, to us it seems chaotic, but for local drivers it is totally normal and they do have a system that seems to work. We had encountered Rohit once before as he had previously met us at the Nepal border. He was amazing and without his help we would have had serious problems navigating the immigration system.
In summary, we have nothing but praise for Tourradar and Payless Tours and highly recommend them for anyone considering visiting India.",https://cdn.tourradar.com/s3/review/original/462331_69a4e29c8f2e9.jpg,,,false,https://www.tourradar.com/t/118829,
462331,"Bestseller Tour India with Nepal, flight included",Jaipur,Laurie Dexter,"https://images.unsplash.com/photo-1472099645785-5658abf4ff4e?w=1
  50&h=150&fit=crop",5,2026-03-02,We have just completed the private Tourradar Bestseller Tour India with Nepal with the local Payless Tours. After our initial enquiry we had a few que,"We have just completed the private Tourradar Bestseller Tour India with Nepal with the local Payless Tours. After our initial enquiry we had a few questions and requests for minor adjustments, and they were all dealt with promptly and expertly. The trip itself was organised brilliantly. 
Our driver, Sunil (Suni), was phenomenal in every way. Driving in India and Nepal is unlike anything we have experienced in all our travels with little care for rules of the road. A two-lane road often has three vehicles weaving in and out side by side plus tuk tuks and motorbikes. It is not uncommon to find vehicles and motorbikes coming towards you on the wrong side of the road. Having grown up with the system Suni is an expert in handling every situation.
One thing visitors need to be aware of is not to judge distances and driving times by western expectations. As an example, one 200 km stretch in Nepal took us 7 hours.
On a day-to-day basis Suni was more than just our driver but was a guide and informant. For specific monuments or tourist attractions we were met by local guides and Suni seemed to know them all. We have huge respect for Payless Tours making complicated arrangements ahead of time, but it was Suni who navigated us proficiently day by day.  
On out last day in Delhi we had a different driver, Rohit, who is also an expert with the crazy traffic. To be fair, to us it seems chaotic, but for local drivers it is totally normal and they do have a system that seems to work. We had encountered Rohit once before as he had previously met us at the Nepal border. He was amazing and without his help we would have had serious problems navigating the immigration system.
In summary, we have nothing but praise for Tourradar and Payless Tours and highly recommend them for anyone considering visiting India.",https://cdn.tourradar.com/s3/review/original/462331_69a4e29c8f2ea.jpg,,,false,https://www.tourradar.com/t/118829,
462331,"Bestseller Tour India with Nepal, flight included",,Laurie Dexter,"https://images.unsplash.com/photo-1472099645785-5658abf4ff4e?w=1
  50&h=150&fit=crop",5,2026-03-02,We have just completed the private Tourradar Bestseller Tour India with Nepal with the local Payless Tours. After our initial enquiry we had a few que,"We have just completed the private Tourradar Bestseller Tour India with Nepal with the local Payless Tours. After our initial enquiry we had a few questions and requests for minor adjustments, and they were all dealt with promptly and expertly. The trip itself was organised brilliantly. 
Our driver, Sunil (Suni), was phenomenal in every way. Driving in India and Nepal is unlike anything we have experienced in all our travels with little care for rules of the road. A two-lane road often has three vehicles weaving in and out side by side plus tuk tuks and motorbikes. It is not uncommon to find vehicles and motorbikes coming towards you on the wrong side of the road. Having grown up with the system Suni is an expert in handling every situation.
One thing visitors need to be aware of is not to judge distances and driving times by western expectations. As an example, one 200 km stretch in Nepal took us 7 hours.
On a day-to-day basis Suni was more than just our driver but was a guide and informant. For specific monuments or tourist attractions we were met by local guides and Suni seemed to know them all. We have huge respect for Payless Tours making complicated arrangements ahead of time, but it was Suni who navigated us proficiently day by day.  
On out last day in Delhi we had a different driver, Rohit, who is also an expert with the crazy traffic. To be fair, to us it seems chaotic, but for local drivers it is totally normal and they do have a system that seems to work. We had encountered Rohit once before as he had previously met us at the Nepal border. He was amazing and without his help we would have had serious problems navigating the immigration system.
In summary, we have nothing but praise for Tourradar and Payless Tours and highly recommend them for anyone considering visiting India.",https://cdn.tourradar.com/s3/review/original/462331_69a4e29c8f2eb.jpg,,,false,https://www.tourradar.com/t/118829,
462331,"Bestseller Tour India with Nepal, flight included",,Laurie Dexter,"https://images.unsplash.com/photo-1472099645785-5658abf4ff4e?w=1
  50&h=150&fit=crop",5,2026-03-02,We have just completed the private Tourradar Bestseller Tour India with Nepal with the local Payless Tours. After our initial enquiry we had a few que,"We have just completed the private Tourradar Bestseller Tour India with Nepal with the local Payless Tours. After our initial enquiry we had a few questions and requests for minor adjustments, and they were all dealt with promptly and expertly. The trip itself was organised brilliantly. 
Our driver, Sunil (Suni), was phenomenal in every way. Driving in India and Nepal is unlike anything we have experienced in all our travels with little care for rules of the road. A two-lane road often has three vehicles weaving in and out side by side plus tuk tuks and motorbikes. It is not uncommon to find vehicles and motorbikes coming towards you on the wrong side of the road. Having grown up with the system Suni is an expert in handling every situation.
One thing visitors need to be aware of is not to judge distances and driving times by western expectations. As an example, one 200 km stretch in Nepal took us 7 hours.
On a day-to-day basis Suni was more than just our driver but was a guide and informant. For specific monuments or tourist attractions we were met by local guides and Suni seemed to know them all. We have huge respect for Payless Tours making complicated arrangements ahead of time, but it was Suni who navigated us proficiently day by day.  
On out last day in Delhi we had a different driver, Rohit, who is also an expert with the crazy traffic. To be fair, to us it seems chaotic, but for local drivers it is totally normal and they do have a system that seems to work. We had encountered Rohit once before as he had previously met us at the Nepal border. He was amazing and without his help we would have had serious problems navigating the immigration system.
In summary, we have nothing but praise for Tourradar and Payless Tours and highly recommend them for anyone considering visiting India.",https://cdn.tourradar.com/s3/review/original/462331_69a4e29c8f2ec.jpg,,,false,https://www.tourradar.com/t/118829,
462072,Majestic Vietnam Tour in 14 days,,yenari nguyen,"https://images.unsplash.com/photo-1472099645785-5658abf4ff4e?w=1
  50&h=150&fit=crop",5,2026-02-27,I booked this tour for my family when they plan to visit Vietnam.. I booked 14-Day Majestic Vietnam Tour because this tour is real in-depth culture an,"I booked this tour for my family when they plan to visit Vietnam.. I booked 14-Day Majestic Vietnam Tour because this tour is real in-depth culture and there are many things to explore in the beautiful country. 
My parent really enjoy and would be definitely come back Vietnam again. I highly recommend everyone to use Vietnam Allure Travel services managed by Vietnam Tour 247 Co., Ltd",https://cdn.tourradar.com/s3/review/original/462072_69a1f48bf3a65.jpg,,,false,https://www.tourradar.com/t/197636,
462072,Majestic Vietnam Tour in 14 days,,yenari nguyen,"https://images.unsplash.com/photo-1472099645785-5658abf4ff4e?w=1
  50&h=150&fit=crop",5,2026-02-27,I booked this tour for my family when they plan to visit Vietnam.. I booked 14-Day Majestic Vietnam Tour because this tour is real in-depth culture an,"I booked this tour for my family when they plan to visit Vietnam.. I booked 14-Day Majestic Vietnam Tour because this tour is real in-depth culture and there are many things to explore in the beautiful country. 
My parent really enjoy and would be definitely come back Vietnam again. I highly recommend everyone to use Vietnam Allure Travel services managed by Vietnam Tour 247 Co., Ltd",https://cdn.tourradar.com/s3/review/original/462072_69a1f48bf3a6a.jpg,,,false,https://www.tourradar.com/t/197636,
462037,Splendour Of Sri Lanka (7 Days) Upgrade to Private Tour Available,Mirissa,Julie  Tarpey ,"https://images.unsplash.com/photo-1472099645785-5658abf4ff4e?w=1
  50&h=150&fit=crop",5,2026-02-27,Loved this tour we saw so much and it was good that it was just us and not a group so we could go at our own pace and miss things we were not interest,Loved this tour we saw so much and it was good that it was just us and not a group so we could go at our own pace and miss things we were not interested in. Our guide Amira was very polite helpful and accommodating. The hotels quite basic but always got warm welcome and breakfasts were good. Sad to leave this beautiful Country,https://cdn.tourradar.com/s3/review/original/462037_69a1865e2d9e5.jpg,,,false,https://www.tourradar.com/t/111171,
462037,Splendour Of Sri Lanka (7 Days) Upgrade to Private Tour Available,Galle,Julie  Tarpey ,"https://images.unsplash.com/photo-1472099645785-5658abf4ff4e?w=1
  50&h=150&fit=crop",5,2026-02-27,Loved this tour we saw so much and it was good that it was just us and not a group so we could go at our own pace and miss things we were not interest,Loved this tour we saw so much and it was good that it was just us and not a group so we could go at our own pace and miss things we were not interested in. Our guide Amira was very polite helpful and accommodating. The hotels quite basic but always got warm welcome and breakfasts were good. Sad to leave this beautiful Country,https://cdn.tourradar.com/s3/review/original/462037_69a1865e2d9e9.jpg,,,false,https://www.tourradar.com/t/111171,
462037,Splendour Of Sri Lanka (7 Days) Upgrade to Private Tour Available,Mirissa,Julie  Tarpey ,"https://images.unsplash.com/photo-1472099645785-5658abf4ff4e?w=1
  50&h=150&fit=crop",5,2026-02-27,Loved this tour we saw so much and it was good that it was just us and not a group so we could go at our own pace and miss things we were not interest,Loved this tour we saw so much and it was good that it was just us and not a group so we could go at our own pace and miss things we were not interested in. Our guide Amira was very polite helpful and accommodating. The hotels quite basic but always got warm welcome and breakfasts were good. Sad to leave this beautiful Country,https://cdn.tourradar.com/s3/review/original/462037_69a1865e2d9ea.jpg,,,false,https://www.tourradar.com/t/111171,
462037,Splendour Of Sri Lanka (7 Days) Upgrade to Private Tour Available,Yala National Park,Julie  Tarpey ,"https://images.unsplash.com/photo-1472099645785-5658abf4ff4e?w=1
  50&h=150&fit=crop",5,2026-02-27,Loved this tour we saw so much and it was good that it was just us and not a group so we could go at our own pace and miss things we were not interest,Loved this tour we saw so much and it was good that it was just us and not a group so we could go at our own pace and miss things we were not interested in. Our guide Amira was very polite helpful and accommodating. The hotels quite basic but always got warm welcome and breakfasts were good. Sad to leave this beautiful Country,https://cdn.tourradar.com/s3/review/original/462037_69a1865e2d9eb.jpg,,,false,https://www.tourradar.com/t/111171,
462037,Splendour Of Sri Lanka (7 Days) Upgrade to Private Tour Available,Kandy,Julie  Tarpey ,"https://images.unsplash.com/photo-1472099645785-5658abf4ff4e?w=1
  50&h=150&fit=crop",5,2026-02-27,Loved this tour we saw so much and it was good that it was just us and not a group so we could go at our own pace and miss things we were not interest,Loved this tour we saw so much and it was good that it was just us and not a group so we could go at our own pace and miss things we were not interested in. Our guide Amira was very polite helpful and accommodating. The hotels quite basic but always got warm welcome and breakfasts were good. Sad to leave this beautiful Country,https://cdn.tourradar.com/s3/review/original/462037_69a1865e2d9ec.jpg,,,false,https://www.tourradar.com/t/111171,
462037,Splendour Of Sri Lanka (7 Days) Upgrade to Private Tour Available,Ella,Julie  Tarpey ,"https://images.unsplash.com/photo-1472099645785-5658abf4ff4e?w=1
  50&h=150&fit=crop",5,2026-02-27,Loved this tour we saw so much and it was good that it was just us and not a group so we could go at our own pace and miss things we were not interest,Loved this tour we saw so much and it was good that it was just us and not a group so we could go at our own pace and miss things we were not interested in. Our guide Amira was very polite helpful and accommodating. The hotels quite basic but always got warm welcome and breakfasts were good. Sad to leave this beautiful Country,https://cdn.tourradar.com/s3/review/original/462037_69a1865e2d9ed.jpg,,,false,https://www.tourradar.com/t/111171,
462037,Splendour Of Sri Lanka (7 Days) Upgrade to Private Tour Available,Ella,Julie  Tarpey ,"https://images.unsplash.com/photo-1472099645785-5658abf4ff4e?w=1
  50&h=150&fit=crop",5,2026-02-27,Loved this tour we saw so much and it was good that it was just us and not a group so we could go at our own pace and miss things we were not interest,Loved this tour we saw so much and it was good that it was just us and not a group so we could go at our own pace and miss things we were not interested in. Our guide Amira was very polite helpful and accommodating. The hotels quite basic but always got warm welcome and breakfasts were good. Sad to leave this beautiful Country,https://cdn.tourradar.com/s3/review/original/462037_69a1865e2d9ee.jpg,,,false,https://www.tourradar.com/t/111171,
462037,Splendour Of Sri Lanka (7 Days) Upgrade to Private Tour Available,Nuwara Eliya,Julie  Tarpey ,"https://images.unsplash.com/photo-1472099645785-5658abf4ff4e?w=1
  50&h=150&fit=crop",5,2026-02-27,Loved this tour we saw so much and it was good that it was just us and not a group so we could go at our own pace and miss things we were not interest,Loved this tour we saw so much and it was good that it was just us and not a group so we could go at our own pace and miss things we were not interested in. Our guide Amira was very polite helpful and accommodating. The hotels quite basic but always got warm welcome and breakfasts were good. Sad to leave this beautiful Country,https://cdn.tourradar.com/s3/review/original/462037_69a1865e2d9ef.jpg,,,false,https://www.tourradar.com/t/111171,
462037,Splendour Of Sri Lanka (7 Days) Upgrade to Private Tour Available,Sigiriya,Julie  Tarpey ,"https://images.unsplash.com/photo-1472099645785-5658abf4ff4e?w=1
  50&h=150&fit=crop",5,2026-02-27,Loved this tour we saw so much and it was good that it was just us and not a group so we could go at our own pace and miss things we were not interest,Loved this tour we saw so much and it was good that it was just us and not a group so we could go at our own pace and miss things we were not interested in. Our guide Amira was very polite helpful and accommodating. The hotels quite basic but always got warm welcome and breakfasts were good. Sad to leave this beautiful Country,https://cdn.tourradar.com/s3/review/original/462037_69a1865e2d9f0.jpg,,,false,https://www.tourradar.com/t/111171,
462037,Splendour Of Sri Lanka (7 Days) Upgrade to Private Tour Available,Sigiriya,Julie  Tarpey ,"https://images.unsplash.com/photo-1472099645785-5658abf4ff4e?w=1
  50&h=150&fit=crop",5,2026-02-27,Loved this tour we saw so much and it was good that it was just us and not a group so we could go at our own pace and miss things we were not interest,Loved this tour we saw so much and it was good that it was just us and not a group so we could go at our own pace and miss things we were not interested in. Our guide Amira was very polite helpful and accommodating. The hotels quite basic but always got warm welcome and breakfasts were good. Sad to leave this beautiful Country,https://cdn.tourradar.com/s3/review/original/462037_69a1865e2d9f1.jpg,,,false,https://www.tourradar.com/t/111171,
462037,Splendour Of Sri Lanka (7 Days) Upgrade to Private Tour Available,Ella,Julie  Tarpey ,"https://images.unsplash.com/photo-1472099645785-5658abf4ff4e?w=1
  50&h=150&fit=crop",5,2026-02-27,Loved this tour we saw so much and it was good that it was just us and not a group so we could go at our own pace and miss things we were not interest,Loved this tour we saw so much and it was good that it was just us and not a group so we could go at our own pace and miss things we were not interested in. Our guide Amira was very polite helpful and accommodating. The hotels quite basic but always got warm welcome and breakfasts were good. Sad to leave this beautiful Country,https://cdn.tourradar.com/s3/review/original/462037_69a1865e2d9f2.jpg,,,false,https://www.tourradar.com/t/111171,
461979,Pharaohs Nile Cruise Adventure - Grand GEM Visit – Return Flights Included,Giza,Jaroslaw K.P.,"https://images.unsplash.com/photo-1472099645785-5658abf4ff4e?w=1
  50&h=150&fit=crop",5,2026-02-26,Tour is excellent. You will see all things in Egypt that you have to. Our guide Saladino was amazing. He made us feel like at home and he took well ca,"Tour is excellent. You will see all things in Egypt that you have to. Our guide Saladino was amazing. He made us feel like at home and he took well care of of us. All is organized with a Swiss precision. Be prepared for early wake ups, 6.00 AM is a norm.

Information on website should include additional details on the entrance fees and tips. Be prepared to spend some 20% of the trip price.",https://cdn.tourradar.com/s3/review/original/461979_69a088f83825e.jpg,,,false,https://www.tourradar.com/t/111022,
461979,Pharaohs Nile Cruise Adventure - Grand GEM Visit – Return Flights Included,Luxor,Jaroslaw K.P.,"https://images.unsplash.com/photo-1472099645785-5658abf4ff4e?w=1
  50&h=150&fit=crop",5,2026-02-26,Tour is excellent. You will see all things in Egypt that you have to. Our guide Saladino was amazing. He made us feel like at home and he took well ca,"Tour is excellent. You will see all things in Egypt that you have to. Our guide Saladino was amazing. He made us feel like at home and he took well care of of us. All is organized with a Swiss precision. Be prepared for early wake ups, 6.00 AM is a norm.

Information on website should include additional details on the entrance fees and tips. Be prepared to spend some 20% of the trip price.",https://cdn.tourradar.com/s3/review/original/461979_69a088f838262.jpg,,,false,https://www.tourradar.com/t/111022,
461979,Pharaohs Nile Cruise Adventure - Grand GEM Visit – Return Flights Included,Luxor,Jaroslaw K.P.,"https://images.unsplash.com/photo-1472099645785-5658abf4ff4e?w=1
  50&h=150&fit=crop",5,2026-02-26,Tour is excellent. You will see all things in Egypt that you have to. Our guide Saladino was amazing. He made us feel like at home and he took well ca,"Tour is excellent. You will see all things in Egypt that you have to. Our guide Saladino was amazing. He made us feel like at home and he took well care of of us. All is organized with a Swiss precision. Be prepared for early wake ups, 6.00 AM is a norm.

Information on website should include additional details on the entrance fees and tips. Be prepared to spend some 20% of the trip price.",https://cdn.tourradar.com/s3/review/original/461979_69a088f838263.jpg,,,false,https://www.tourradar.com/t/111022,
461979,Pharaohs Nile Cruise Adventure - Grand GEM Visit – Return Flights Included,Giza,Jaroslaw K.P.,"https://images.unsplash.com/photo-1472099645785-5658abf4ff4e?w=1
  50&h=150&fit=crop",5,2026-02-26,Tour is excellent. You will see all things in Egypt that you have to. Our guide Saladino was amazing. He made us feel like at home and he took well ca,"Tour is excellent. You will see all things in Egypt that you have to. Our guide Saladino was amazing. He made us feel like at home and he took well care of of us. All is organized with a Swiss precision. Be prepared for early wake ups, 6.00 AM is a norm.

Information on website should include additional details on the entrance fees and tips. Be prepared to spend some 20% of the trip price.",https://cdn.tourradar.com/s3/review/original/461979_69a088f838264.jpg,,,false,https://www.tourradar.com/t/111022,
461979,Pharaohs Nile Cruise Adventure - Grand GEM Visit – Return Flights Included,Luxor,Jaroslaw K.P.,"https://images.unsplash.com/photo-1472099645785-5658abf4ff4e?w=1
  50&h=150&fit=crop",5,2026-02-26,Tour is excellent. You will see all things in Egypt that you have to. Our guide Saladino was amazing. He made us feel like at home and he took well ca,"Tour is excellent. You will see all things in Egypt that you have to. Our guide Saladino was amazing. He made us feel like at home and he took well care of of us. All is organized with a Swiss precision. Be prepared for early wake ups, 6.00 AM is a norm.

Information on website should include additional details on the entrance fees and tips. Be prepared to spend some 20% of the trip price.",https://cdn.tourradar.com/s3/review/original/461979_69a088f838265.jpg,,,false,https://www.tourradar.com/t/111022,
461932,Egypt Luxury Guided Tour W/Nile Cruise & Air 5*,Aswan,Branko Hutar,"https://images.unsplash.com/photo-1472099645785-5658abf4ff4e?w=1
  50&h=150&fit=crop",5,2026-02-26,Čimprej doživeti Truly. Videli smo veliko .,Čimprej doživeti Truly. Videli smo veliko .,https://cdn.tourradar.com/s3/review/original/461932_69a01ffd93b1f.jpg,,,false,https://www.tourradar.com/t/127638,
461932,Egypt Luxury Guided Tour W/Nile Cruise & Air 5*,Aswan,Branko Hutar,"https://images.unsplash.com/photo-1472099645785-5658abf4ff4e?w=1
  50&h=150&fit=crop",5,2026-02-26,Čimprej doživeti Truly. Videli smo veliko .,Čimprej doživeti Truly. Videli smo veliko .,https://cdn.tourradar.com/s3/review/original/461932_69a01ffd93b23.jpg,,,false,https://www.tourradar.com/t/127638,
461932,Egypt Luxury Guided Tour W/Nile Cruise & Air 5*,Philae,Branko Hutar,"https://images.unsplash.com/photo-1472099645785-5658abf4ff4e?w=1
  50&h=150&fit=crop",5,2026-02-26,Čimprej doživeti Truly. Videli smo veliko .,Čimprej doživeti Truly. Videli smo veliko .,https://cdn.tourradar.com/s3/review/original/461932_69a01ffd93b24.jpg,,,false,https://www.tourradar.com/t/127638,
461897,6 Days Nepal Tour,Kathmandu,Laurent  Fromont ,"https://images.unsplash.com/photo-1472099645785-5658abf4ff4e?w=1
  50&h=150&fit=crop",5,2026-02-26,Incredible tout! Mix of adventure and culture! Kathmandu such a beautiful city and the safari incredible… Nepal people really nice and the food outsta,"Incredible tout! Mix of adventure and culture! Kathmandu such a beautiful city and the safari incredible… Nepal people really nice and the food outstanding… our Driver Robin great and really nice…the same with our guide in Kathmandu and Chitwan… I really recommend it, also for kids we were with a 5 year old who loved it",https://cdn.tourradar.com/s3/review/original/461897_699fdeb2e3cd5.jpg,,,false,https://www.tourradar.com/t/214315,
461897,6 Days Nepal Tour,Chitwan National Park,Laurent  Fromont ,"https://images.unsplash.com/photo-1472099645785-5658abf4ff4e?w=1
  50&h=150&fit=crop",5,2026-02-26,Incredible tout! Mix of adventure and culture! Kathmandu such a beautiful city and the safari incredible… Nepal people really nice and the food outsta,"Incredible tout! Mix of adventure and culture! Kathmandu such a beautiful city and the safari incredible… Nepal people really nice and the food outstanding… our Driver Robin great and really nice…the same with our guide in Kathmandu and Chitwan… I really recommend it, also for kids we were with a 5 year old who loved it",https://cdn.tourradar.com/s3/review/original/461897_699fdeb2e3cd9.jpg,,,false,https://www.tourradar.com/t/214315,
461897,6 Days Nepal Tour,Kathmandu,Laurent  Fromont ,"https://images.unsplash.com/photo-1472099645785-5658abf4ff4e?w=1
  50&h=150&fit=crop",5,2026-02-26,Incredible tout! Mix of adventure and culture! Kathmandu such a beautiful city and the safari incredible… Nepal people really nice and the food outsta,"Incredible tout! Mix of adventure and culture! Kathmandu such a beautiful city and the safari incredible… Nepal people really nice and the food outstanding… our Driver Robin great and really nice…the same with our guide in Kathmandu and Chitwan… I really recommend it, also for kids we were with a 5 year old who loved it",https://cdn.tourradar.com/s3/review/original/461897_699fdeb2e3cda.jpg,,,false,https://www.tourradar.com/t/214315,
461897,6 Days Nepal Tour,Kathmandu,Laurent  Fromont ,"https://images.unsplash.com/photo-1472099645785-5658abf4ff4e?w=1
  50&h=150&fit=crop",5,2026-02-26,Incredible tout! Mix of adventure and culture! Kathmandu such a beautiful city and the safari incredible… Nepal people really nice and the food outsta,"Incredible tout! Mix of adventure and culture! Kathmandu such a beautiful city and the safari incredible… Nepal people really nice and the food outstanding… our Driver Robin great and really nice…the same with our guide in Kathmandu and Chitwan… I really recommend it, also for kids we were with a 5 year old who loved it",https://cdn.tourradar.com/s3/review/original/461897_699fdeb2e3cdb.jpg,,,false,https://www.tourradar.com/t/214315,
461897,6 Days Nepal Tour,Kathmandu,Laurent  Fromont ,"https://images.unsplash.com/photo-1472099645785-5658abf4ff4e?w=1
  50&h=150&fit=crop",5,2026-02-26,Incredible tout! Mix of adventure and culture! Kathmandu such a beautiful city and the safari incredible… Nepal people really nice and the food outsta,"Incredible tout! Mix of adventure and culture! Kathmandu such a beautiful city and the safari incredible… Nepal people really nice and the food outstanding… our Driver Robin great and really nice…the same with our guide in Kathmandu and Chitwan… I really recommend it, also for kids we were with a 5 year old who loved it",https://cdn.tourradar.com/s3/review/original/461897_699fdeb2e3cdc.jpg,,,false,https://www.tourradar.com/t/214315,
461897,6 Days Nepal Tour,Kathmandu,Laurent  Fromont ,"https://images.unsplash.com/photo-1472099645785-5658abf4ff4e?w=1
  50&h=150&fit=crop",5,2026-02-26,Incredible tout! Mix of adventure and culture! Kathmandu such a beautiful city and the safari incredible… Nepal people really nice and the food outsta,"Incredible tout! Mix of adventure and culture! Kathmandu such a beautiful city and the safari incredible… Nepal people really nice and the food outstanding… our Driver Robin great and really nice…the same with our guide in Kathmandu and Chitwan… I really recommend it, also for kids we were with a 5 year old who loved it",https://cdn.tourradar.com/s3/review/original/461897_699fdeb2e3cdd.jpg,,,false,https://www.tourradar.com/t/214315,
461897,6 Days Nepal Tour,Kathmandu,Laurent  Fromont ,"https://images.unsplash.com/photo-1472099645785-5658abf4ff4e?w=1
  50&h=150&fit=crop",5,2026-02-26,Incredible tout! Mix of adventure and culture! Kathmandu such a beautiful city and the safari incredible… Nepal people really nice and the food outsta,"Incredible tout! Mix of adventure and culture! Kathmandu such a beautiful city and the safari incredible… Nepal people really nice and the food outstanding… our Driver Robin great and really nice…the same with our guide in Kathmandu and Chitwan… I really recommend it, also for kids we were with a 5 year old who loved it",https://cdn.tourradar.com/s3/review/original/461897_699fdeb2e3cde.jpg,,,false,https://www.tourradar.com/t/214315,
461897,6 Days Nepal Tour,Kathmandu,Laurent  Fromont ,"https://images.unsplash.com/photo-1472099645785-5658abf4ff4e?w=1
  50&h=150&fit=crop",5,2026-02-26,Incredible tout! Mix of adventure and culture! Kathmandu such a beautiful city and the safari incredible… Nepal people really nice and the food outsta,"Incredible tout! Mix of adventure and culture! Kathmandu such a beautiful city and the safari incredible… Nepal people really nice and the food outstanding… our Driver Robin great and really nice…the same with our guide in Kathmandu and Chitwan… I really recommend it, also for kids we were with a 5 year old who loved it",https://cdn.tourradar.com/s3/review/original/461897_699fdeb2e3cdf.jpg,,,false,https://www.tourradar.com/t/214315,
461897,6 Days Nepal Tour,Kathmandu,Laurent  Fromont ,"https://images.unsplash.com/photo-1472099645785-5658abf4ff4e?w=1
  50&h=150&fit=crop",5,2026-02-26,Incredible tout! Mix of adventure and culture! Kathmandu such a beautiful city and the safari incredible… Nepal people really nice and the food outsta,"Incredible tout! Mix of adventure and culture! Kathmandu such a beautiful city and the safari incredible… Nepal people really nice and the food outstanding… our Driver Robin great and really nice…the same with our guide in Kathmandu and Chitwan… I really recommend it, also for kids we were with a 5 year old who loved it",https://cdn.tourradar.com/s3/review/original/461897_699fdeb2e3ce0.jpg,,,false,https://www.tourradar.com/t/214315,
461897,6 Days Nepal Tour,Kathmandu,Laurent  Fromont ,"https://images.unsplash.com/photo-1472099645785-5658abf4ff4e?w=1
  50&h=150&fit=crop",5,2026-02-26,Incredible tout! Mix of adventure and culture! Kathmandu such a beautiful city and the safari incredible… Nepal people really nice and the food outsta,"Incredible tout! Mix of adventure and culture! Kathmandu such a beautiful city and the safari incredible… Nepal people really nice and the food outstanding… our Driver Robin great and really nice…the same with our guide in Kathmandu and Chitwan… I really recommend it, also for kids we were with a 5 year old who loved it",https://cdn.tourradar.com/s3/review/original/461897_699fdeb2e3ce1.jpg,,,false,https://www.tourradar.com/t/214315,
461897,6 Days Nepal Tour,Kathmandu,Laurent  Fromont ,"https://images.unsplash.com/photo-1472099645785-5658abf4ff4e?w=1
  50&h=150&fit=crop",5,2026-02-26,Incredible tout! Mix of adventure and culture! Kathmandu such a beautiful city and the safari incredible… Nepal people really nice and the food outsta,"Incredible tout! Mix of adventure and culture! Kathmandu such a beautiful city and the safari incredible… Nepal people really nice and the food outstanding… our Driver Robin great and really nice…the same with our guide in Kathmandu and Chitwan… I really recommend it, also for kids we were with a 5 year old who loved it",https://cdn.tourradar.com/s3/review/original/461897_699fdeb2e3ce2.jpg,,,false,https://www.tourradar.com/t/214315,
461877,8 Days Private Golden Triangle Tour India with Taj Mahal & Ranthambore National Park Safari + Udaipur,Agra,Julia Pirani,"https://images.unsplash.com/photo-1472099645785-5658abf4ff4e?w=1
  50&h=150&fit=crop",5,2026-02-26,My vacation was well planned and it was customized to add an additional destination: Amritsar. This was my first visit to India and having a driver wh,"My vacation was well planned and it was customized to add an additional destination: Amritsar. This was my first visit to India and having a driver who helped us navigate Delhi, Agra, Jaipur and more was invaluable, especially traveling as a woman. I saw amazing architecture and took in the sights and smells of India. I chose 4 star hotels, which I might choose 5 star next time. Highlights: the hotel I stayed near Ranthambore National Park was charming and monumental, just like the two tigers we saw. Undoubtedly because so many people wished us luck. Mr Saied was warm and provided a great history for us in Agra and finally, our rickshaw through the market in Delhi was heart-stopping, in a good way. When I expressed a need, Coxan Tours provided what was asked. I would recommend you let them plan your trip.",https://cdn.tourradar.com/s3/review/original/461877_699f879ea4252.jpg,,,false,https://www.tourradar.com/t/341567,
461877,8 Days Private Golden Triangle Tour India with Taj Mahal & Ranthambore National Park Safari + Udaipur,Taj Mahal,Julia Pirani,"https://images.unsplash.com/photo-1472099645785-5658abf4ff4e?w=1
  50&h=150&fit=crop",5,2026-02-26,My vacation was well planned and it was customized to add an additional destination: Amritsar. This was my first visit to India and having a driver wh,"My vacation was well planned and it was customized to add an additional destination: Amritsar. This was my first visit to India and having a driver who helped us navigate Delhi, Agra, Jaipur and more was invaluable, especially traveling as a woman. I saw amazing architecture and took in the sights and smells of India. I chose 4 star hotels, which I might choose 5 star next time. Highlights: the hotel I stayed near Ranthambore National Park was charming and monumental, just like the two tigers we saw. Undoubtedly because so many people wished us luck. Mr Saied was warm and provided a great history for us in Agra and finally, our rickshaw through the market in Delhi was heart-stopping, in a good way. When I expressed a need, Coxan Tours provided what was asked. I would recommend you let them plan your trip.",https://cdn.tourradar.com/s3/review/original/461877_699f879ea425a.jpg,,,false,https://www.tourradar.com/t/341567,
461877,8 Days Private Golden Triangle Tour India with Taj Mahal & Ranthambore National Park Safari + Udaipur,Taj Mahal,Julia Pirani,"https://images.unsplash.com/photo-1472099645785-5658abf4ff4e?w=1
  50&h=150&fit=crop",5,2026-02-26,My vacation was well planned and it was customized to add an additional destination: Amritsar. This was my first visit to India and having a driver wh,"My vacation was well planned and it was customized to add an additional destination: Amritsar. This was my first visit to India and having a driver who helped us navigate Delhi, Agra, Jaipur and more was invaluable, especially traveling as a woman. I saw amazing architecture and took in the sights and smells of India. I chose 4 star hotels, which I might choose 5 star next time. Highlights: the hotel I stayed near Ranthambore National Park was charming and monumental, just like the two tigers we saw. Undoubtedly because so many people wished us luck. Mr Saied was warm and provided a great history for us in Agra and finally, our rickshaw through the market in Delhi was heart-stopping, in a good way. When I expressed a need, Coxan Tours provided what was asked. I would recommend you let them plan your trip.",https://cdn.tourradar.com/s3/review/original/461877_699f879ea425c.jpg,,,false,https://www.tourradar.com/t/341567,
461877,8 Days Private Golden Triangle Tour India with Taj Mahal & Ranthambore National Park Safari + Udaipur,Agra,Julia Pirani,"https://images.unsplash.com/photo-1472099645785-5658abf4ff4e?w=1
  50&h=150&fit=crop",5,2026-02-26,My vacation was well planned and it was customized to add an additional destination: Amritsar. This was my first visit to India and having a driver wh,"My vacation was well planned and it was customized to add an additional destination: Amritsar. This was my first visit to India and having a driver who helped us navigate Delhi, Agra, Jaipur and more was invaluable, especially traveling as a woman. I saw amazing architecture and took in the sights and smells of India. I chose 4 star hotels, which I might choose 5 star next time. Highlights: the hotel I stayed near Ranthambore National Park was charming and monumental, just like the two tigers we saw. Undoubtedly because so many people wished us luck. Mr Saied was warm and provided a great history for us in Agra and finally, our rickshaw through the market in Delhi was heart-stopping, in a good way. When I expressed a need, Coxan Tours provided what was asked. I would recommend you let them plan your trip.",https://cdn.tourradar.com/s3/review/original/461877_699f879ea425d.jpg,,,false,https://www.tourradar.com/t/341567,
461877,8 Days Private Golden Triangle Tour India with Taj Mahal & Ranthambore National Park Safari + Udaipur,,Julia Pirani,"https://images.unsplash.com/photo-1472099645785-5658abf4ff4e?w=1
  50&h=150&fit=crop",5,2026-02-26,My vacation was well planned and it was customized to add an additional destination: Amritsar. This was my first visit to India and having a driver wh,"My vacation was well planned and it was customized to add an additional destination: Amritsar. This was my first visit to India and having a driver who helped us navigate Delhi, Agra, Jaipur and more was invaluable, especially traveling as a woman. I saw amazing architecture and took in the sights and smells of India. I chose 4 star hotels, which I might choose 5 star next time. Highlights: the hotel I stayed near Ranthambore National Park was charming and monumental, just like the two tigers we saw. Undoubtedly because so many people wished us luck. Mr Saied was warm and provided a great history for us in Agra and finally, our rickshaw through the market in Delhi was heart-stopping, in a good way. When I expressed a need, Coxan Tours provided what was asked. I would recommend you let them plan your trip.",https://cdn.tourradar.com/s3/review/original/461877_699f879ea425f.jpg,,,false,https://www.tourradar.com/t/341567,
461877,8 Days Private Golden Triangle Tour India with Taj Mahal & Ranthambore National Park Safari + Udaipur,Jaipur,Julia Pirani,"https://images.unsplash.com/photo-1472099645785-5658abf4ff4e?w=1
  50&h=150&fit=crop",5,2026-02-26,My vacation was well planned and it was customized to add an additional destination: Amritsar. This was my first visit to India and having a driver wh,"My vacation was well planned and it was customized to add an additional destination: Amritsar. This was my first visit to India and having a driver who helped us navigate Delhi, Agra, Jaipur and more was invaluable, especially traveling as a woman. I saw amazing architecture and took in the sights and smells of India. I chose 4 star hotels, which I might choose 5 star next time. Highlights: the hotel I stayed near Ranthambore National Park was charming and monumental, just like the two tigers we saw. Undoubtedly because so many people wished us luck. Mr Saied was warm and provided a great history for us in Agra and finally, our rickshaw through the market in Delhi was heart-stopping, in a good way. When I expressed a need, Coxan Tours provided what was asked. I would recommend you let them plan your trip.",https://cdn.tourradar.com/s3/review/original/461877_699f879ea4260.jpg,,,false,https://www.tourradar.com/t/341567,
461877,8 Days Private Golden Triangle Tour India with Taj Mahal & Ranthambore National Park Safari + Udaipur,Jaipur,Julia Pirani,"https://images.unsplash.com/photo-1472099645785-5658abf4ff4e?w=1
  50&h=150&fit=crop",5,2026-02-26,My vacation was well planned and it was customized to add an additional destination: Amritsar. This was my first visit to India and having a driver wh,"My vacation was well planned and it was customized to add an additional destination: Amritsar. This was my first visit to India and having a driver who helped us navigate Delhi, Agra, Jaipur and more was invaluable, especially traveling as a woman. I saw amazing architecture and took in the sights and smells of India. I chose 4 star hotels, which I might choose 5 star next time. Highlights: the hotel I stayed near Ranthambore National Park was charming and monumental, just like the two tigers we saw. Undoubtedly because so many people wished us luck. Mr Saied was warm and provided a great history for us in Agra and finally, our rickshaw through the market in Delhi was heart-stopping, in a good way. When I expressed a need, Coxan Tours provided what was asked. I would recommend you let them plan your trip.",https://cdn.tourradar.com/s3/review/original/461877_699f879ea4261.jpg,,,false,https://www.tourradar.com/t/341567,
461877,8 Days Private Golden Triangle Tour India with Taj Mahal & Ranthambore National Park Safari + Udaipur,Delhi,Julia Pirani,"https://images.unsplash.com/photo-1472099645785-5658abf4ff4e?w=1
  50&h=150&fit=crop",5,2026-02-26,My vacation was well planned and it was customized to add an additional destination: Amritsar. This was my first visit to India and having a driver wh,"My vacation was well planned and it was customized to add an additional destination: Amritsar. This was my first visit to India and having a driver who helped us navigate Delhi, Agra, Jaipur and more was invaluable, especially traveling as a woman. I saw amazing architecture and took in the sights and smells of India. I chose 4 star hotels, which I might choose 5 star next time. Highlights: the hotel I stayed near Ranthambore National Park was charming and monumental, just like the two tigers we saw. Undoubtedly because so many people wished us luck. Mr Saied was warm and provided a great history for us in Agra and finally, our rickshaw through the market in Delhi was heart-stopping, in a good way. When I expressed a need, Coxan Tours provided what was asked. I would recommend you let them plan your trip.",https://cdn.tourradar.com/s3/review/original/461877_699f879ea4263.jpg,,,false,https://www.tourradar.com/t/341567,
461877,8 Days Private Golden Triangle Tour India with Taj Mahal & Ranthambore National Park Safari + Udaipur,New Delhi,Julia Pirani,"https://images.unsplash.com/photo-1472099645785-5658abf4ff4e?w=1
  50&h=150&fit=crop",5,2026-02-26,My vacation was well planned and it was customized to add an additional destination: Amritsar. This was my first visit to India and having a driver wh,"My vacation was well planned and it was customized to add an additional destination: Amritsar. This was my first visit to India and having a driver who helped us navigate Delhi, Agra, Jaipur and more was invaluable, especially traveling as a woman. I saw amazing architecture and took in the sights and smells of India. I chose 4 star hotels, which I might choose 5 star next time. Highlights: the hotel I stayed near Ranthambore National Park was charming and monumental, just like the two tigers we saw. Undoubtedly because so many people wished us luck. Mr Saied was warm and provided a great history for us in Agra and finally, our rickshaw through the market in Delhi was heart-stopping, in a good way. When I expressed a need, Coxan Tours provided what was asked. I would recommend you let them plan your trip.",https://cdn.tourradar.com/s3/review/original/461877_699f879ea4264.jpg,,,false,https://www.tourradar.com/t/341567,
461877,8 Days Private Golden Triangle Tour India with Taj Mahal & Ranthambore National Park Safari + Udaipur,New Delhi,Julia Pirani,"https://images.unsplash.com/photo-1472099645785-5658abf4ff4e?w=1
  50&h=150&fit=crop",5,2026-02-26,My vacation was well planned and it was customized to add an additional destination: Amritsar. This was my first visit to India and having a driver wh,"My vacation was well planned and it was customized to add an additional destination: Amritsar. This was my first visit to India and having a driver who helped us navigate Delhi, Agra, Jaipur and more was invaluable, especially traveling as a woman. I saw amazing architecture and took in the sights and smells of India. I chose 4 star hotels, which I might choose 5 star next time. Highlights: the hotel I stayed near Ranthambore National Park was charming and monumental, just like the two tigers we saw. Undoubtedly because so many people wished us luck. Mr Saied was warm and provided a great history for us in Agra and finally, our rickshaw through the market in Delhi was heart-stopping, in a good way. When I expressed a need, Coxan Tours provided what was asked. I would recommend you let them plan your trip.",https://cdn.tourradar.com/s3/review/original/461877_699f879ea4265.jpg,,,false,https://www.tourradar.com/t/341567,
461877,8 Days Private Golden Triangle Tour India with Taj Mahal & Ranthambore National Park Safari + Udaipur,Agra,Julia Pirani,"https://images.unsplash.com/photo-1472099645785-5658abf4ff4e?w=1
  50&h=150&fit=crop",5,2026-02-26,My vacation was well planned and it was customized to add an additional destination: Amritsar. This was my first visit to India and having a driver wh,"My vacation was well planned and it was customized to add an additional destination: Amritsar. This was my first visit to India and having a driver who helped us navigate Delhi, Agra, Jaipur and more was invaluable, especially traveling as a woman. I saw amazing architecture and took in the sights and smells of India. I chose 4 star hotels, which I might choose 5 star next time. Highlights: the hotel I stayed near Ranthambore National Park was charming and monumental, just like the two tigers we saw. Undoubtedly because so many people wished us luck. Mr Saied was warm and provided a great history for us in Agra and finally, our rickshaw through the market in Delhi was heart-stopping, in a good way. When I expressed a need, Coxan Tours provided what was asked. I would recommend you let them plan your trip.",https://cdn.tourradar.com/s3/review/original/461877_699f87be00335.jpg,,,false,https://www.tourradar.com/t/341567,
461877,8 Days Private Golden Triangle Tour India with Taj Mahal & Ranthambore National Park Safari + Udaipur,Taj Mahal,Julia Pirani,"https://images.unsplash.com/photo-1472099645785-5658abf4ff4e?w=1
  50&h=150&fit=crop",5,2026-02-26,My vacation was well planned and it was customized to add an additional destination: Amritsar. This was my first visit to India and having a driver wh,"My vacation was well planned and it was customized to add an additional destination: Amritsar. This was my first visit to India and having a driver who helped us navigate Delhi, Agra, Jaipur and more was invaluable, especially traveling as a woman. I saw amazing architecture and took in the sights and smells of India. I chose 4 star hotels, which I might choose 5 star next time. Highlights: the hotel I stayed near Ranthambore National Park was charming and monumental, just like the two tigers we saw. Undoubtedly because so many people wished us luck. Mr Saied was warm and provided a great history for us in Agra and finally, our rickshaw through the market in Delhi was heart-stopping, in a good way. When I expressed a need, Coxan Tours provided what was asked. I would recommend you let them plan your trip.",https://cdn.tourradar.com/s3/review/original/461877_699f87be0033a.jpg,,,false,https://www.tourradar.com/t/341567,
461877,8 Days Private Golden Triangle Tour India with Taj Mahal & Ranthambore National Park Safari + Udaipur,Taj Mahal,Julia Pirani,"https://images.unsplash.com/photo-1472099645785-5658abf4ff4e?w=1
  50&h=150&fit=crop",5,2026-02-26,My vacation was well planned and it was customized to add an additional destination: Amritsar. This was my first visit to India and having a driver wh,"My vacation was well planned and it was customized to add an additional destination: Amritsar. This was my first visit to India and having a driver who helped us navigate Delhi, Agra, Jaipur and more was invaluable, especially traveling as a woman. I saw amazing architecture and took in the sights and smells of India. I chose 4 star hotels, which I might choose 5 star next time. Highlights: the hotel I stayed near Ranthambore National Park was charming and monumental, just like the two tigers we saw. Undoubtedly because so many people wished us luck. Mr Saied was warm and provided a great history for us in Agra and finally, our rickshaw through the market in Delhi was heart-stopping, in a good way. When I expressed a need, Coxan Tours provided what was asked. I would recommend you let them plan your trip.",https://cdn.tourradar.com/s3/review/original/461877_699f87be0033b.jpg,,,false,https://www.tourradar.com/t/341567,
461877,8 Days Private Golden Triangle Tour India with Taj Mahal & Ranthambore National Park Safari + Udaipur,Agra,Julia Pirani,"https://images.unsplash.com/photo-1472099645785-5658abf4ff4e?w=1
  50&h=150&fit=crop",5,2026-02-26,My vacation was well planned and it was customized to add an additional destination: Amritsar. This was my first visit to India and having a driver wh,"My vacation was well planned and it was customized to add an additional destination: Amritsar. This was my first visit to India and having a driver who helped us navigate Delhi, Agra, Jaipur and more was invaluable, especially traveling as a woman. I saw amazing architecture and took in the sights and smells of India. I chose 4 star hotels, which I might choose 5 star next time. Highlights: the hotel I stayed near Ranthambore National Park was charming and monumental, just like the two tigers we saw. Undoubtedly because so many people wished us luck. Mr Saied was warm and provided a great history for us in Agra and finally, our rickshaw through the market in Delhi was heart-stopping, in a good way. When I expressed a need, Coxan Tours provided what was asked. I would recommend you let them plan your trip.",https://cdn.tourradar.com/s3/review/original/461877_699f87be0033c.jpg,,,false,https://www.tourradar.com/t/341567,
461877,8 Days Private Golden Triangle Tour India with Taj Mahal & Ranthambore National Park Safari + Udaipur,,Julia Pirani,"https://images.unsplash.com/photo-1472099645785-5658abf4ff4e?w=1
  50&h=150&fit=crop",5,2026-02-26,My vacation was well planned and it was customized to add an additional destination: Amritsar. This was my first visit to India and having a driver wh,"My vacation was well planned and it was customized to add an additional destination: Amritsar. This was my first visit to India and having a driver who helped us navigate Delhi, Agra, Jaipur and more was invaluable, especially traveling as a woman. I saw amazing architecture and took in the sights and smells of India. I chose 4 star hotels, which I might choose 5 star next time. Highlights: the hotel I stayed near Ranthambore National Park was charming and monumental, just like the two tigers we saw. Undoubtedly because so many people wished us luck. Mr Saied was warm and provided a great history for us in Agra and finally, our rickshaw through the market in Delhi was heart-stopping, in a good way. When I expressed a need, Coxan Tours provided what was asked. I would recommend you let them plan your trip.",https://cdn.tourradar.com/s3/review/original/461877_699f87be0033d.jpg,,,false,https://www.tourradar.com/t/341567,
461877,8 Days Private Golden Triangle Tour India with Taj Mahal & Ranthambore National Park Safari + Udaipur,Jaipur,Julia Pirani,"https://images.unsplash.com/photo-1472099645785-5658abf4ff4e?w=1
  50&h=150&fit=crop",5,2026-02-26,My vacation was well planned and it was customized to add an additional destination: Amritsar. This was my first visit to India and having a driver wh,"My vacation was well planned and it was customized to add an additional destination: Amritsar. This was my first visit to India and having a driver who helped us navigate Delhi, Agra, Jaipur and more was invaluable, especially traveling as a woman. I saw amazing architecture and took in the sights and smells of India. I chose 4 star hotels, which I might choose 5 star next time. Highlights: the hotel I stayed near Ranthambore National Park was charming and monumental, just like the two tigers we saw. Undoubtedly because so many people wished us luck. Mr Saied was warm and provided a great history for us in Agra and finally, our rickshaw through the market in Delhi was heart-stopping, in a good way. When I expressed a need, Coxan Tours provided what was asked. I would recommend you let them plan your trip.",https://cdn.tourradar.com/s3/review/original/461877_699f87be0033e.jpg,,,false,https://www.tourradar.com/t/341567,
461877,8 Days Private Golden Triangle Tour India with Taj Mahal & Ranthambore National Park Safari + Udaipur,Jaipur,Julia Pirani,"https://images.unsplash.com/photo-1472099645785-5658abf4ff4e?w=1
  50&h=150&fit=crop",5,2026-02-26,My vacation was well planned and it was customized to add an additional destination: Amritsar. This was my first visit to India and having a driver wh,"My vacation was well planned and it was customized to add an additional destination: Amritsar. This was my first visit to India and having a driver who helped us navigate Delhi, Agra, Jaipur and more was invaluable, especially traveling as a woman. I saw amazing architecture and took in the sights and smells of India. I chose 4 star hotels, which I might choose 5 star next time. Highlights: the hotel I stayed near Ranthambore National Park was charming and monumental, just like the two tigers we saw. Undoubtedly because so many people wished us luck. Mr Saied was warm and provided a great history for us in Agra and finally, our rickshaw through the market in Delhi was heart-stopping, in a good way. When I expressed a need, Coxan Tours provided what was asked. I would recommend you let them plan your trip.",https://cdn.tourradar.com/s3/review/original/461877_699f87be0033f.jpg,,,false,https://www.tourradar.com/t/341567,
461877,8 Days Private Golden Triangle Tour India with Taj Mahal & Ranthambore National Park Safari + Udaipur,Delhi,Julia Pirani,"https://images.unsplash.com/photo-1472099645785-5658abf4ff4e?w=1
  50&h=150&fit=crop",5,2026-02-26,My vacation was well planned and it was customized to add an additional destination: Amritsar. This was my first visit to India and having a driver wh,"My vacation was well planned and it was customized to add an additional destination: Amritsar. This was my first visit to India and having a driver who helped us navigate Delhi, Agra, Jaipur and more was invaluable, especially traveling as a woman. I saw amazing architecture and took in the sights and smells of India. I chose 4 star hotels, which I might choose 5 star next time. Highlights: the hotel I stayed near Ranthambore National Park was charming and monumental, just like the two tigers we saw. Undoubtedly because so many people wished us luck. Mr Saied was warm and provided a great history for us in Agra and finally, our rickshaw through the market in Delhi was heart-stopping, in a good way. When I expressed a need, Coxan Tours provided what was asked. I would recommend you let them plan your trip.",https://cdn.tourradar.com/s3/review/original/461877_699f87be00340.jpg,,,false,https://www.tourradar.com/t/341567,
461877,8 Days Private Golden Triangle Tour India with Taj Mahal & Ranthambore National Park Safari + Udaipur,New Delhi,Julia Pirani,"https://images.unsplash.com/photo-1472099645785-5658abf4ff4e?w=1
  50&h=150&fit=crop",5,2026-02-26,My vacation was well planned and it was customized to add an additional destination: Amritsar. This was my first visit to India and having a driver wh,"My vacation was well planned and it was customized to add an additional destination: Amritsar. This was my first visit to India and having a driver who helped us navigate Delhi, Agra, Jaipur and more was invaluable, especially traveling as a woman. I saw amazing architecture and took in the sights and smells of India. I chose 4 star hotels, which I might choose 5 star next time. Highlights: the hotel I stayed near Ranthambore National Park was charming and monumental, just like the two tigers we saw. Undoubtedly because so many people wished us luck. Mr Saied was warm and provided a great history for us in Agra and finally, our rickshaw through the market in Delhi was heart-stopping, in a good way. When I expressed a need, Coxan Tours provided what was asked. I would recommend you let them plan your trip.",https://cdn.tourradar.com/s3/review/original/461877_699f87be00341.jpg,,,false,https://www.tourradar.com/t/341567,
461877,8 Days Private Golden Triangle Tour India with Taj Mahal & Ranthambore National Park Safari + Udaipur,New Delhi,Julia Pirani,"https://images.unsplash.com/photo-1472099645785-5658abf4ff4e?w=1
  50&h=150&fit=crop",5,2026-02-26,My vacation was well planned and it was customized to add an additional destination: Amritsar. This was my first visit to India and having a driver wh,"My vacation was well planned and it was customized to add an additional destination: Amritsar. This was my first visit to India and having a driver who helped us navigate Delhi, Agra, Jaipur and more was invaluable, especially traveling as a woman. I saw amazing architecture and took in the sights and smells of India. I chose 4 star hotels, which I might choose 5 star next time. Highlights: the hotel I stayed near Ranthambore National Park was charming and monumental, just like the two tigers we saw. Undoubtedly because so many people wished us luck. Mr Saied was warm and provided a great history for us in Agra and finally, our rickshaw through the market in Delhi was heart-stopping, in a good way. When I expressed a need, Coxan Tours provided what was asked. I would recommend you let them plan your trip.",https://cdn.tourradar.com/s3/review/original/461877_699f87be00342.jpg,,,false,https://www.tourradar.com/t/341567,
461871,Taj Mahal & Rajasthan with Royal Stay at Castles,Taj Mahal,Bianca Nealious,"https://images.unsplash.com/photo-1472099645785-5658abf4ff4e?w=1
  50&h=150&fit=crop",5,2026-02-25,"I traveled to India for a wedding and then wanted to spend a couple weeks exploring Rajasthan. Feedback is based on being a solo female traveler.

I","I traveled to India for a wedding and then wanted to spend a couple weeks exploring Rajasthan. Feedback is based on being a solo female traveler.

Itinerary - I booked Swastik India Journeys’ 11-Day “Taj Mahal and Wildlife with Royal Stay at Castles” and it was a blast! It had the perfect blend of big cities, small towns, and nature. I rode in boats, on trains, in cars, and on elephants.

Driver - Pradeep Singh was my driver the entire time and he was absolutely amazing. Besides being a patient and safe driver, he also shared fascinating details about history and daily life in India, smoothed out itinerary glitches, knew the best times to visit busy tourist spots, was quick to stop for chai breaks, and any shopping needs. He helped me get money at ATMs, arranged laundry service, tweaked schedules and rooming so I could enjoy local events over the new year.  He made it a flawless tour of Rajasthan. 

Hotels - This tour had such a fun variety of hotels. Highlights included Fort Chanwa in Luni (shout out to Babu Lal and his family for a charming tea in their home), the magnificent  Deogarh Mahal palace where I enjoyed some pool time and wandering around the village, and glamping at the Jungle Cave Resort after the safari, which was so unique. Each of these places had entertainment in the evening with campfires, singing, and dancing.

Tour Guides - In each city I had a guide native to the area explain the local attractions and the history behind them. Special shout outs to Prem in Jaipur (knew where to get all the best photos inside the Amber Fort and the City Palace) and Amrit in Agra. Amrit’s telling of the story behind the Taj Mahal literally brought tears to my eyes. He really brought the saga to life!

Activities - I got to do so many exciting things on this tour! Some of the highlights were the jeep safari in Ranthambore National Patk (spotted tons of animals!), dangled off the train from one of my favorite Bollywood numbers (‘Chaiyya, Chaiyya’ from Dil Se), and rode an elephant in Jaipur.

Shopping - I went to India with a specific shopping list of treasures I wanted to bring home. Everything from nicer items like jewelry and bedding sets, down to fun bangles and candies from the local grocery store. Between Pradeep and the local guides, I got everything on my list and they’re all gorgeous. I did have the fine jewelry (diamonds, rubies, emeralds, gold, and silver) appraised when I came home. They were all authentic, valued higher than what I paid for them, and the appraiser was impressed by the craftsmanship and uniqueness. 

I really appreciate the trustworthiness, knowledge, and kindness of the entire team. Booking was easy and Karni in the main office was quick to respond to any questions I had. Five star experience all around!",https://cdn.tourradar.com/s3/review/original/461871_699f61eec1857.jpg,,,false,https://www.tourradar.com/t/126911,
461871,Taj Mahal & Rajasthan with Royal Stay at Castles,Taj Mahal,Bianca Nealious,"https://images.unsplash.com/photo-1472099645785-5658abf4ff4e?w=1
  50&h=150&fit=crop",5,2026-02-25,"I traveled to India for a wedding and then wanted to spend a couple weeks exploring Rajasthan. Feedback is based on being a solo female traveler.

I","I traveled to India for a wedding and then wanted to spend a couple weeks exploring Rajasthan. Feedback is based on being a solo female traveler.

Itinerary - I booked Swastik India Journeys’ 11-Day “Taj Mahal and Wildlife with Royal Stay at Castles” and it was a blast! It had the perfect blend of big cities, small towns, and nature. I rode in boats, on trains, in cars, and on elephants.

Driver - Pradeep Singh was my driver the entire time and he was absolutely amazing. Besides being a patient and safe driver, he also shared fascinating details about history and daily life in India, smoothed out itinerary glitches, knew the best times to visit busy tourist spots, was quick to stop for chai breaks, and any shopping needs. He helped me get money at ATMs, arranged laundry service, tweaked schedules and rooming so I could enjoy local events over the new year.  He made it a flawless tour of Rajasthan. 

Hotels - This tour had such a fun variety of hotels. Highlights included Fort Chanwa in Luni (shout out to Babu Lal and his family for a charming tea in their home), the magnificent  Deogarh Mahal palace where I enjoyed some pool time and wandering around the village, and glamping at the Jungle Cave Resort after the safari, which was so unique. Each of these places had entertainment in the evening with campfires, singing, and dancing.

Tour Guides - In each city I had a guide native to the area explain the local attractions and the history behind them. Special shout outs to Prem in Jaipur (knew where to get all the best photos inside the Amber Fort and the City Palace) and Amrit in Agra. Amrit’s telling of the story behind the Taj Mahal literally brought tears to my eyes. He really brought the saga to life!

Activities - I got to do so many exciting things on this tour! Some of the highlights were the jeep safari in Ranthambore National Patk (spotted tons of animals!), dangled off the train from one of my favorite Bollywood numbers (‘Chaiyya, Chaiyya’ from Dil Se), and rode an elephant in Jaipur.

Shopping - I went to India with a specific shopping list of treasures I wanted to bring home. Everything from nicer items like jewelry and bedding sets, down to fun bangles and candies from the local grocery store. Between Pradeep and the local guides, I got everything on my list and they’re all gorgeous. I did have the fine jewelry (diamonds, rubies, emeralds, gold, and silver) appraised when I came home. They were all authentic, valued higher than what I paid for them, and the appraiser was impressed by the craftsmanship and uniqueness. 

I really appreciate the trustworthiness, knowledge, and kindness of the entire team. Booking was easy and Karni in the main office was quick to respond to any questions I had. Five star experience all around!",https://cdn.tourradar.com/s3/review/original/461871_699f61eec185c.jpg,,,false,https://www.tourradar.com/t/126911,
461871,Taj Mahal & Rajasthan with Royal Stay at Castles,,Bianca Nealious,"https://images.unsplash.com/photo-1472099645785-5658abf4ff4e?w=1
  50&h=150&fit=crop",5,2026-02-25,"I traveled to India for a wedding and then wanted to spend a couple weeks exploring Rajasthan. Feedback is based on being a solo female traveler.

I","I traveled to India for a wedding and then wanted to spend a couple weeks exploring Rajasthan. Feedback is based on being a solo female traveler.

Itinerary - I booked Swastik India Journeys’ 11-Day “Taj Mahal and Wildlife with Royal Stay at Castles” and it was a blast! It had the perfect blend of big cities, small towns, and nature. I rode in boats, on trains, in cars, and on elephants.

Driver - Pradeep Singh was my driver the entire time and he was absolutely amazing. Besides being a patient and safe driver, he also shared fascinating details about history and daily life in India, smoothed out itinerary glitches, knew the best times to visit busy tourist spots, was quick to stop for chai breaks, and any shopping needs. He helped me get money at ATMs, arranged laundry service, tweaked schedules and rooming so I could enjoy local events over the new year.  He made it a flawless tour of Rajasthan. 

Hotels - This tour had such a fun variety of hotels. Highlights included Fort Chanwa in Luni (shout out to Babu Lal and his family for a charming tea in their home), the magnificent  Deogarh Mahal palace where I enjoyed some pool time and wandering around the village, and glamping at the Jungle Cave Resort after the safari, which was so unique. Each of these places had entertainment in the evening with campfires, singing, and dancing.

Tour Guides - In each city I had a guide native to the area explain the local attractions and the history behind them. Special shout outs to Prem in Jaipur (knew where to get all the best photos inside the Amber Fort and the City Palace) and Amrit in Agra. Amrit’s telling of the story behind the Taj Mahal literally brought tears to my eyes. He really brought the saga to life!

Activities - I got to do so many exciting things on this tour! Some of the highlights were the jeep safari in Ranthambore National Patk (spotted tons of animals!), dangled off the train from one of my favorite Bollywood numbers (‘Chaiyya, Chaiyya’ from Dil Se), and rode an elephant in Jaipur.

Shopping - I went to India with a specific shopping list of treasures I wanted to bring home. Everything from nicer items like jewelry and bedding sets, down to fun bangles and candies from the local grocery store. Between Pradeep and the local guides, I got everything on my list and they’re all gorgeous. I did have the fine jewelry (diamonds, rubies, emeralds, gold, and silver) appraised when I came home. They were all authentic, valued higher than what I paid for them, and the appraiser was impressed by the craftsmanship and uniqueness. 

I really appreciate the trustworthiness, knowledge, and kindness of the entire team. Booking was easy and Karni in the main office was quick to respond to any questions I had. Five star experience all around!",https://cdn.tourradar.com/s3/review/original/461871_699f61eec185d.jpg,,,false,https://www.tourradar.com/t/126911,
461871,Taj Mahal & Rajasthan with Royal Stay at Castles,,Bianca Nealious,"https://images.unsplash.com/photo-1472099645785-5658abf4ff4e?w=1
  50&h=150&fit=crop",5,2026-02-25,"I traveled to India for a wedding and then wanted to spend a couple weeks exploring Rajasthan. Feedback is based on being a solo female traveler.

I","I traveled to India for a wedding and then wanted to spend a couple weeks exploring Rajasthan. Feedback is based on being a solo female traveler.

Itinerary - I booked Swastik India Journeys’ 11-Day “Taj Mahal and Wildlife with Royal Stay at Castles” and it was a blast! It had the perfect blend of big cities, small towns, and nature. I rode in boats, on trains, in cars, and on elephants.

Driver - Pradeep Singh was my driver the entire time and he was absolutely amazing. Besides being a patient and safe driver, he also shared fascinating details about history and daily life in India, smoothed out itinerary glitches, knew the best times to visit busy tourist spots, was quick to stop for chai breaks, and any shopping needs. He helped me get money at ATMs, arranged laundry service, tweaked schedules and rooming so I could enjoy local events over the new year.  He made it a flawless tour of Rajasthan. 

Hotels - This tour had such a fun variety of hotels. Highlights included Fort Chanwa in Luni (shout out to Babu Lal and his family for a charming tea in their home), the magnificent  Deogarh Mahal palace where I enjoyed some pool time and wandering around the village, and glamping at the Jungle Cave Resort after the safari, which was so unique. Each of these places had entertainment in the evening with campfires, singing, and dancing.

Tour Guides - In each city I had a guide native to the area explain the local attractions and the history behind them. Special shout outs to Prem in Jaipur (knew where to get all the best photos inside the Amber Fort and the City Palace) and Amrit in Agra. Amrit’s telling of the story behind the Taj Mahal literally brought tears to my eyes. He really brought the saga to life!

Activities - I got to do so many exciting things on this tour! Some of the highlights were the jeep safari in Ranthambore National Patk (spotted tons of animals!), dangled off the train from one of my favorite Bollywood numbers (‘Chaiyya, Chaiyya’ from Dil Se), and rode an elephant in Jaipur.

Shopping - I went to India with a specific shopping list of treasures I wanted to bring home. Everything from nicer items like jewelry and bedding sets, down to fun bangles and candies from the local grocery store. Between Pradeep and the local guides, I got everything on my list and they’re all gorgeous. I did have the fine jewelry (diamonds, rubies, emeralds, gold, and silver) appraised when I came home. They were all authentic, valued higher than what I paid for them, and the appraiser was impressed by the craftsmanship and uniqueness. 

I really appreciate the trustworthiness, knowledge, and kindness of the entire team. Booking was easy and Karni in the main office was quick to respond to any questions I had. Five star experience all around!",https://cdn.tourradar.com/s3/review/original/461871_699f61eec185e.jpg,,,false,https://www.tourradar.com/t/126911,
461871,Taj Mahal & Rajasthan with Royal Stay at Castles,Jaipur,Bianca Nealious,"https://images.unsplash.com/photo-1472099645785-5658abf4ff4e?w=1
  50&h=150&fit=crop",5,2026-02-25,"I traveled to India for a wedding and then wanted to spend a couple weeks exploring Rajasthan. Feedback is based on being a solo female traveler.

I","I traveled to India for a wedding and then wanted to spend a couple weeks exploring Rajasthan. Feedback is based on being a solo female traveler.

Itinerary - I booked Swastik India Journeys’ 11-Day “Taj Mahal and Wildlife with Royal Stay at Castles” and it was a blast! It had the perfect blend of big cities, small towns, and nature. I rode in boats, on trains, in cars, and on elephants.

Driver - Pradeep Singh was my driver the entire time and he was absolutely amazing. Besides being a patient and safe driver, he also shared fascinating details about history and daily life in India, smoothed out itinerary glitches, knew the best times to visit busy tourist spots, was quick to stop for chai breaks, and any shopping needs. He helped me get money at ATMs, arranged laundry service, tweaked schedules and rooming so I could enjoy local events over the new year.  He made it a flawless tour of Rajasthan. 

Hotels - This tour had such a fun variety of hotels. Highlights included Fort Chanwa in Luni (shout out to Babu Lal and his family for a charming tea in their home), the magnificent  Deogarh Mahal palace where I enjoyed some pool time and wandering around the village, and glamping at the Jungle Cave Resort after the safari, which was so unique. Each of these places had entertainment in the evening with campfires, singing, and dancing.

Tour Guides - In each city I had a guide native to the area explain the local attractions and the history behind them. Special shout outs to Prem in Jaipur (knew where to get all the best photos inside the Amber Fort and the City Palace) and Amrit in Agra. Amrit’s telling of the story behind the Taj Mahal literally brought tears to my eyes. He really brought the saga to life!

Activities - I got to do so many exciting things on this tour! Some of the highlights were the jeep safari in Ranthambore National Patk (spotted tons of animals!), dangled off the train from one of my favorite Bollywood numbers (‘Chaiyya, Chaiyya’ from Dil Se), and rode an elephant in Jaipur.

Shopping - I went to India with a specific shopping list of treasures I wanted to bring home. Everything from nicer items like jewelry and bedding sets, down to fun bangles and candies from the local grocery store. Between Pradeep and the local guides, I got everything on my list and they’re all gorgeous. I did have the fine jewelry (diamonds, rubies, emeralds, gold, and silver) appraised when I came home. They were all authentic, valued higher than what I paid for them, and the appraiser was impressed by the craftsmanship and uniqueness. 

I really appreciate the trustworthiness, knowledge, and kindness of the entire team. Booking was easy and Karni in the main office was quick to respond to any questions I had. Five star experience all around!",https://cdn.tourradar.com/s3/review/original/461871_699f61eec185f.jpg,,,false,https://www.tourradar.com/t/126911,
461871,Taj Mahal & Rajasthan with Royal Stay at Castles,Jaipur,Bianca Nealious,"https://images.unsplash.com/photo-1472099645785-5658abf4ff4e?w=1
  50&h=150&fit=crop",5,2026-02-25,"I traveled to India for a wedding and then wanted to spend a couple weeks exploring Rajasthan. Feedback is based on being a solo female traveler.

I","I traveled to India for a wedding and then wanted to spend a couple weeks exploring Rajasthan. Feedback is based on being a solo female traveler.

Itinerary - I booked Swastik India Journeys’ 11-Day “Taj Mahal and Wildlife with Royal Stay at Castles” and it was a blast! It had the perfect blend of big cities, small towns, and nature. I rode in boats, on trains, in cars, and on elephants.

Driver - Pradeep Singh was my driver the entire time and he was absolutely amazing. Besides being a patient and safe driver, he also shared fascinating details about history and daily life in India, smoothed out itinerary glitches, knew the best times to visit busy tourist spots, was quick to stop for chai breaks, and any shopping needs. He helped me get money at ATMs, arranged laundry service, tweaked schedules and rooming so I could enjoy local events over the new year.  He made it a flawless tour of Rajasthan. 

Hotels - This tour had such a fun variety of hotels. Highlights included Fort Chanwa in Luni (shout out to Babu Lal and his family for a charming tea in their home), the magnificent  Deogarh Mahal palace where I enjoyed some pool time and wandering around the village, and glamping at the Jungle Cave Resort after the safari, which was so unique. Each of these places had entertainment in the evening with campfires, singing, and dancing.

Tour Guides - In each city I had a guide native to the area explain the local attractions and the history behind them. Special shout outs to Prem in Jaipur (knew where to get all the best photos inside the Amber Fort and the City Palace) and Amrit in Agra. Amrit’s telling of the story behind the Taj Mahal literally brought tears to my eyes. He really brought the saga to life!

Activities - I got to do so many exciting things on this tour! Some of the highlights were the jeep safari in Ranthambore National Patk (spotted tons of animals!), dangled off the train from one of my favorite Bollywood numbers (‘Chaiyya, Chaiyya’ from Dil Se), and rode an elephant in Jaipur.

Shopping - I went to India with a specific shopping list of treasures I wanted to bring home. Everything from nicer items like jewelry and bedding sets, down to fun bangles and candies from the local grocery store. Between Pradeep and the local guides, I got everything on my list and they’re all gorgeous. I did have the fine jewelry (diamonds, rubies, emeralds, gold, and silver) appraised when I came home. They were all authentic, valued higher than what I paid for them, and the appraiser was impressed by the craftsmanship and uniqueness. 

I really appreciate the trustworthiness, knowledge, and kindness of the entire team. Booking was easy and Karni in the main office was quick to respond to any questions I had. Five star experience all around!",https://cdn.tourradar.com/s3/review/original/461871_699f61eec1860.jpg,,,false,https://www.tourradar.com/t/126911,
461871,Taj Mahal & Rajasthan with Royal Stay at Castles,Jodhpur,Bianca Nealious,"https://images.unsplash.com/photo-1472099645785-5658abf4ff4e?w=1
  50&h=150&fit=crop",5,2026-02-25,"I traveled to India for a wedding and then wanted to spend a couple weeks exploring Rajasthan. Feedback is based on being a solo female traveler.

I","I traveled to India for a wedding and then wanted to spend a couple weeks exploring Rajasthan. Feedback is based on being a solo female traveler.

Itinerary - I booked Swastik India Journeys’ 11-Day “Taj Mahal and Wildlife with Royal Stay at Castles” and it was a blast! It had the perfect blend of big cities, small towns, and nature. I rode in boats, on trains, in cars, and on elephants.

Driver - Pradeep Singh was my driver the entire time and he was absolutely amazing. Besides being a patient and safe driver, he also shared fascinating details about history and daily life in India, smoothed out itinerary glitches, knew the best times to visit busy tourist spots, was quick to stop for chai breaks, and any shopping needs. He helped me get money at ATMs, arranged laundry service, tweaked schedules and rooming so I could enjoy local events over the new year.  He made it a flawless tour of Rajasthan. 

Hotels - This tour had such a fun variety of hotels. Highlights included Fort Chanwa in Luni (shout out to Babu Lal and his family for a charming tea in their home), the magnificent  Deogarh Mahal palace where I enjoyed some pool time and wandering around the village, and glamping at the Jungle Cave Resort after the safari, which was so unique. Each of these places had entertainment in the evening with campfires, singing, and dancing.

Tour Guides - In each city I had a guide native to the area explain the local attractions and the history behind them. Special shout outs to Prem in Jaipur (knew where to get all the best photos inside the Amber Fort and the City Palace) and Amrit in Agra. Amrit’s telling of the story behind the Taj Mahal literally brought tears to my eyes. He really brought the saga to life!

Activities - I got to do so many exciting things on this tour! Some of the highlights were the jeep safari in Ranthambore National Patk (spotted tons of animals!), dangled off the train from one of my favorite Bollywood numbers (‘Chaiyya, Chaiyya’ from Dil Se), and rode an elephant in Jaipur.

Shopping - I went to India with a specific shopping list of treasures I wanted to bring home. Everything from nicer items like jewelry and bedding sets, down to fun bangles and candies from the local grocery store. Between Pradeep and the local guides, I got everything on my list and they’re all gorgeous. I did have the fine jewelry (diamonds, rubies, emeralds, gold, and silver) appraised when I came home. They were all authentic, valued higher than what I paid for them, and the appraiser was impressed by the craftsmanship and uniqueness. 

I really appreciate the trustworthiness, knowledge, and kindness of the entire team. Booking was easy and Karni in the main office was quick to respond to any questions I had. Five star experience all around!",https://cdn.tourradar.com/s3/review/original/461871_699f61eec1861.jpg,,,false,https://www.tourradar.com/t/126911,
461871,Taj Mahal & Rajasthan with Royal Stay at Castles,Ranthambore National Park,Bianca Nealious,"https://images.unsplash.com/photo-1472099645785-5658abf4ff4e?w=1
  50&h=150&fit=crop",5,2026-02-25,"I traveled to India for a wedding and then wanted to spend a couple weeks exploring Rajasthan. Feedback is based on being a solo female traveler.

I","I traveled to India for a wedding and then wanted to spend a couple weeks exploring Rajasthan. Feedback is based on being a solo female traveler.

Itinerary - I booked Swastik India Journeys’ 11-Day “Taj Mahal and Wildlife with Royal Stay at Castles” and it was a blast! It had the perfect blend of big cities, small towns, and nature. I rode in boats, on trains, in cars, and on elephants.

Driver - Pradeep Singh was my driver the entire time and he was absolutely amazing. Besides being a patient and safe driver, he also shared fascinating details about history and daily life in India, smoothed out itinerary glitches, knew the best times to visit busy tourist spots, was quick to stop for chai breaks, and any shopping needs. He helped me get money at ATMs, arranged laundry service, tweaked schedules and rooming so I could enjoy local events over the new year.  He made it a flawless tour of Rajasthan. 

Hotels - This tour had such a fun variety of hotels. Highlights included Fort Chanwa in Luni (shout out to Babu Lal and his family for a charming tea in their home), the magnificent  Deogarh Mahal palace where I enjoyed some pool time and wandering around the village, and glamping at the Jungle Cave Resort after the safari, which was so unique. Each of these places had entertainment in the evening with campfires, singing, and dancing.

Tour Guides - In each city I had a guide native to the area explain the local attractions and the history behind them. Special shout outs to Prem in Jaipur (knew where to get all the best photos inside the Amber Fort and the City Palace) and Amrit in Agra. Amrit’s telling of the story behind the Taj Mahal literally brought tears to my eyes. He really brought the saga to life!

Activities - I got to do so many exciting things on this tour! Some of the highlights were the jeep safari in Ranthambore National Patk (spotted tons of animals!), dangled off the train from one of my favorite Bollywood numbers (‘Chaiyya, Chaiyya’ from Dil Se), and rode an elephant in Jaipur.

Shopping - I went to India with a specific shopping list of treasures I wanted to bring home. Everything from nicer items like jewelry and bedding sets, down to fun bangles and candies from the local grocery store. Between Pradeep and the local guides, I got everything on my list and they’re all gorgeous. I did have the fine jewelry (diamonds, rubies, emeralds, gold, and silver) appraised when I came home. They were all authentic, valued higher than what I paid for them, and the appraiser was impressed by the craftsmanship and uniqueness. 

I really appreciate the trustworthiness, knowledge, and kindness of the entire team. Booking was easy and Karni in the main office was quick to respond to any questions I had. Five star experience all around!",https://cdn.tourradar.com/s3/review/original/461871_699f61eec1862.jpg,,,false,https://www.tourradar.com/t/126911,
461871,Taj Mahal & Rajasthan with Royal Stay at Castles,Ranthambore National Park,Bianca Nealious,"https://images.unsplash.com/photo-1472099645785-5658abf4ff4e?w=1
  50&h=150&fit=crop",5,2026-02-25,"I traveled to India for a wedding and then wanted to spend a couple weeks exploring Rajasthan. Feedback is based on being a solo female traveler.

I","I traveled to India for a wedding and then wanted to spend a couple weeks exploring Rajasthan. Feedback is based on being a solo female traveler.

Itinerary - I booked Swastik India Journeys’ 11-Day “Taj Mahal and Wildlife with Royal Stay at Castles” and it was a blast! It had the perfect blend of big cities, small towns, and nature. I rode in boats, on trains, in cars, and on elephants.

Driver - Pradeep Singh was my driver the entire time and he was absolutely amazing. Besides being a patient and safe driver, he also shared fascinating details about history and daily life in India, smoothed out itinerary glitches, knew the best times to visit busy tourist spots, was quick to stop for chai breaks, and any shopping needs. He helped me get money at ATMs, arranged laundry service, tweaked schedules and rooming so I could enjoy local events over the new year.  He made it a flawless tour of Rajasthan. 

Hotels - This tour had such a fun variety of hotels. Highlights included Fort Chanwa in Luni (shout out to Babu Lal and his family for a charming tea in their home), the magnificent  Deogarh Mahal palace where I enjoyed some pool time and wandering around the village, and glamping at the Jungle Cave Resort after the safari, which was so unique. Each of these places had entertainment in the evening with campfires, singing, and dancing.

Tour Guides - In each city I had a guide native to the area explain the local attractions and the history behind them. Special shout outs to Prem in Jaipur (knew where to get all the best photos inside the Amber Fort and the City Palace) and Amrit in Agra. Amrit’s telling of the story behind the Taj Mahal literally brought tears to my eyes. He really brought the saga to life!

Activities - I got to do so many exciting things on this tour! Some of the highlights were the jeep safari in Ranthambore National Patk (spotted tons of animals!), dangled off the train from one of my favorite Bollywood numbers (‘Chaiyya, Chaiyya’ from Dil Se), and rode an elephant in Jaipur.

Shopping - I went to India with a specific shopping list of treasures I wanted to bring home. Everything from nicer items like jewelry and bedding sets, down to fun bangles and candies from the local grocery store. Between Pradeep and the local guides, I got everything on my list and they’re all gorgeous. I did have the fine jewelry (diamonds, rubies, emeralds, gold, and silver) appraised when I came home. They were all authentic, valued higher than what I paid for them, and the appraiser was impressed by the craftsmanship and uniqueness. 

I really appreciate the trustworthiness, knowledge, and kindness of the entire team. Booking was easy and Karni in the main office was quick to respond to any questions I had. Five star experience all around!",https://cdn.tourradar.com/s3/review/original/461871_699f61eec1863.jpg,,,false,https://www.tourradar.com/t/126911,
461871,Taj Mahal & Rajasthan with Royal Stay at Castles,,Bianca Nealious,"https://images.unsplash.com/photo-1472099645785-5658abf4ff4e?w=1
  50&h=150&fit=crop",5,2026-02-25,"I traveled to India for a wedding and then wanted to spend a couple weeks exploring Rajasthan. Feedback is based on being a solo female traveler.

I","I traveled to India for a wedding and then wanted to spend a couple weeks exploring Rajasthan. Feedback is based on being a solo female traveler.

Itinerary - I booked Swastik India Journeys’ 11-Day “Taj Mahal and Wildlife with Royal Stay at Castles” and it was a blast! It had the perfect blend of big cities, small towns, and nature. I rode in boats, on trains, in cars, and on elephants.

Driver - Pradeep Singh was my driver the entire time and he was absolutely amazing. Besides being a patient and safe driver, he also shared fascinating details about history and daily life in India, smoothed out itinerary glitches, knew the best times to visit busy tourist spots, was quick to stop for chai breaks, and any shopping needs. He helped me get money at ATMs, arranged laundry service, tweaked schedules and rooming so I could enjoy local events over the new year.  He made it a flawless tour of Rajasthan. 

Hotels - This tour had such a fun variety of hotels. Highlights included Fort Chanwa in Luni (shout out to Babu Lal and his family for a charming tea in their home), the magnificent  Deogarh Mahal palace where I enjoyed some pool time and wandering around the village, and glamping at the Jungle Cave Resort after the safari, which was so unique. Each of these places had entertainment in the evening with campfires, singing, and dancing.

Tour Guides - In each city I had a guide native to the area explain the local attractions and the history behind them. Special shout outs to Prem in Jaipur (knew where to get all the best photos inside the Amber Fort and the City Palace) and Amrit in Agra. Amrit’s telling of the story behind the Taj Mahal literally brought tears to my eyes. He really brought the saga to life!

Activities - I got to do so many exciting things on this tour! Some of the highlights were the jeep safari in Ranthambore National Patk (spotted tons of animals!), dangled off the train from one of my favorite Bollywood numbers (‘Chaiyya, Chaiyya’ from Dil Se), and rode an elephant in Jaipur.

Shopping - I went to India with a specific shopping list of treasures I wanted to bring home. Everything from nicer items like jewelry and bedding sets, down to fun bangles and candies from the local grocery store. Between Pradeep and the local guides, I got everything on my list and they’re all gorgeous. I did have the fine jewelry (diamonds, rubies, emeralds, gold, and silver) appraised when I came home. They were all authentic, valued higher than what I paid for them, and the appraiser was impressed by the craftsmanship and uniqueness. 

I really appreciate the trustworthiness, knowledge, and kindness of the entire team. Booking was easy and Karni in the main office was quick to respond to any questions I had. Five star experience all around!",https://cdn.tourradar.com/s3/review/original/461871_699f61eec1864.jpg,,,false,https://www.tourradar.com/t/126911,
461871,Taj Mahal & Rajasthan with Royal Stay at Castles,,Bianca Nealious,"https://images.unsplash.com/photo-1472099645785-5658abf4ff4e?w=1
  50&h=150&fit=crop",5,2026-02-25,"I traveled to India for a wedding and then wanted to spend a couple weeks exploring Rajasthan. Feedback is based on being a solo female traveler.

I","I traveled to India for a wedding and then wanted to spend a couple weeks exploring Rajasthan. Feedback is based on being a solo female traveler.

Itinerary - I booked Swastik India Journeys’ 11-Day “Taj Mahal and Wildlife with Royal Stay at Castles” and it was a blast! It had the perfect blend of big cities, small towns, and nature. I rode in boats, on trains, in cars, and on elephants.

Driver - Pradeep Singh was my driver the entire time and he was absolutely amazing. Besides being a patient and safe driver, he also shared fascinating details about history and daily life in India, smoothed out itinerary glitches, knew the best times to visit busy tourist spots, was quick to stop for chai breaks, and any shopping needs. He helped me get money at ATMs, arranged laundry service, tweaked schedules and rooming so I could enjoy local events over the new year.  He made it a flawless tour of Rajasthan. 

Hotels - This tour had such a fun variety of hotels. Highlights included Fort Chanwa in Luni (shout out to Babu Lal and his family for a charming tea in their home), the magnificent  Deogarh Mahal palace where I enjoyed some pool time and wandering around the village, and glamping at the Jungle Cave Resort after the safari, which was so unique. Each of these places had entertainment in the evening with campfires, singing, and dancing.

Tour Guides - In each city I had a guide native to the area explain the local attractions and the history behind them. Special shout outs to Prem in Jaipur (knew where to get all the best photos inside the Amber Fort and the City Palace) and Amrit in Agra. Amrit’s telling of the story behind the Taj Mahal literally brought tears to my eyes. He really brought the saga to life!

Activities - I got to do so many exciting things on this tour! Some of the highlights were the jeep safari in Ranthambore National Patk (spotted tons of animals!), dangled off the train from one of my favorite Bollywood numbers (‘Chaiyya, Chaiyya’ from Dil Se), and rode an elephant in Jaipur.

Shopping - I went to India with a specific shopping list of treasures I wanted to bring home. Everything from nicer items like jewelry and bedding sets, down to fun bangles and candies from the local grocery store. Between Pradeep and the local guides, I got everything on my list and they’re all gorgeous. I did have the fine jewelry (diamonds, rubies, emeralds, gold, and silver) appraised when I came home. They were all authentic, valued higher than what I paid for them, and the appraiser was impressed by the craftsmanship and uniqueness. 

I really appreciate the trustworthiness, knowledge, and kindness of the entire team. Booking was easy and Karni in the main office was quick to respond to any questions I had. Five star experience all around!",https://cdn.tourradar.com/s3/review/original/461871_699f61eec1865.jpg,,,false,https://www.tourradar.com/t/126911,
461871,Taj Mahal & Rajasthan with Royal Stay at Castles,Jaipur,Bianca Nealious,"https://images.unsplash.com/photo-1472099645785-5658abf4ff4e?w=1
  50&h=150&fit=crop",5,2026-02-25,"I traveled to India for a wedding and then wanted to spend a couple weeks exploring Rajasthan. Feedback is based on being a solo female traveler.

I","I traveled to India for a wedding and then wanted to spend a couple weeks exploring Rajasthan. Feedback is based on being a solo female traveler.

Itinerary - I booked Swastik India Journeys’ 11-Day “Taj Mahal and Wildlife with Royal Stay at Castles” and it was a blast! It had the perfect blend of big cities, small towns, and nature. I rode in boats, on trains, in cars, and on elephants.

Driver - Pradeep Singh was my driver the entire time and he was absolutely amazing. Besides being a patient and safe driver, he also shared fascinating details about history and daily life in India, smoothed out itinerary glitches, knew the best times to visit busy tourist spots, was quick to stop for chai breaks, and any shopping needs. He helped me get money at ATMs, arranged laundry service, tweaked schedules and rooming so I could enjoy local events over the new year.  He made it a flawless tour of Rajasthan. 

Hotels - This tour had such a fun variety of hotels. Highlights included Fort Chanwa in Luni (shout out to Babu Lal and his family for a charming tea in their home), the magnificent  Deogarh Mahal palace where I enjoyed some pool time and wandering around the village, and glamping at the Jungle Cave Resort after the safari, which was so unique. Each of these places had entertainment in the evening with campfires, singing, and dancing.

Tour Guides - In each city I had a guide native to the area explain the local attractions and the history behind them. Special shout outs to Prem in Jaipur (knew where to get all the best photos inside the Amber Fort and the City Palace) and Amrit in Agra. Amrit’s telling of the story behind the Taj Mahal literally brought tears to my eyes. He really brought the saga to life!

Activities - I got to do so many exciting things on this tour! Some of the highlights were the jeep safari in Ranthambore National Patk (spotted tons of animals!), dangled off the train from one of my favorite Bollywood numbers (‘Chaiyya, Chaiyya’ from Dil Se), and rode an elephant in Jaipur.

Shopping - I went to India with a specific shopping list of treasures I wanted to bring home. Everything from nicer items like jewelry and bedding sets, down to fun bangles and candies from the local grocery store. Between Pradeep and the local guides, I got everything on my list and they’re all gorgeous. I did have the fine jewelry (diamonds, rubies, emeralds, gold, and silver) appraised when I came home. They were all authentic, valued higher than what I paid for them, and the appraiser was impressed by the craftsmanship and uniqueness. 

I really appreciate the trustworthiness, knowledge, and kindness of the entire team. Booking was easy and Karni in the main office was quick to respond to any questions I had. Five star experience all around!",https://cdn.tourradar.com/s3/review/original/461871_699f61eec1866.jpg,,,false,https://www.tourradar.com/t/126911,
461871,Taj Mahal & Rajasthan with Royal Stay at Castles,Taj Mahal,Bianca Nealious,"https://images.unsplash.com/photo-1472099645785-5658abf4ff4e?w=1
  50&h=150&fit=crop",5,2026-02-25,"I traveled to India for a wedding and then wanted to spend a couple weeks exploring Rajasthan. Feedback is based on being a solo female traveler.

I","I traveled to India for a wedding and then wanted to spend a couple weeks exploring Rajasthan. Feedback is based on being a solo female traveler.

Itinerary - I booked Swastik India Journeys’ 11-Day “Taj Mahal and Wildlife with Royal Stay at Castles” and it was a blast! It had the perfect blend of big cities, small towns, and nature. I rode in boats, on trains, in cars, and on elephants.

Driver - Pradeep Singh was my driver the entire time and he was absolutely amazing. Besides being a patient and safe driver, he also shared fascinating details about history and daily life in India, smoothed out itinerary glitches, knew the best times to visit busy tourist spots, was quick to stop for chai breaks, and any shopping needs. He helped me get money at ATMs, arranged laundry service, tweaked schedules and rooming so I could enjoy local events over the new year.  He made it a flawless tour of Rajasthan. 

Hotels - This tour had such a fun variety of hotels. Highlights included Fort Chanwa in Luni (shout out to Babu Lal and his family for a charming tea in their home), the magnificent  Deogarh Mahal palace where I enjoyed some pool time and wandering around the village, and glamping at the Jungle Cave Resort after the safari, which was so unique. Each of these places had entertainment in the evening with campfires, singing, and dancing.

Tour Guides - In each city I had a guide native to the area explain the local attractions and the history behind them. Special shout outs to Prem in Jaipur (knew where to get all the best photos inside the Amber Fort and the City Palace) and Amrit in Agra. Amrit’s telling of the story behind the Taj Mahal literally brought tears to my eyes. He really brought the saga to life!

Activities - I got to do so many exciting things on this tour! Some of the highlights were the jeep safari in Ranthambore National Patk (spotted tons of animals!), dangled off the train from one of my favorite Bollywood numbers (‘Chaiyya, Chaiyya’ from Dil Se), and rode an elephant in Jaipur.

Shopping - I went to India with a specific shopping list of treasures I wanted to bring home. Everything from nicer items like jewelry and bedding sets, down to fun bangles and candies from the local grocery store. Between Pradeep and the local guides, I got everything on my list and they’re all gorgeous. I did have the fine jewelry (diamonds, rubies, emeralds, gold, and silver) appraised when I came home. They were all authentic, valued higher than what I paid for them, and the appraiser was impressed by the craftsmanship and uniqueness. 

I really appreciate the trustworthiness, knowledge, and kindness of the entire team. Booking was easy and Karni in the main office was quick to respond to any questions I had. Five star experience all around!",https://cdn.tourradar.com/s3/review/original/461871_699f6220e7d98.jpg,,,false,https://www.tourradar.com/t/126911,
461871,Taj Mahal & Rajasthan with Royal Stay at Castles,Taj Mahal,Bianca Nealious,"https://images.unsplash.com/photo-1472099645785-5658abf4ff4e?w=1
  50&h=150&fit=crop",5,2026-02-25,"I traveled to India for a wedding and then wanted to spend a couple weeks exploring Rajasthan. Feedback is based on being a solo female traveler.

I","I traveled to India for a wedding and then wanted to spend a couple weeks exploring Rajasthan. Feedback is based on being a solo female traveler.

Itinerary - I booked Swastik India Journeys’ 11-Day “Taj Mahal and Wildlife with Royal Stay at Castles” and it was a blast! It had the perfect blend of big cities, small towns, and nature. I rode in boats, on trains, in cars, and on elephants.

Driver - Pradeep Singh was my driver the entire time and he was absolutely amazing. Besides being a patient and safe driver, he also shared fascinating details about history and daily life in India, smoothed out itinerary glitches, knew the best times to visit busy tourist spots, was quick to stop for chai breaks, and any shopping needs. He helped me get money at ATMs, arranged laundry service, tweaked schedules and rooming so I could enjoy local events over the new year.  He made it a flawless tour of Rajasthan. 

Hotels - This tour had such a fun variety of hotels. Highlights included Fort Chanwa in Luni (shout out to Babu Lal and his family for a charming tea in their home), the magnificent  Deogarh Mahal palace where I enjoyed some pool time and wandering around the village, and glamping at the Jungle Cave Resort after the safari, which was so unique. Each of these places had entertainment in the evening with campfires, singing, and dancing.

Tour Guides - In each city I had a guide native to the area explain the local attractions and the history behind them. Special shout outs to Prem in Jaipur (knew where to get all the best photos inside the Amber Fort and the City Palace) and Amrit in Agra. Amrit’s telling of the story behind the Taj Mahal literally brought tears to my eyes. He really brought the saga to life!

Activities - I got to do so many exciting things on this tour! Some of the highlights were the jeep safari in Ranthambore National Patk (spotted tons of animals!), dangled off the train from one of my favorite Bollywood numbers (‘Chaiyya, Chaiyya’ from Dil Se), and rode an elephant in Jaipur.

Shopping - I went to India with a specific shopping list of treasures I wanted to bring home. Everything from nicer items like jewelry and bedding sets, down to fun bangles and candies from the local grocery store. Between Pradeep and the local guides, I got everything on my list and they’re all gorgeous. I did have the fine jewelry (diamonds, rubies, emeralds, gold, and silver) appraised when I came home. They were all authentic, valued higher than what I paid for them, and the appraiser was impressed by the craftsmanship and uniqueness. 

I really appreciate the trustworthiness, knowledge, and kindness of the entire team. Booking was easy and Karni in the main office was quick to respond to any questions I had. Five star experience all around!",https://cdn.tourradar.com/s3/review/original/461871_699f6220e7d9c.jpg,,,false,https://www.tourradar.com/t/126911,
461871,Taj Mahal & Rajasthan with Royal Stay at Castles,,Bianca Nealious,"https://images.unsplash.com/photo-1472099645785-5658abf4ff4e?w=1
  50&h=150&fit=crop",5,2026-02-25,"I traveled to India for a wedding and then wanted to spend a couple weeks exploring Rajasthan. Feedback is based on being a solo female traveler.

I","I traveled to India for a wedding and then wanted to spend a couple weeks exploring Rajasthan. Feedback is based on being a solo female traveler.

Itinerary - I booked Swastik India Journeys’ 11-Day “Taj Mahal and Wildlife with Royal Stay at Castles” and it was a blast! It had the perfect blend of big cities, small towns, and nature. I rode in boats, on trains, in cars, and on elephants.

Driver - Pradeep Singh was my driver the entire time and he was absolutely amazing. Besides being a patient and safe driver, he also shared fascinating details about history and daily life in India, smoothed out itinerary glitches, knew the best times to visit busy tourist spots, was quick to stop for chai breaks, and any shopping needs. He helped me get money at ATMs, arranged laundry service, tweaked schedules and rooming so I could enjoy local events over the new year.  He made it a flawless tour of Rajasthan. 

Hotels - This tour had such a fun variety of hotels. Highlights included Fort Chanwa in Luni (shout out to Babu Lal and his family for a charming tea in their home), the magnificent  Deogarh Mahal palace where I enjoyed some pool time and wandering around the village, and glamping at the Jungle Cave Resort after the safari, which was so unique. Each of these places had entertainment in the evening with campfires, singing, and dancing.

Tour Guides - In each city I had a guide native to the area explain the local attractions and the history behind them. Special shout outs to Prem in Jaipur (knew where to get all the best photos inside the Amber Fort and the City Palace) and Amrit in Agra. Amrit’s telling of the story behind the Taj Mahal literally brought tears to my eyes. He really brought the saga to life!

Activities - I got to do so many exciting things on this tour! Some of the highlights were the jeep safari in Ranthambore National Patk (spotted tons of animals!), dangled off the train from one of my favorite Bollywood numbers (‘Chaiyya, Chaiyya’ from Dil Se), and rode an elephant in Jaipur.

Shopping - I went to India with a specific shopping list of treasures I wanted to bring home. Everything from nicer items like jewelry and bedding sets, down to fun bangles and candies from the local grocery store. Between Pradeep and the local guides, I got everything on my list and they’re all gorgeous. I did have the fine jewelry (diamonds, rubies, emeralds, gold, and silver) appraised when I came home. They were all authentic, valued higher than what I paid for them, and the appraiser was impressed by the craftsmanship and uniqueness. 

I really appreciate the trustworthiness, knowledge, and kindness of the entire team. Booking was easy and Karni in the main office was quick to respond to any questions I had. Five star experience all around!",https://cdn.tourradar.com/s3/review/original/461871_699f6220e7d9d.jpg,,,false,https://www.tourradar.com/t/126911,
461871,Taj Mahal & Rajasthan with Royal Stay at Castles,,Bianca Nealious,"https://images.unsplash.com/photo-1472099645785-5658abf4ff4e?w=1
  50&h=150&fit=crop",5,2026-02-25,"I traveled to India for a wedding and then wanted to spend a couple weeks exploring Rajasthan. Feedback is based on being a solo female traveler.

I","I traveled to India for a wedding and then wanted to spend a couple weeks exploring Rajasthan. Feedback is based on being a solo female traveler.

Itinerary - I booked Swastik India Journeys’ 11-Day “Taj Mahal and Wildlife with Royal Stay at Castles” and it was a blast! It had the perfect blend of big cities, small towns, and nature. I rode in boats, on trains, in cars, and on elephants.

Driver - Pradeep Singh was my driver the entire time and he was absolutely amazing. Besides being a patient and safe driver, he also shared fascinating details about history and daily life in India, smoothed out itinerary glitches, knew the best times to visit busy tourist spots, was quick to stop for chai breaks, and any shopping needs. He helped me get money at ATMs, arranged laundry service, tweaked schedules and rooming so I could enjoy local events over the new year.  He made it a flawless tour of Rajasthan. 

Hotels - This tour had such a fun variety of hotels. Highlights included Fort Chanwa in Luni (shout out to Babu Lal and his family for a charming tea in their home), the magnificent  Deogarh Mahal palace where I enjoyed some pool time and wandering around the village, and glamping at the Jungle Cave Resort after the safari, which was so unique. Each of these places had entertainment in the evening with campfires, singing, and dancing.

Tour Guides - In each city I had a guide native to the area explain the local attractions and the history behind them. Special shout outs to Prem in Jaipur (knew where to get all the best photos inside the Amber Fort and the City Palace) and Amrit in Agra. Amrit’s telling of the story behind the Taj Mahal literally brought tears to my eyes. He really brought the saga to life!

Activities - I got to do so many exciting things on this tour! Some of the highlights were the jeep safari in Ranthambore National Patk (spotted tons of animals!), dangled off the train from one of my favorite Bollywood numbers (‘Chaiyya, Chaiyya’ from Dil Se), and rode an elephant in Jaipur.

Shopping - I went to India with a specific shopping list of treasures I wanted to bring home. Everything from nicer items like jewelry and bedding sets, down to fun bangles and candies from the local grocery store. Between Pradeep and the local guides, I got everything on my list and they’re all gorgeous. I did have the fine jewelry (diamonds, rubies, emeralds, gold, and silver) appraised when I came home. They were all authentic, valued higher than what I paid for them, and the appraiser was impressed by the craftsmanship and uniqueness. 

I really appreciate the trustworthiness, knowledge, and kindness of the entire team. Booking was easy and Karni in the main office was quick to respond to any questions I had. Five star experience all around!",https://cdn.tourradar.com/s3/review/original/461871_699f6220e7d9e.jpg,,,false,https://www.tourradar.com/t/126911,
461871,Taj Mahal & Rajasthan with Royal Stay at Castles,Jaipur,Bianca Nealious,"https://images.unsplash.com/photo-1472099645785-5658abf4ff4e?w=1
  50&h=150&fit=crop",5,2026-02-25,"I traveled to India for a wedding and then wanted to spend a couple weeks exploring Rajasthan. Feedback is based on being a solo female traveler.

I","I traveled to India for a wedding and then wanted to spend a couple weeks exploring Rajasthan. Feedback is based on being a solo female traveler.

Itinerary - I booked Swastik India Journeys’ 11-Day “Taj Mahal and Wildlife with Royal Stay at Castles” and it was a blast! It had the perfect blend of big cities, small towns, and nature. I rode in boats, on trains, in cars, and on elephants.

Driver - Pradeep Singh was my driver the entire time and he was absolutely amazing. Besides being a patient and safe driver, he also shared fascinating details about history and daily life in India, smoothed out itinerary glitches, knew the best times to visit busy tourist spots, was quick to stop for chai breaks, and any shopping needs. He helped me get money at ATMs, arranged laundry service, tweaked schedules and rooming so I could enjoy local events over the new year.  He made it a flawless tour of Rajasthan. 

Hotels - This tour had such a fun variety of hotels. Highlights included Fort Chanwa in Luni (shout out to Babu Lal and his family for a charming tea in their home), the magnificent  Deogarh Mahal palace where I enjoyed some pool time and wandering around the village, and glamping at the Jungle Cave Resort after the safari, which was so unique. Each of these places had entertainment in the evening with campfires, singing, and dancing.

Tour Guides - In each city I had a guide native to the area explain the local attractions and the history behind them. Special shout outs to Prem in Jaipur (knew where to get all the best photos inside the Amber Fort and the City Palace) and Amrit in Agra. Amrit’s telling of the story behind the Taj Mahal literally brought tears to my eyes. He really brought the saga to life!

Activities - I got to do so many exciting things on this tour! Some of the highlights were the jeep safari in Ranthambore National Patk (spotted tons of animals!), dangled off the train from one of my favorite Bollywood numbers (‘Chaiyya, Chaiyya’ from Dil Se), and rode an elephant in Jaipur.

Shopping - I went to India with a specific shopping list of treasures I wanted to bring home. Everything from nicer items like jewelry and bedding sets, down to fun bangles and candies from the local grocery store. Between Pradeep and the local guides, I got everything on my list and they’re all gorgeous. I did have the fine jewelry (diamonds, rubies, emeralds, gold, and silver) appraised when I came home. They were all authentic, valued higher than what I paid for them, and the appraiser was impressed by the craftsmanship and uniqueness. 

I really appreciate the trustworthiness, knowledge, and kindness of the entire team. Booking was easy and Karni in the main office was quick to respond to any questions I had. Five star experience all around!",https://cdn.tourradar.com/s3/review/original/461871_699f6220e7d9f.jpg,,,false,https://www.tourradar.com/t/126911,
461871,Taj Mahal & Rajasthan with Royal Stay at Castles,Jaipur,Bianca Nealious,"https://images.unsplash.com/photo-1472099645785-5658abf4ff4e?w=1
  50&h=150&fit=crop",5,2026-02-25,"I traveled to India for a wedding and then wanted to spend a couple weeks exploring Rajasthan. Feedback is based on being a solo female traveler.

I","I traveled to India for a wedding and then wanted to spend a couple weeks exploring Rajasthan. Feedback is based on being a solo female traveler.

Itinerary - I booked Swastik India Journeys’ 11-Day “Taj Mahal and Wildlife with Royal Stay at Castles” and it was a blast! It had the perfect blend of big cities, small towns, and nature. I rode in boats, on trains, in cars, and on elephants.

Driver - Pradeep Singh was my driver the entire time and he was absolutely amazing. Besides being a patient and safe driver, he also shared fascinating details about history and daily life in India, smoothed out itinerary glitches, knew the best times to visit busy tourist spots, was quick to stop for chai breaks, and any shopping needs. He helped me get money at ATMs, arranged laundry service, tweaked schedules and rooming so I could enjoy local events over the new year.  He made it a flawless tour of Rajasthan. 

Hotels - This tour had such a fun variety of hotels. Highlights included Fort Chanwa in Luni (shout out to Babu Lal and his family for a charming tea in their home), the magnificent  Deogarh Mahal palace where I enjoyed some pool time and wandering around the village, and glamping at the Jungle Cave Resort after the safari, which was so unique. Each of these places had entertainment in the evening with campfires, singing, and dancing.

Tour Guides - In each city I had a guide native to the area explain the local attractions and the history behind them. Special shout outs to Prem in Jaipur (knew where to get all the best photos inside the Amber Fort and the City Palace) and Amrit in Agra. Amrit’s telling of the story behind the Taj Mahal literally brought tears to my eyes. He really brought the saga to life!

Activities - I got to do so many exciting things on this tour! Some of the highlights were the jeep safari in Ranthambore National Patk (spotted tons of animals!), dangled off the train from one of my favorite Bollywood numbers (‘Chaiyya, Chaiyya’ from Dil Se), and rode an elephant in Jaipur.

Shopping - I went to India with a specific shopping list of treasures I wanted to bring home. Everything from nicer items like jewelry and bedding sets, down to fun bangles and candies from the local grocery store. Between Pradeep and the local guides, I got everything on my list and they’re all gorgeous. I did have the fine jewelry (diamonds, rubies, emeralds, gold, and silver) appraised when I came home. They were all authentic, valued higher than what I paid for them, and the appraiser was impressed by the craftsmanship and uniqueness. 

I really appreciate the trustworthiness, knowledge, and kindness of the entire team. Booking was easy and Karni in the main office was quick to respond to any questions I had. Five star experience all around!",https://cdn.tourradar.com/s3/review/original/461871_699f6220e7da0.jpg,,,false,https://www.tourradar.com/t/126911,
461871,Taj Mahal & Rajasthan with Royal Stay at Castles,Jodhpur,Bianca Nealious,"https://images.unsplash.com/photo-1472099645785-5658abf4ff4e?w=1
  50&h=150&fit=crop",5,2026-02-25,"I traveled to India for a wedding and then wanted to spend a couple weeks exploring Rajasthan. Feedback is based on being a solo female traveler.

I","I traveled to India for a wedding and then wanted to spend a couple weeks exploring Rajasthan. Feedback is based on being a solo female traveler.

Itinerary - I booked Swastik India Journeys’ 11-Day “Taj Mahal and Wildlife with Royal Stay at Castles” and it was a blast! It had the perfect blend of big cities, small towns, and nature. I rode in boats, on trains, in cars, and on elephants.

Driver - Pradeep Singh was my driver the entire time and he was absolutely amazing. Besides being a patient and safe driver, he also shared fascinating details about history and daily life in India, smoothed out itinerary glitches, knew the best times to visit busy tourist spots, was quick to stop for chai breaks, and any shopping needs. He helped me get money at ATMs, arranged laundry service, tweaked schedules and rooming so I could enjoy local events over the new year.  He made it a flawless tour of Rajasthan. 

Hotels - This tour had such a fun variety of hotels. Highlights included Fort Chanwa in Luni (shout out to Babu Lal and his family for a charming tea in their home), the magnificent  Deogarh Mahal palace where I enjoyed some pool time and wandering around the village, and glamping at the Jungle Cave Resort after the safari, which was so unique. Each of these places had entertainment in the evening with campfires, singing, and dancing.

Tour Guides - In each city I had a guide native to the area explain the local attractions and the history behind them. Special shout outs to Prem in Jaipur (knew where to get all the best photos inside the Amber Fort and the City Palace) and Amrit in Agra. Amrit’s telling of the story behind the Taj Mahal literally brought tears to my eyes. He really brought the saga to life!

Activities - I got to do so many exciting things on this tour! Some of the highlights were the jeep safari in Ranthambore National Patk (spotted tons of animals!), dangled off the train from one of my favorite Bollywood numbers (‘Chaiyya, Chaiyya’ from Dil Se), and rode an elephant in Jaipur.

Shopping - I went to India with a specific shopping list of treasures I wanted to bring home. Everything from nicer items like jewelry and bedding sets, down to fun bangles and candies from the local grocery store. Between Pradeep and the local guides, I got everything on my list and they’re all gorgeous. I did have the fine jewelry (diamonds, rubies, emeralds, gold, and silver) appraised when I came home. They were all authentic, valued higher than what I paid for them, and the appraiser was impressed by the craftsmanship and uniqueness. 

I really appreciate the trustworthiness, knowledge, and kindness of the entire team. Booking was easy and Karni in the main office was quick to respond to any questions I had. Five star experience all around!",https://cdn.tourradar.com/s3/review/original/461871_699f6220e7da1.jpg,,,false,https://www.tourradar.com/t/126911,
461871,Taj Mahal & Rajasthan with Royal Stay at Castles,Ranthambore National Park,Bianca Nealious,"https://images.unsplash.com/photo-1472099645785-5658abf4ff4e?w=1
  50&h=150&fit=crop",5,2026-02-25,"I traveled to India for a wedding and then wanted to spend a couple weeks exploring Rajasthan. Feedback is based on being a solo female traveler.

I","I traveled to India for a wedding and then wanted to spend a couple weeks exploring Rajasthan. Feedback is based on being a solo female traveler.

Itinerary - I booked Swastik India Journeys’ 11-Day “Taj Mahal and Wildlife with Royal Stay at Castles” and it was a blast! It had the perfect blend of big cities, small towns, and nature. I rode in boats, on trains, in cars, and on elephants.

Driver - Pradeep Singh was my driver the entire time and he was absolutely amazing. Besides being a patient and safe driver, he also shared fascinating details about history and daily life in India, smoothed out itinerary glitches, knew the best times to visit busy tourist spots, was quick to stop for chai breaks, and any shopping needs. He helped me get money at ATMs, arranged laundry service, tweaked schedules and rooming so I could enjoy local events over the new year.  He made it a flawless tour of Rajasthan. 

Hotels - This tour had such a fun variety of hotels. Highlights included Fort Chanwa in Luni (shout out to Babu Lal and his family for a charming tea in their home), the magnificent  Deogarh Mahal palace where I enjoyed some pool time and wandering around the village, and glamping at the Jungle Cave Resort after the safari, which was so unique. Each of these places had entertainment in the evening with campfires, singing, and dancing.

Tour Guides - In each city I had a guide native to the area explain the local attractions and the history behind them. Special shout outs to Prem in Jaipur (knew where to get all the best photos inside the Amber Fort and the City Palace) and Amrit in Agra. Amrit’s telling of the story behind the Taj Mahal literally brought tears to my eyes. He really brought the saga to life!

Activities - I got to do so many exciting things on this tour! Some of the highlights were the jeep safari in Ranthambore National Patk (spotted tons of animals!), dangled off the train from one of my favorite Bollywood numbers (‘Chaiyya, Chaiyya’ from Dil Se), and rode an elephant in Jaipur.

Shopping - I went to India with a specific shopping list of treasures I wanted to bring home. Everything from nicer items like jewelry and bedding sets, down to fun bangles and candies from the local grocery store. Between Pradeep and the local guides, I got everything on my list and they’re all gorgeous. I did have the fine jewelry (diamonds, rubies, emeralds, gold, and silver) appraised when I came home. They were all authentic, valued higher than what I paid for them, and the appraiser was impressed by the craftsmanship and uniqueness. 

I really appreciate the trustworthiness, knowledge, and kindness of the entire team. Booking was easy and Karni in the main office was quick to respond to any questions I had. Five star experience all around!",https://cdn.tourradar.com/s3/review/original/461871_699f6220e7da2.jpg,,,false,https://www.tourradar.com/t/126911,
461871,Taj Mahal & Rajasthan with Royal Stay at Castles,Ranthambore National Park,Bianca Nealious,"https://images.unsplash.com/photo-1472099645785-5658abf4ff4e?w=1
  50&h=150&fit=crop",5,2026-02-25,"I traveled to India for a wedding and then wanted to spend a couple weeks exploring Rajasthan. Feedback is based on being a solo female traveler.

I","I traveled to India for a wedding and then wanted to spend a couple weeks exploring Rajasthan. Feedback is based on being a solo female traveler.

Itinerary - I booked Swastik India Journeys’ 11-Day “Taj Mahal and Wildlife with Royal Stay at Castles” and it was a blast! It had the perfect blend of big cities, small towns, and nature. I rode in boats, on trains, in cars, and on elephants.

Driver - Pradeep Singh was my driver the entire time and he was absolutely amazing. Besides being a patient and safe driver, he also shared fascinating details about history and daily life in India, smoothed out itinerary glitches, knew the best times to visit busy tourist spots, was quick to stop for chai breaks, and any shopping needs. He helped me get money at ATMs, arranged laundry service, tweaked schedules and rooming so I could enjoy local events over the new year.  He made it a flawless tour of Rajasthan. 

Hotels - This tour had such a fun variety of hotels. Highlights included Fort Chanwa in Luni (shout out to Babu Lal and his family for a charming tea in their home), the magnificent  Deogarh Mahal palace where I enjoyed some pool time and wandering around the village, and glamping at the Jungle Cave Resort after the safari, which was so unique. Each of these places had entertainment in the evening with campfires, singing, and dancing.

Tour Guides - In each city I had a guide native to the area explain the local attractions and the history behind them. Special shout outs to Prem in Jaipur (knew where to get all the best photos inside the Amber Fort and the City Palace) and Amrit in Agra. Amrit’s telling of the story behind the Taj Mahal literally brought tears to my eyes. He really brought the saga to life!

Activities - I got to do so many exciting things on this tour! Some of the highlights were the jeep safari in Ranthambore National Patk (spotted tons of animals!), dangled off the train from one of my favorite Bollywood numbers (‘Chaiyya, Chaiyya’ from Dil Se), and rode an elephant in Jaipur.

Shopping - I went to India with a specific shopping list of treasures I wanted to bring home. Everything from nicer items like jewelry and bedding sets, down to fun bangles and candies from the local grocery store. Between Pradeep and the local guides, I got everything on my list and they’re all gorgeous. I did have the fine jewelry (diamonds, rubies, emeralds, gold, and silver) appraised when I came home. They were all authentic, valued higher than what I paid for them, and the appraiser was impressed by the craftsmanship and uniqueness. 

I really appreciate the trustworthiness, knowledge, and kindness of the entire team. Booking was easy and Karni in the main office was quick to respond to any questions I had. Five star experience all around!",https://cdn.tourradar.com/s3/review/original/461871_699f6220e7da3.jpg,,,false,https://www.tourradar.com/t/126911,
461871,Taj Mahal & Rajasthan with Royal Stay at Castles,,Bianca Nealious,"https://images.unsplash.com/photo-1472099645785-5658abf4ff4e?w=1
  50&h=150&fit=crop",5,2026-02-25,"I traveled to India for a wedding and then wanted to spend a couple weeks exploring Rajasthan. Feedback is based on being a solo female traveler.

I","I traveled to India for a wedding and then wanted to spend a couple weeks exploring Rajasthan. Feedback is based on being a solo female traveler.

Itinerary - I booked Swastik India Journeys’ 11-Day “Taj Mahal and Wildlife with Royal Stay at Castles” and it was a blast! It had the perfect blend of big cities, small towns, and nature. I rode in boats, on trains, in cars, and on elephants.

Driver - Pradeep Singh was my driver the entire time and he was absolutely amazing. Besides being a patient and safe driver, he also shared fascinating details about history and daily life in India, smoothed out itinerary glitches, knew the best times to visit busy tourist spots, was quick to stop for chai breaks, and any shopping needs. He helped me get money at ATMs, arranged laundry service, tweaked schedules and rooming so I could enjoy local events over the new year.  He made it a flawless tour of Rajasthan. 

Hotels - This tour had such a fun variety of hotels. Highlights included Fort Chanwa in Luni (shout out to Babu Lal and his family for a charming tea in their home), the magnificent  Deogarh Mahal palace where I enjoyed some pool time and wandering around the village, and glamping at the Jungle Cave Resort after the safari, which was so unique. Each of these places had entertainment in the evening with campfires, singing, and dancing.

Tour Guides - In each city I had a guide native to the area explain the local attractions and the history behind them. Special shout outs to Prem in Jaipur (knew where to get all the best photos inside the Amber Fort and the City Palace) and Amrit in Agra. Amrit’s telling of the story behind the Taj Mahal literally brought tears to my eyes. He really brought the saga to life!

Activities - I got to do so many exciting things on this tour! Some of the highlights were the jeep safari in Ranthambore National Patk (spotted tons of animals!), dangled off the train from one of my favorite Bollywood numbers (‘Chaiyya, Chaiyya’ from Dil Se), and rode an elephant in Jaipur.

Shopping - I went to India with a specific shopping list of treasures I wanted to bring home. Everything from nicer items like jewelry and bedding sets, down to fun bangles and candies from the local grocery store. Between Pradeep and the local guides, I got everything on my list and they’re all gorgeous. I did have the fine jewelry (diamonds, rubies, emeralds, gold, and silver) appraised when I came home. They were all authentic, valued higher than what I paid for them, and the appraiser was impressed by the craftsmanship and uniqueness. 

I really appreciate the trustworthiness, knowledge, and kindness of the entire team. Booking was easy and Karni in the main office was quick to respond to any questions I had. Five star experience all around!",https://cdn.tourradar.com/s3/review/original/461871_699f6220e7da4.jpg,,,false,https://www.tourradar.com/t/126911,
461871,Taj Mahal & Rajasthan with Royal Stay at Castles,,Bianca Nealious,"https://images.unsplash.com/photo-1472099645785-5658abf4ff4e?w=1
  50&h=150&fit=crop",5,2026-02-25,"I traveled to India for a wedding and then wanted to spend a couple weeks exploring Rajasthan. Feedback is based on being a solo female traveler.

I","I traveled to India for a wedding and then wanted to spend a couple weeks exploring Rajasthan. Feedback is based on being a solo female traveler.

Itinerary - I booked Swastik India Journeys’ 11-Day “Taj Mahal and Wildlife with Royal Stay at Castles” and it was a blast! It had the perfect blend of big cities, small towns, and nature. I rode in boats, on trains, in cars, and on elephants.

Driver - Pradeep Singh was my driver the entire time and he was absolutely amazing. Besides being a patient and safe driver, he also shared fascinating details about history and daily life in India, smoothed out itinerary glitches, knew the best times to visit busy tourist spots, was quick to stop for chai breaks, and any shopping needs. He helped me get money at ATMs, arranged laundry service, tweaked schedules and rooming so I could enjoy local events over the new year.  He made it a flawless tour of Rajasthan. 

Hotels - This tour had such a fun variety of hotels. Highlights included Fort Chanwa in Luni (shout out to Babu Lal and his family for a charming tea in their home), the magnificent  Deogarh Mahal palace where I enjoyed some pool time and wandering around the village, and glamping at the Jungle Cave Resort after the safari, which was so unique. Each of these places had entertainment in the evening with campfires, singing, and dancing.

Tour Guides - In each city I had a guide native to the area explain the local attractions and the history behind them. Special shout outs to Prem in Jaipur (knew where to get all the best photos inside the Amber Fort and the City Palace) and Amrit in Agra. Amrit’s telling of the story behind the Taj Mahal literally brought tears to my eyes. He really brought the saga to life!

Activities - I got to do so many exciting things on this tour! Some of the highlights were the jeep safari in Ranthambore National Patk (spotted tons of animals!), dangled off the train from one of my favorite Bollywood numbers (‘Chaiyya, Chaiyya’ from Dil Se), and rode an elephant in Jaipur.

Shopping - I went to India with a specific shopping list of treasures I wanted to bring home. Everything from nicer items like jewelry and bedding sets, down to fun bangles and candies from the local grocery store. Between Pradeep and the local guides, I got everything on my list and they’re all gorgeous. I did have the fine jewelry (diamonds, rubies, emeralds, gold, and silver) appraised when I came home. They were all authentic, valued higher than what I paid for them, and the appraiser was impressed by the craftsmanship and uniqueness. 

I really appreciate the trustworthiness, knowledge, and kindness of the entire team. Booking was easy and Karni in the main office was quick to respond to any questions I had. Five star experience all around!",https://cdn.tourradar.com/s3/review/original/461871_699f6220e7da5.jpg,,,false,https://www.tourradar.com/t/126911,
461871,Taj Mahal & Rajasthan with Royal Stay at Castles,Jaipur,Bianca Nealious,"https://images.unsplash.com/photo-1472099645785-5658abf4ff4e?w=1
  50&h=150&fit=crop",5,2026-02-25,"I traveled to India for a wedding and then wanted to spend a couple weeks exploring Rajasthan. Feedback is based on being a solo female traveler.

I","I traveled to India for a wedding and then wanted to spend a couple weeks exploring Rajasthan. Feedback is based on being a solo female traveler.

Itinerary - I booked Swastik India Journeys’ 11-Day “Taj Mahal and Wildlife with Royal Stay at Castles” and it was a blast! It had the perfect blend of big cities, small towns, and nature. I rode in boats, on trains, in cars, and on elephants.

Driver - Pradeep Singh was my driver the entire time and he was absolutely amazing. Besides being a patient and safe driver, he also shared fascinating details about history and daily life in India, smoothed out itinerary glitches, knew the best times to visit busy tourist spots, was quick to stop for chai breaks, and any shopping needs. He helped me get money at ATMs, arranged laundry service, tweaked schedules and rooming so I could enjoy local events over the new year.  He made it a flawless tour of Rajasthan. 

Hotels - This tour had such a fun variety of hotels. Highlights included Fort Chanwa in Luni (shout out to Babu Lal and his family for a charming tea in their home), the magnificent  Deogarh Mahal palace where I enjoyed some pool time and wandering around the village, and glamping at the Jungle Cave Resort after the safari, which was so unique. Each of these places had entertainment in the evening with campfires, singing, and dancing.

Tour Guides - In each city I had a guide native to the area explain the local attractions and the history behind them. Special shout outs to Prem in Jaipur (knew where to get all the best photos inside the Amber Fort and the City Palace) and Amrit in Agra. Amrit’s telling of the story behind the Taj Mahal literally brought tears to my eyes. He really brought the saga to life!

Activities - I got to do so many exciting things on this tour! Some of the highlights were the jeep safari in Ranthambore National Patk (spotted tons of animals!), dangled off the train from one of my favorite Bollywood numbers (‘Chaiyya, Chaiyya’ from Dil Se), and rode an elephant in Jaipur.

Shopping - I went to India with a specific shopping list of treasures I wanted to bring home. Everything from nicer items like jewelry and bedding sets, down to fun bangles and candies from the local grocery store. Between Pradeep and the local guides, I got everything on my list and they’re all gorgeous. I did have the fine jewelry (diamonds, rubies, emeralds, gold, and silver) appraised when I came home. They were all authentic, valued higher than what I paid for them, and the appraiser was impressed by the craftsmanship and uniqueness. 

I really appreciate the trustworthiness, knowledge, and kindness of the entire team. Booking was easy and Karni in the main office was quick to respond to any questions I had. Five star experience all around!",https://cdn.tourradar.com/s3/review/original/461871_699f6220e7da6.jpg,,,false,https://www.tourradar.com/t/126911,
461843,Pharaohs Nile Cruise Adventure - Grand GEM Visit – Return Flights Included,Aswan,Qing Deng,"https://images.unsplash.com/photo-1472099645785-5658abf4ff4e?w=1
  50&h=150&fit=crop",4,2026-02-25,The best part of the tour was the incredible itinerary. We got to see the most important ancient Egyptian monuments/sites in a week. The experience wa,"The best part of the tour was the incredible itinerary. We got to see the most important ancient Egyptian monuments/sites in a week. The experience was amazing in general. Unlike some reviewers mentioned that they felt somewhat rushed, we felt that the time spent at the sites was sufficient/appropriate for the most part. Accommodations and the variety/quality of food on the cruise were good, although not luxurious. I think it’s helpful to indicate in the tour description that early morning departure is expected. In our case, we had to leave at 3:30AM two mornings once for the flight to Luxor and the other time for the bus to Abu Simbel. Other mornings were also quite early, 6:30-7:00, in order to beat the crowds and the afternoon heat, which was necessary and preferable. Good thing is you get to rest in the afternoon on the cruise. I think we got lucky that  the 19 people in our group were all super nice and interesting. Our tour guide was very responsible and knowledgeable, he really tried to give us lots of information about the history and places we visited, however, we had difficulty with his accent therefore didn’t fully benefit from the guided tours. Overall it’s a satisfactory and memorable experience that we would definitely recommend.",https://cdn.tourradar.com/s3/review/original/461843_699efcc2e26e8.jpg,,,false,https://www.tourradar.com/t/111022,
461843,Pharaohs Nile Cruise Adventure - Grand GEM Visit – Return Flights Included,Kom Ombo,Qing Deng,"https://images.unsplash.com/photo-1472099645785-5658abf4ff4e?w=1
  50&h=150&fit=crop",4,2026-02-25,The best part of the tour was the incredible itinerary. We got to see the most important ancient Egyptian monuments/sites in a week. The experience wa,"The best part of the tour was the incredible itinerary. We got to see the most important ancient Egyptian monuments/sites in a week. The experience was amazing in general. Unlike some reviewers mentioned that they felt somewhat rushed, we felt that the time spent at the sites was sufficient/appropriate for the most part. Accommodations and the variety/quality of food on the cruise were good, although not luxurious. I think it’s helpful to indicate in the tour description that early morning departure is expected. In our case, we had to leave at 3:30AM two mornings once for the flight to Luxor and the other time for the bus to Abu Simbel. Other mornings were also quite early, 6:30-7:00, in order to beat the crowds and the afternoon heat, which was necessary and preferable. Good thing is you get to rest in the afternoon on the cruise. I think we got lucky that  the 19 people in our group were all super nice and interesting. Our tour guide was very responsible and knowledgeable, he really tried to give us lots of information about the history and places we visited, however, we had difficulty with his accent therefore didn’t fully benefit from the guided tours. Overall it’s a satisfactory and memorable experience that we would definitely recommend.",https://cdn.tourradar.com/s3/review/original/461843_699efcc2e26ef.jpg,,,false,https://www.tourradar.com/t/111022,
461843,Pharaohs Nile Cruise Adventure - Grand GEM Visit – Return Flights Included,Luxor,Qing Deng,"https://images.unsplash.com/photo-1472099645785-5658abf4ff4e?w=1
  50&h=150&fit=crop",4,2026-02-25,The best part of the tour was the incredible itinerary. We got to see the most important ancient Egyptian monuments/sites in a week. The experience wa,"The best part of the tour was the incredible itinerary. We got to see the most important ancient Egyptian monuments/sites in a week. The experience was amazing in general. Unlike some reviewers mentioned that they felt somewhat rushed, we felt that the time spent at the sites was sufficient/appropriate for the most part. Accommodations and the variety/quality of food on the cruise were good, although not luxurious. I think it’s helpful to indicate in the tour description that early morning departure is expected. In our case, we had to leave at 3:30AM two mornings once for the flight to Luxor and the other time for the bus to Abu Simbel. Other mornings were also quite early, 6:30-7:00, in order to beat the crowds and the afternoon heat, which was necessary and preferable. Good thing is you get to rest in the afternoon on the cruise. I think we got lucky that  the 19 people in our group were all super nice and interesting. Our tour guide was very responsible and knowledgeable, he really tried to give us lots of information about the history and places we visited, however, we had difficulty with his accent therefore didn’t fully benefit from the guided tours. Overall it’s a satisfactory and memorable experience that we would definitely recommend.",https://cdn.tourradar.com/s3/review/original/461843_699efcc2e26f0.jpg,,,false,https://www.tourradar.com/t/111022,
461843,Pharaohs Nile Cruise Adventure - Grand GEM Visit – Return Flights Included,Luxor,Qing Deng,"https://images.unsplash.com/photo-1472099645785-5658abf4ff4e?w=1
  50&h=150&fit=crop",4,2026-02-25,The best part of the tour was the incredible itinerary. We got to see the most important ancient Egyptian monuments/sites in a week. The experience wa,"The best part of the tour was the incredible itinerary. We got to see the most important ancient Egyptian monuments/sites in a week. The experience was amazing in general. Unlike some reviewers mentioned that they felt somewhat rushed, we felt that the time spent at the sites was sufficient/appropriate for the most part. Accommodations and the variety/quality of food on the cruise were good, although not luxurious. I think it’s helpful to indicate in the tour description that early morning departure is expected. In our case, we had to leave at 3:30AM two mornings once for the flight to Luxor and the other time for the bus to Abu Simbel. Other mornings were also quite early, 6:30-7:00, in order to beat the crowds and the afternoon heat, which was necessary and preferable. Good thing is you get to rest in the afternoon on the cruise. I think we got lucky that  the 19 people in our group were all super nice and interesting. Our tour guide was very responsible and knowledgeable, he really tried to give us lots of information about the history and places we visited, however, we had difficulty with his accent therefore didn’t fully benefit from the guided tours. Overall it’s a satisfactory and memorable experience that we would definitely recommend.",https://cdn.tourradar.com/s3/review/original/461843_699efcc2e26f2.jpg,,,false,https://www.tourradar.com/t/111022,
461843,Pharaohs Nile Cruise Adventure - Grand GEM Visit – Return Flights Included,Aswan,Qing Deng,"https://images.unsplash.com/photo-1472099645785-5658abf4ff4e?w=1
  50&h=150&fit=crop",4,2026-02-25,The best part of the tour was the incredible itinerary. We got to see the most important ancient Egyptian monuments/sites in a week. The experience wa,"The best part of the tour was the incredible itinerary. We got to see the most important ancient Egyptian monuments/sites in a week. The experience was amazing in general. Unlike some reviewers mentioned that they felt somewhat rushed, we felt that the time spent at the sites was sufficient/appropriate for the most part. Accommodations and the variety/quality of food on the cruise were good, although not luxurious. I think it’s helpful to indicate in the tour description that early morning departure is expected. In our case, we had to leave at 3:30AM two mornings once for the flight to Luxor and the other time for the bus to Abu Simbel. Other mornings were also quite early, 6:30-7:00, in order to beat the crowds and the afternoon heat, which was necessary and preferable. Good thing is you get to rest in the afternoon on the cruise. I think we got lucky that  the 19 people in our group were all super nice and interesting. Our tour guide was very responsible and knowledgeable, he really tried to give us lots of information about the history and places we visited, however, we had difficulty with his accent therefore didn’t fully benefit from the guided tours. Overall it’s a satisfactory and memorable experience that we would definitely recommend.",https://cdn.tourradar.com/s3/review/original/461843_699efe7d87168.jpg,,,false,https://www.tourradar.com/t/111022,
461843,Pharaohs Nile Cruise Adventure - Grand GEM Visit – Return Flights Included,Kom Ombo,Qing Deng,"https://images.unsplash.com/photo-1472099645785-5658abf4ff4e?w=1
  50&h=150&fit=crop",4,2026-02-25,The best part of the tour was the incredible itinerary. We got to see the most important ancient Egyptian monuments/sites in a week. The experience wa,"The best part of the tour was the incredible itinerary. We got to see the most important ancient Egyptian monuments/sites in a week. The experience was amazing in general. Unlike some reviewers mentioned that they felt somewhat rushed, we felt that the time spent at the sites was sufficient/appropriate for the most part. Accommodations and the variety/quality of food on the cruise were good, although not luxurious. I think it’s helpful to indicate in the tour description that early morning departure is expected. In our case, we had to leave at 3:30AM two mornings once for the flight to Luxor and the other time for the bus to Abu Simbel. Other mornings were also quite early, 6:30-7:00, in order to beat the crowds and the afternoon heat, which was necessary and preferable. Good thing is you get to rest in the afternoon on the cruise. I think we got lucky that  the 19 people in our group were all super nice and interesting. Our tour guide was very responsible and knowledgeable, he really tried to give us lots of information about the history and places we visited, however, we had difficulty with his accent therefore didn’t fully benefit from the guided tours. Overall it’s a satisfactory and memorable experience that we would definitely recommend.",https://cdn.tourradar.com/s3/review/original/461843_699efe7d8716d.jpg,,,false,https://www.tourradar.com/t/111022,
461843,Pharaohs Nile Cruise Adventure - Grand GEM Visit – Return Flights Included,Luxor,Qing Deng,"https://images.unsplash.com/photo-1472099645785-5658abf4ff4e?w=1
  50&h=150&fit=crop",4,2026-02-25,The best part of the tour was the incredible itinerary. We got to see the most important ancient Egyptian monuments/sites in a week. The experience wa,"The best part of the tour was the incredible itinerary. We got to see the most important ancient Egyptian monuments/sites in a week. The experience was amazing in general. Unlike some reviewers mentioned that they felt somewhat rushed, we felt that the time spent at the sites was sufficient/appropriate for the most part. Accommodations and the variety/quality of food on the cruise were good, although not luxurious. I think it’s helpful to indicate in the tour description that early morning departure is expected. In our case, we had to leave at 3:30AM two mornings once for the flight to Luxor and the other time for the bus to Abu Simbel. Other mornings were also quite early, 6:30-7:00, in order to beat the crowds and the afternoon heat, which was necessary and preferable. Good thing is you get to rest in the afternoon on the cruise. I think we got lucky that  the 19 people in our group were all super nice and interesting. Our tour guide was very responsible and knowledgeable, he really tried to give us lots of information about the history and places we visited, however, we had difficulty with his accent therefore didn’t fully benefit from the guided tours. Overall it’s a satisfactory and memorable experience that we would definitely recommend.",https://cdn.tourradar.com/s3/review/original/461843_699efe7d8716e.jpg,,,false,https://www.tourradar.com/t/111022,
461843,Pharaohs Nile Cruise Adventure - Grand GEM Visit – Return Flights Included,Luxor,Qing Deng,"https://images.unsplash.com/photo-1472099645785-5658abf4ff4e?w=1
  50&h=150&fit=crop",4,2026-02-25,The best part of the tour was the incredible itinerary. We got to see the most important ancient Egyptian monuments/sites in a week. The experience wa,"The best part of the tour was the incredible itinerary. We got to see the most important ancient Egyptian monuments/sites in a week. The experience was amazing in general. Unlike some reviewers mentioned that they felt somewhat rushed, we felt that the time spent at the sites was sufficient/appropriate for the most part. Accommodations and the variety/quality of food on the cruise were good, although not luxurious. I think it’s helpful to indicate in the tour description that early morning departure is expected. In our case, we had to leave at 3:30AM two mornings once for the flight to Luxor and the other time for the bus to Abu Simbel. Other mornings were also quite early, 6:30-7:00, in order to beat the crowds and the afternoon heat, which was necessary and preferable. Good thing is you get to rest in the afternoon on the cruise. I think we got lucky that  the 19 people in our group were all super nice and interesting. Our tour guide was very responsible and knowledgeable, he really tried to give us lots of information about the history and places we visited, however, we had difficulty with his accent therefore didn’t fully benefit from the guided tours. Overall it’s a satisfactory and memorable experience that we would definitely recommend.",https://cdn.tourradar.com/s3/review/original/461843_699efe7d8716f.jpg,,,false,https://www.tourradar.com/t/111022,
461823,Private 10-Day Golden Triangle & Spiritual India Tour with Vande Bharat Train Experience - Delhi • Agra (Taj Mahal) • Jaipur • Khajuraho Temples • Varanasi Ganges Aarti,Agra,Robert  Twerdoclib,"https://images.unsplash.com/photo-1472099645785-5658abf4ff4e?w=1
  50&h=150&fit=crop",5,2026-02-25,SAFEHANDS travel did a wonderful job of customizing their Golden Triangle of India to include a Royal Bengal Tiger safari that was exactly to our requ,"SAFEHANDS travel did a wonderful job of customizing their Golden Triangle of India to include a Royal Bengal Tiger safari that was exactly to our request. Superior drivers, local guides and near daily check-ins from representatives of this travel group ensuring our needs were being met and concerns addressed.
This was our first journey to India, and our fourth time using Tour Radar. Gotta say this was by far the best we have experienced to date.",https://cdn.tourradar.com/s3/review/original/461823_699edd6290651.jpg,,,false,https://www.tourradar.com/t/313044,
461823,Private 10-Day Golden Triangle & Spiritual India Tour with Vande Bharat Train Experience - Delhi • Agra (Taj Mahal) • Jaipur • Khajuraho Temples • Varanasi Ganges Aarti,Varanasi,Robert  Twerdoclib,"https://images.unsplash.com/photo-1472099645785-5658abf4ff4e?w=1
  50&h=150&fit=crop",5,2026-02-25,SAFEHANDS travel did a wonderful job of customizing their Golden Triangle of India to include a Royal Bengal Tiger safari that was exactly to our requ,"SAFEHANDS travel did a wonderful job of customizing their Golden Triangle of India to include a Royal Bengal Tiger safari that was exactly to our request. Superior drivers, local guides and near daily check-ins from representatives of this travel group ensuring our needs were being met and concerns addressed.
This was our first journey to India, and our fourth time using Tour Radar. Gotta say this was by far the best we have experienced to date.",https://cdn.tourradar.com/s3/review/original/461823_699edd6290655.jpg,,,false,https://www.tourradar.com/t/313044,
461823,Private 10-Day Golden Triangle & Spiritual India Tour with Vande Bharat Train Experience - Delhi • Agra (Taj Mahal) • Jaipur • Khajuraho Temples • Varanasi Ganges Aarti,Ranthambore National Park,Robert  Twerdoclib,"https://images.unsplash.com/photo-1472099645785-5658abf4ff4e?w=1
  50&h=150&fit=crop",5,2026-02-25,SAFEHANDS travel did a wonderful job of customizing their Golden Triangle of India to include a Royal Bengal Tiger safari that was exactly to our requ,"SAFEHANDS travel did a wonderful job of customizing their Golden Triangle of India to include a Royal Bengal Tiger safari that was exactly to our request. Superior drivers, local guides and near daily check-ins from representatives of this travel group ensuring our needs were being met and concerns addressed.
This was our first journey to India, and our fourth time using Tour Radar. Gotta say this was by far the best we have experienced to date.",https://cdn.tourradar.com/s3/review/original/461823_699edd6290656.jpg,,,false,https://www.tourradar.com/t/313044,
461808,West Philippines Classic 14 Day -  One Life Adventures,Coron,Julie Strand,"https://images.unsplash.com/photo-1472099645785-5658abf4ff4e?w=1
  50&h=150&fit=crop",5,2026-02-25,"I have so many words that can describe this trip, and they are all positive! This trip was an AMAZING experience, many thanks to our tour guide Sheena","I have so many words that can describe this trip, and they are all positive! This trip was an AMAZING experience, many thanks to our tour guide Sheena! She has been the best tour guide ever, bringing so much positive energy and good vibes to the group. We were a big group on 17 people, but already from day one she brought us together to one big happy family. She started with presenting her expectations to the trip, both to us, to her and what we were gonna see and experience. I appreciate Sheena not just showing us the attractions, but we learned so much about the Filipino culture and met so many heartfelt people. We saw that our respect for the Filipinos and also for their nature and animal life made them really thankful. On earlier tours with other companies I have experienced tourguides having little energy and taking it only as «work». Sheena wasn’t just our guide, telling us what to do and when. She made her a part of the group, getting to know each and every person. She always looked out for us, making sure we had everything we needed. Even before the trip started she was always available on mail answering every big or little question we had. I always felt safe. And even for two weeks with a lot schechlued in the program there were allways good vibes and allways a Sheena smiling (and dancing). It had to be mentioned that this was her second tour, back to back, and I’m impressed how present Sheena was. She organaized family dinner every night, taking us to the most delicious restaurants. I had high expectations, but now I’m impressed of how much planning that is behind the tour and every person who has participated making us feel welcome and looked out for.  From transport, to delicious food, hostels/hotels. It is a high standard and you relay get what you have paid for! This was a life experience, and again I have to give a huge applause to Sheena. What a woman she is. Don’t think twice about this opportunity, go for it because you want regret it!",https://cdn.tourradar.com/s3/review/original/461808_699eaa9c57951.jpg,,,false,https://www.tourradar.com/t/232948,
461808,West Philippines Classic 14 Day -  One Life Adventures,Port Barton,Julie Strand,"https://images.unsplash.com/photo-1472099645785-5658abf4ff4e?w=1
  50&h=150&fit=crop",5,2026-02-25,"I have so many words that can describe this trip, and they are all positive! This trip was an AMAZING experience, many thanks to our tour guide Sheena","I have so many words that can describe this trip, and they are all positive! This trip was an AMAZING experience, many thanks to our tour guide Sheena! She has been the best tour guide ever, bringing so much positive energy and good vibes to the group. We were a big group on 17 people, but already from day one she brought us together to one big happy family. She started with presenting her expectations to the trip, both to us, to her and what we were gonna see and experience. I appreciate Sheena not just showing us the attractions, but we learned so much about the Filipino culture and met so many heartfelt people. We saw that our respect for the Filipinos and also for their nature and animal life made them really thankful. On earlier tours with other companies I have experienced tourguides having little energy and taking it only as «work». Sheena wasn’t just our guide, telling us what to do and when. She made her a part of the group, getting to know each and every person. She always looked out for us, making sure we had everything we needed. Even before the trip started she was always available on mail answering every big or little question we had. I always felt safe. And even for two weeks with a lot schechlued in the program there were allways good vibes and allways a Sheena smiling (and dancing). It had to be mentioned that this was her second tour, back to back, and I’m impressed how present Sheena was. She organaized family dinner every night, taking us to the most delicious restaurants. I had high expectations, but now I’m impressed of how much planning that is behind the tour and every person who has participated making us feel welcome and looked out for.  From transport, to delicious food, hostels/hotels. It is a high standard and you relay get what you have paid for! This was a life experience, and again I have to give a huge applause to Sheena. What a woman she is. Don’t think twice about this opportunity, go for it because you want regret it!",https://cdn.tourradar.com/s3/review/original/461808_699eaa9c57957.jpg,,,false,https://www.tourradar.com/t/232948,
461808,West Philippines Classic 14 Day -  One Life Adventures,Manila,Julie Strand,"https://images.unsplash.com/photo-1472099645785-5658abf4ff4e?w=1
  50&h=150&fit=crop",5,2026-02-25,"I have so many words that can describe this trip, and they are all positive! This trip was an AMAZING experience, many thanks to our tour guide Sheena","I have so many words that can describe this trip, and they are all positive! This trip was an AMAZING experience, many thanks to our tour guide Sheena! She has been the best tour guide ever, bringing so much positive energy and good vibes to the group. We were a big group on 17 people, but already from day one she brought us together to one big happy family. She started with presenting her expectations to the trip, both to us, to her and what we were gonna see and experience. I appreciate Sheena not just showing us the attractions, but we learned so much about the Filipino culture and met so many heartfelt people. We saw that our respect for the Filipinos and also for their nature and animal life made them really thankful. On earlier tours with other companies I have experienced tourguides having little energy and taking it only as «work». Sheena wasn’t just our guide, telling us what to do and when. She made her a part of the group, getting to know each and every person. She always looked out for us, making sure we had everything we needed. Even before the trip started she was always available on mail answering every big or little question we had. I always felt safe. And even for two weeks with a lot schechlued in the program there were allways good vibes and allways a Sheena smiling (and dancing). It had to be mentioned that this was her second tour, back to back, and I’m impressed how present Sheena was. She organaized family dinner every night, taking us to the most delicious restaurants. I had high expectations, but now I’m impressed of how much planning that is behind the tour and every person who has participated making us feel welcome and looked out for.  From transport, to delicious food, hostels/hotels. It is a high standard and you relay get what you have paid for! This was a life experience, and again I have to give a huge applause to Sheena. What a woman she is. Don’t think twice about this opportunity, go for it because you want regret it!",https://cdn.tourradar.com/s3/review/original/461808_699eaa9c57959.jpg,,,false,https://www.tourradar.com/t/232948,
461808,West Philippines Classic 14 Day -  One Life Adventures,Puerto Princesa,Julie Strand,"https://images.unsplash.com/photo-1472099645785-5658abf4ff4e?w=1
  50&h=150&fit=crop",5,2026-02-25,"I have so many words that can describe this trip, and they are all positive! This trip was an AMAZING experience, many thanks to our tour guide Sheena","I have so many words that can describe this trip, and they are all positive! This trip was an AMAZING experience, many thanks to our tour guide Sheena! She has been the best tour guide ever, bringing so much positive energy and good vibes to the group. We were a big group on 17 people, but already from day one she brought us together to one big happy family. She started with presenting her expectations to the trip, both to us, to her and what we were gonna see and experience. I appreciate Sheena not just showing us the attractions, but we learned so much about the Filipino culture and met so many heartfelt people. We saw that our respect for the Filipinos and also for their nature and animal life made them really thankful. On earlier tours with other companies I have experienced tourguides having little energy and taking it only as «work». Sheena wasn’t just our guide, telling us what to do and when. She made her a part of the group, getting to know each and every person. She always looked out for us, making sure we had everything we needed. Even before the trip started she was always available on mail answering every big or little question we had. I always felt safe. And even for two weeks with a lot schechlued in the program there were allways good vibes and allways a Sheena smiling (and dancing). It had to be mentioned that this was her second tour, back to back, and I’m impressed how present Sheena was. She organaized family dinner every night, taking us to the most delicious restaurants. I had high expectations, but now I’m impressed of how much planning that is behind the tour and every person who has participated making us feel welcome and looked out for.  From transport, to delicious food, hostels/hotels. It is a high standard and you relay get what you have paid for! This was a life experience, and again I have to give a huge applause to Sheena. What a woman she is. Don’t think twice about this opportunity, go for it because you want regret it!",https://cdn.tourradar.com/s3/review/original/461808_699eaa9c5795a.jpg,,,false,https://www.tourradar.com/t/232948,
461808,West Philippines Classic 14 Day -  One Life Adventures,,Julie Strand,"https://images.unsplash.com/photo-1472099645785-5658abf4ff4e?w=1
  50&h=150&fit=crop",5,2026-02-25,"I have so many words that can describe this trip, and they are all positive! This trip was an AMAZING experience, many thanks to our tour guide Sheena","I have so many words that can describe this trip, and they are all positive! This trip was an AMAZING experience, many thanks to our tour guide Sheena! She has been the best tour guide ever, bringing so much positive energy and good vibes to the group. We were a big group on 17 people, but already from day one she brought us together to one big happy family. She started with presenting her expectations to the trip, both to us, to her and what we were gonna see and experience. I appreciate Sheena not just showing us the attractions, but we learned so much about the Filipino culture and met so many heartfelt people. We saw that our respect for the Filipinos and also for their nature and animal life made them really thankful. On earlier tours with other companies I have experienced tourguides having little energy and taking it only as «work». Sheena wasn’t just our guide, telling us what to do and when. She made her a part of the group, getting to know each and every person. She always looked out for us, making sure we had everything we needed. Even before the trip started she was always available on mail answering every big or little question we had. I always felt safe. And even for two weeks with a lot schechlued in the program there were allways good vibes and allways a Sheena smiling (and dancing). It had to be mentioned that this was her second tour, back to back, and I’m impressed how present Sheena was. She organaized family dinner every night, taking us to the most delicious restaurants. I had high expectations, but now I’m impressed of how much planning that is behind the tour and every person who has participated making us feel welcome and looked out for.  From transport, to delicious food, hostels/hotels. It is a high standard and you relay get what you have paid for! This was a life experience, and again I have to give a huge applause to Sheena. What a woman she is. Don’t think twice about this opportunity, go for it because you want regret it!",https://cdn.tourradar.com/s3/review/original/461808_699eaa9c5795b.jpg,,,false,https://www.tourradar.com/t/232948,
461808,West Philippines Classic 14 Day -  One Life Adventures,,Julie Strand,"https://images.unsplash.com/photo-1472099645785-5658abf4ff4e?w=1
  50&h=150&fit=crop",5,2026-02-25,"I have so many words that can describe this trip, and they are all positive! This trip was an AMAZING experience, many thanks to our tour guide Sheena","I have so many words that can describe this trip, and they are all positive! This trip was an AMAZING experience, many thanks to our tour guide Sheena! She has been the best tour guide ever, bringing so much positive energy and good vibes to the group. We were a big group on 17 people, but already from day one she brought us together to one big happy family. She started with presenting her expectations to the trip, both to us, to her and what we were gonna see and experience. I appreciate Sheena not just showing us the attractions, but we learned so much about the Filipino culture and met so many heartfelt people. We saw that our respect for the Filipinos and also for their nature and animal life made them really thankful. On earlier tours with other companies I have experienced tourguides having little energy and taking it only as «work». Sheena wasn’t just our guide, telling us what to do and when. She made her a part of the group, getting to know each and every person. She always looked out for us, making sure we had everything we needed. Even before the trip started she was always available on mail answering every big or little question we had. I always felt safe. And even for two weeks with a lot schechlued in the program there were allways good vibes and allways a Sheena smiling (and dancing). It had to be mentioned that this was her second tour, back to back, and I’m impressed how present Sheena was. She organaized family dinner every night, taking us to the most delicious restaurants. I had high expectations, but now I’m impressed of how much planning that is behind the tour and every person who has participated making us feel welcome and looked out for.  From transport, to delicious food, hostels/hotels. It is a high standard and you relay get what you have paid for! This was a life experience, and again I have to give a huge applause to Sheena. What a woman she is. Don’t think twice about this opportunity, go for it because you want regret it!",https://cdn.tourradar.com/s3/review/original/461808_699eaa9c5795c.jpg,,,false,https://www.tourradar.com/t/232948,
461808,West Philippines Classic 14 Day -  One Life Adventures,Manila,Julie Strand,"https://images.unsplash.com/photo-1472099645785-5658abf4ff4e?w=1
  50&h=150&fit=crop",5,2026-02-25,"I have so many words that can describe this trip, and they are all positive! This trip was an AMAZING experience, many thanks to our tour guide Sheena","I have so many words that can describe this trip, and they are all positive! This trip was an AMAZING experience, many thanks to our tour guide Sheena! She has been the best tour guide ever, bringing so much positive energy and good vibes to the group. We were a big group on 17 people, but already from day one she brought us together to one big happy family. She started with presenting her expectations to the trip, both to us, to her and what we were gonna see and experience. I appreciate Sheena not just showing us the attractions, but we learned so much about the Filipino culture and met so many heartfelt people. We saw that our respect for the Filipinos and also for their nature and animal life made them really thankful. On earlier tours with other companies I have experienced tourguides having little energy and taking it only as «work». Sheena wasn’t just our guide, telling us what to do and when. She made her a part of the group, getting to know each and every person. She always looked out for us, making sure we had everything we needed. Even before the trip started she was always available on mail answering every big or little question we had. I always felt safe. And even for two weeks with a lot schechlued in the program there were allways good vibes and allways a Sheena smiling (and dancing). It had to be mentioned that this was her second tour, back to back, and I’m impressed how present Sheena was. She organaized family dinner every night, taking us to the most delicious restaurants. I had high expectations, but now I’m impressed of how much planning that is behind the tour and every person who has participated making us feel welcome and looked out for.  From transport, to delicious food, hostels/hotels. It is a high standard and you relay get what you have paid for! This was a life experience, and again I have to give a huge applause to Sheena. What a woman she is. Don’t think twice about this opportunity, go for it because you want regret it!",https://cdn.tourradar.com/s3/review/original/461808_699eaa9c5795e.jpg,,,false,https://www.tourradar.com/t/232948,
461808,West Philippines Classic 14 Day -  One Life Adventures,,Julie Strand,"https://images.unsplash.com/photo-1472099645785-5658abf4ff4e?w=1
  50&h=150&fit=crop",5,2026-02-25,"I have so many words that can describe this trip, and they are all positive! This trip was an AMAZING experience, many thanks to our tour guide Sheena","I have so many words that can describe this trip, and they are all positive! This trip was an AMAZING experience, many thanks to our tour guide Sheena! She has been the best tour guide ever, bringing so much positive energy and good vibes to the group. We were a big group on 17 people, but already from day one she brought us together to one big happy family. She started with presenting her expectations to the trip, both to us, to her and what we were gonna see and experience. I appreciate Sheena not just showing us the attractions, but we learned so much about the Filipino culture and met so many heartfelt people. We saw that our respect for the Filipinos and also for their nature and animal life made them really thankful. On earlier tours with other companies I have experienced tourguides having little energy and taking it only as «work». Sheena wasn’t just our guide, telling us what to do and when. She made her a part of the group, getting to know each and every person. She always looked out for us, making sure we had everything we needed. Even before the trip started she was always available on mail answering every big or little question we had. I always felt safe. And even for two weeks with a lot schechlued in the program there were allways good vibes and allways a Sheena smiling (and dancing). It had to be mentioned that this was her second tour, back to back, and I’m impressed how present Sheena was. She organaized family dinner every night, taking us to the most delicious restaurants. I had high expectations, but now I’m impressed of how much planning that is behind the tour and every person who has participated making us feel welcome and looked out for.  From transport, to delicious food, hostels/hotels. It is a high standard and you relay get what you have paid for! This was a life experience, and again I have to give a huge applause to Sheena. What a woman she is. Don’t think twice about this opportunity, go for it because you want regret it!",https://cdn.tourradar.com/s3/review/original/461808_699eaa9c5795f.jpg,,,false,https://www.tourradar.com/t/232948,
461808,West Philippines Classic 14 Day -  One Life Adventures,,Julie Strand,"https://images.unsplash.com/photo-1472099645785-5658abf4ff4e?w=1
  50&h=150&fit=crop",5,2026-02-25,"I have so many words that can describe this trip, and they are all positive! This trip was an AMAZING experience, many thanks to our tour guide Sheena","I have so many words that can describe this trip, and they are all positive! This trip was an AMAZING experience, many thanks to our tour guide Sheena! She has been the best tour guide ever, bringing so much positive energy and good vibes to the group. We were a big group on 17 people, but already from day one she brought us together to one big happy family. She started with presenting her expectations to the trip, both to us, to her and what we were gonna see and experience. I appreciate Sheena not just showing us the attractions, but we learned so much about the Filipino culture and met so many heartfelt people. We saw that our respect for the Filipinos and also for their nature and animal life made them really thankful. On earlier tours with other companies I have experienced tourguides having little energy and taking it only as «work». Sheena wasn’t just our guide, telling us what to do and when. She made her a part of the group, getting to know each and every person. She always looked out for us, making sure we had everything we needed. Even before the trip started she was always available on mail answering every big or little question we had. I always felt safe. And even for two weeks with a lot schechlued in the program there were allways good vibes and allways a Sheena smiling (and dancing). It had to be mentioned that this was her second tour, back to back, and I’m impressed how present Sheena was. She organaized family dinner every night, taking us to the most delicious restaurants. I had high expectations, but now I’m impressed of how much planning that is behind the tour and every person who has participated making us feel welcome and looked out for.  From transport, to delicious food, hostels/hotels. It is a high standard and you relay get what you have paid for! This was a life experience, and again I have to give a huge applause to Sheena. What a woman she is. Don’t think twice about this opportunity, go for it because you want regret it!",https://cdn.tourradar.com/s3/review/original/461808_699eaa9c57960.jpg,,,false,https://www.tourradar.com/t/232948,
461808,West Philippines Classic 14 Day -  One Life Adventures,,Julie Strand,"https://images.unsplash.com/photo-1472099645785-5658abf4ff4e?w=1
  50&h=150&fit=crop",5,2026-02-25,"I have so many words that can describe this trip, and they are all positive! This trip was an AMAZING experience, many thanks to our tour guide Sheena","I have so many words that can describe this trip, and they are all positive! This trip was an AMAZING experience, many thanks to our tour guide Sheena! She has been the best tour guide ever, bringing so much positive energy and good vibes to the group. We were a big group on 17 people, but already from day one she brought us together to one big happy family. She started with presenting her expectations to the trip, both to us, to her and what we were gonna see and experience. I appreciate Sheena not just showing us the attractions, but we learned so much about the Filipino culture and met so many heartfelt people. We saw that our respect for the Filipinos and also for their nature and animal life made them really thankful. On earlier tours with other companies I have experienced tourguides having little energy and taking it only as «work». Sheena wasn’t just our guide, telling us what to do and when. She made her a part of the group, getting to know each and every person. She always looked out for us, making sure we had everything we needed. Even before the trip started she was always available on mail answering every big or little question we had. I always felt safe. And even for two weeks with a lot schechlued in the program there were allways good vibes and allways a Sheena smiling (and dancing). It had to be mentioned that this was her second tour, back to back, and I’m impressed how present Sheena was. She organaized family dinner every night, taking us to the most delicious restaurants. I had high expectations, but now I’m impressed of how much planning that is behind the tour and every person who has participated making us feel welcome and looked out for.  From transport, to delicious food, hostels/hotels. It is a high standard and you relay get what you have paid for! This was a life experience, and again I have to give a huge applause to Sheena. What a woman she is. Don’t think twice about this opportunity, go for it because you want regret it!",https://cdn.tourradar.com/s3/review/original/461808_699eac56a9283.jpg,,,false,https://www.tourradar.com/t/232948,
461808,West Philippines Classic 14 Day -  One Life Adventures,,Julie Strand,"https://images.unsplash.com/photo-1472099645785-5658abf4ff4e?w=1
  50&h=150&fit=crop",5,2026-02-25,"I have so many words that can describe this trip, and they are all positive! This trip was an AMAZING experience, many thanks to our tour guide Sheena","I have so many words that can describe this trip, and they are all positive! This trip was an AMAZING experience, many thanks to our tour guide Sheena! She has been the best tour guide ever, bringing so much positive energy and good vibes to the group. We were a big group on 17 people, but already from day one she brought us together to one big happy family. She started with presenting her expectations to the trip, both to us, to her and what we were gonna see and experience. I appreciate Sheena not just showing us the attractions, but we learned so much about the Filipino culture and met so many heartfelt people. We saw that our respect for the Filipinos and also for their nature and animal life made them really thankful. On earlier tours with other companies I have experienced tourguides having little energy and taking it only as «work». Sheena wasn’t just our guide, telling us what to do and when. She made her a part of the group, getting to know each and every person. She always looked out for us, making sure we had everything we needed. Even before the trip started she was always available on mail answering every big or little question we had. I always felt safe. And even for two weeks with a lot schechlued in the program there were allways good vibes and allways a Sheena smiling (and dancing). It had to be mentioned that this was her second tour, back to back, and I’m impressed how present Sheena was. She organaized family dinner every night, taking us to the most delicious restaurants. I had high expectations, but now I’m impressed of how much planning that is behind the tour and every person who has participated making us feel welcome and looked out for.  From transport, to delicious food, hostels/hotels. It is a high standard and you relay get what you have paid for! This was a life experience, and again I have to give a huge applause to Sheena. What a woman she is. Don’t think twice about this opportunity, go for it because you want regret it!",https://cdn.tourradar.com/s3/review/original/461808_699eac56a9287.jpg,,,false,https://www.tourradar.com/t/232948,
461808,West Philippines Classic 14 Day -  One Life Adventures,Manila,Julie Strand,"https://images.unsplash.com/photo-1472099645785-5658abf4ff4e?w=1
  50&h=150&fit=crop",5,2026-02-25,"I have so many words that can describe this trip, and they are all positive! This trip was an AMAZING experience, many thanks to our tour guide Sheena","I have so many words that can describe this trip, and they are all positive! This trip was an AMAZING experience, many thanks to our tour guide Sheena! She has been the best tour guide ever, bringing so much positive energy and good vibes to the group. We were a big group on 17 people, but already from day one she brought us together to one big happy family. She started with presenting her expectations to the trip, both to us, to her and what we were gonna see and experience. I appreciate Sheena not just showing us the attractions, but we learned so much about the Filipino culture and met so many heartfelt people. We saw that our respect for the Filipinos and also for their nature and animal life made them really thankful. On earlier tours with other companies I have experienced tourguides having little energy and taking it only as «work». Sheena wasn’t just our guide, telling us what to do and when. She made her a part of the group, getting to know each and every person. She always looked out for us, making sure we had everything we needed. Even before the trip started she was always available on mail answering every big or little question we had. I always felt safe. And even for two weeks with a lot schechlued in the program there were allways good vibes and allways a Sheena smiling (and dancing). It had to be mentioned that this was her second tour, back to back, and I’m impressed how present Sheena was. She organaized family dinner every night, taking us to the most delicious restaurants. I had high expectations, but now I’m impressed of how much planning that is behind the tour and every person who has participated making us feel welcome and looked out for.  From transport, to delicious food, hostels/hotels. It is a high standard and you relay get what you have paid for! This was a life experience, and again I have to give a huge applause to Sheena. What a woman she is. Don’t think twice about this opportunity, go for it because you want regret it!",https://cdn.tourradar.com/s3/review/original/461808_699eac56a9289.jpg,,,false,https://www.tourradar.com/t/232948,
461808,West Philippines Classic 14 Day -  One Life Adventures,,Julie Strand,"https://images.unsplash.com/photo-1472099645785-5658abf4ff4e?w=1
  50&h=150&fit=crop",5,2026-02-25,"I have so many words that can describe this trip, and they are all positive! This trip was an AMAZING experience, many thanks to our tour guide Sheena","I have so many words that can describe this trip, and they are all positive! This trip was an AMAZING experience, many thanks to our tour guide Sheena! She has been the best tour guide ever, bringing so much positive energy and good vibes to the group. We were a big group on 17 people, but already from day one she brought us together to one big happy family. She started with presenting her expectations to the trip, both to us, to her and what we were gonna see and experience. I appreciate Sheena not just showing us the attractions, but we learned so much about the Filipino culture and met so many heartfelt people. We saw that our respect for the Filipinos and also for their nature and animal life made them really thankful. On earlier tours with other companies I have experienced tourguides having little energy and taking it only as «work». Sheena wasn’t just our guide, telling us what to do and when. She made her a part of the group, getting to know each and every person. She always looked out for us, making sure we had everything we needed. Even before the trip started she was always available on mail answering every big or little question we had. I always felt safe. And even for two weeks with a lot schechlued in the program there were allways good vibes and allways a Sheena smiling (and dancing). It had to be mentioned that this was her second tour, back to back, and I’m impressed how present Sheena was. She organaized family dinner every night, taking us to the most delicious restaurants. I had high expectations, but now I’m impressed of how much planning that is behind the tour and every person who has participated making us feel welcome and looked out for.  From transport, to delicious food, hostels/hotels. It is a high standard and you relay get what you have paid for! This was a life experience, and again I have to give a huge applause to Sheena. What a woman she is. Don’t think twice about this opportunity, go for it because you want regret it!",https://cdn.tourradar.com/s3/review/original/461808_699eac56d9bb5.jpg,,,false,https://www.tourradar.com/t/232948,
461808,West Philippines Classic 14 Day -  One Life Adventures,,Julie Strand,"https://images.unsplash.com/photo-1472099645785-5658abf4ff4e?w=1
  50&h=150&fit=crop",5,2026-02-25,"I have so many words that can describe this trip, and they are all positive! This trip was an AMAZING experience, many thanks to our tour guide Sheena","I have so many words that can describe this trip, and they are all positive! This trip was an AMAZING experience, many thanks to our tour guide Sheena! She has been the best tour guide ever, bringing so much positive energy and good vibes to the group. We were a big group on 17 people, but already from day one she brought us together to one big happy family. She started with presenting her expectations to the trip, both to us, to her and what we were gonna see and experience. I appreciate Sheena not just showing us the attractions, but we learned so much about the Filipino culture and met so many heartfelt people. We saw that our respect for the Filipinos and also for their nature and animal life made them really thankful. On earlier tours with other companies I have experienced tourguides having little energy and taking it only as «work». Sheena wasn’t just our guide, telling us what to do and when. She made her a part of the group, getting to know each and every person. She always looked out for us, making sure we had everything we needed. Even before the trip started she was always available on mail answering every big or little question we had. I always felt safe. And even for two weeks with a lot schechlued in the program there were allways good vibes and allways a Sheena smiling (and dancing). It had to be mentioned that this was her second tour, back to back, and I’m impressed how present Sheena was. She organaized family dinner every night, taking us to the most delicious restaurants. I had high expectations, but now I’m impressed of how much planning that is behind the tour and every person who has participated making us feel welcome and looked out for.  From transport, to delicious food, hostels/hotels. It is a high standard and you relay get what you have paid for! This was a life experience, and again I have to give a huge applause to Sheena. What a woman she is. Don’t think twice about this opportunity, go for it because you want regret it!",https://cdn.tourradar.com/s3/review/original/461808_699eac56d9bb9.jpg,,,false,https://www.tourradar.com/t/232948,
461808,West Philippines Classic 14 Day -  One Life Adventures,Manila,Julie Strand,"https://images.unsplash.com/photo-1472099645785-5658abf4ff4e?w=1
  50&h=150&fit=crop",5,2026-02-25,"I have so many words that can describe this trip, and they are all positive! This trip was an AMAZING experience, many thanks to our tour guide Sheena","I have so many words that can describe this trip, and they are all positive! This trip was an AMAZING experience, many thanks to our tour guide Sheena! She has been the best tour guide ever, bringing so much positive energy and good vibes to the group. We were a big group on 17 people, but already from day one she brought us together to one big happy family. She started with presenting her expectations to the trip, both to us, to her and what we were gonna see and experience. I appreciate Sheena not just showing us the attractions, but we learned so much about the Filipino culture and met so many heartfelt people. We saw that our respect for the Filipinos and also for their nature and animal life made them really thankful. On earlier tours with other companies I have experienced tourguides having little energy and taking it only as «work». Sheena wasn’t just our guide, telling us what to do and when. She made her a part of the group, getting to know each and every person. She always looked out for us, making sure we had everything we needed. Even before the trip started she was always available on mail answering every big or little question we had. I always felt safe. And even for two weeks with a lot schechlued in the program there were allways good vibes and allways a Sheena smiling (and dancing). It had to be mentioned that this was her second tour, back to back, and I’m impressed how present Sheena was. She organaized family dinner every night, taking us to the most delicious restaurants. I had high expectations, but now I’m impressed of how much planning that is behind the tour and every person who has participated making us feel welcome and looked out for.  From transport, to delicious food, hostels/hotels. It is a high standard and you relay get what you have paid for! This was a life experience, and again I have to give a huge applause to Sheena. What a woman she is. Don’t think twice about this opportunity, go for it because you want regret it!",https://cdn.tourradar.com/s3/review/original/461808_699eac56d9bba.jpg,,,false,https://www.tourradar.com/t/232948,
461808,West Philippines Classic 14 Day -  One Life Adventures,,Julie Strand,"https://images.unsplash.com/photo-1472099645785-5658abf4ff4e?w=1
  50&h=150&fit=crop",5,2026-02-25,"I have so many words that can describe this trip, and they are all positive! This trip was an AMAZING experience, many thanks to our tour guide Sheena","I have so many words that can describe this trip, and they are all positive! This trip was an AMAZING experience, many thanks to our tour guide Sheena! She has been the best tour guide ever, bringing so much positive energy and good vibes to the group. We were a big group on 17 people, but already from day one she brought us together to one big happy family. She started with presenting her expectations to the trip, both to us, to her and what we were gonna see and experience. I appreciate Sheena not just showing us the attractions, but we learned so much about the Filipino culture and met so many heartfelt people. We saw that our respect for the Filipinos and also for their nature and animal life made them really thankful. On earlier tours with other companies I have experienced tourguides having little energy and taking it only as «work». Sheena wasn’t just our guide, telling us what to do and when. She made her a part of the group, getting to know each and every person. She always looked out for us, making sure we had everything we needed. Even before the trip started she was always available on mail answering every big or little question we had. I always felt safe. And even for two weeks with a lot schechlued in the program there were allways good vibes and allways a Sheena smiling (and dancing). It had to be mentioned that this was her second tour, back to back, and I’m impressed how present Sheena was. She organaized family dinner every night, taking us to the most delicious restaurants. I had high expectations, but now I’m impressed of how much planning that is behind the tour and every person who has participated making us feel welcome and looked out for.  From transport, to delicious food, hostels/hotels. It is a high standard and you relay get what you have paid for! This was a life experience, and again I have to give a huge applause to Sheena. What a woman she is. Don’t think twice about this opportunity, go for it because you want regret it!",https://cdn.tourradar.com/s3/review/original/461808_699eac56d9bbb.jpg,,,false,https://www.tourradar.com/t/232948,
461808,West Philippines Classic 14 Day -  One Life Adventures,,Julie Strand,"https://images.unsplash.com/photo-1472099645785-5658abf4ff4e?w=1
  50&h=150&fit=crop",5,2026-02-25,"I have so many words that can describe this trip, and they are all positive! This trip was an AMAZING experience, many thanks to our tour guide Sheena","I have so many words that can describe this trip, and they are all positive! This trip was an AMAZING experience, many thanks to our tour guide Sheena! She has been the best tour guide ever, bringing so much positive energy and good vibes to the group. We were a big group on 17 people, but already from day one she brought us together to one big happy family. She started with presenting her expectations to the trip, both to us, to her and what we were gonna see and experience. I appreciate Sheena not just showing us the attractions, but we learned so much about the Filipino culture and met so many heartfelt people. We saw that our respect for the Filipinos and also for their nature and animal life made them really thankful. On earlier tours with other companies I have experienced tourguides having little energy and taking it only as «work». Sheena wasn’t just our guide, telling us what to do and when. She made her a part of the group, getting to know each and every person. She always looked out for us, making sure we had everything we needed. Even before the trip started she was always available on mail answering every big or little question we had. I always felt safe. And even for two weeks with a lot schechlued in the program there were allways good vibes and allways a Sheena smiling (and dancing). It had to be mentioned that this was her second tour, back to back, and I’m impressed how present Sheena was. She organaized family dinner every night, taking us to the most delicious restaurants. I had high expectations, but now I’m impressed of how much planning that is behind the tour and every person who has participated making us feel welcome and looked out for.  From transport, to delicious food, hostels/hotels. It is a high standard and you relay get what you have paid for! This was a life experience, and again I have to give a huge applause to Sheena. What a woman she is. Don’t think twice about this opportunity, go for it because you want regret it!",https://cdn.tourradar.com/s3/review/original/461808_699eac56d9bbc.jpg,,,false,https://www.tourradar.com/t/232948,
461808,West Philippines Classic 14 Day -  One Life Adventures,,Julie Strand,"https://images.unsplash.com/photo-1472099645785-5658abf4ff4e?w=1
  50&h=150&fit=crop",5,2026-02-25,"I have so many words that can describe this trip, and they are all positive! This trip was an AMAZING experience, many thanks to our tour guide Sheena","I have so many words that can describe this trip, and they are all positive! This trip was an AMAZING experience, many thanks to our tour guide Sheena! She has been the best tour guide ever, bringing so much positive energy and good vibes to the group. We were a big group on 17 people, but already from day one she brought us together to one big happy family. She started with presenting her expectations to the trip, both to us, to her and what we were gonna see and experience. I appreciate Sheena not just showing us the attractions, but we learned so much about the Filipino culture and met so many heartfelt people. We saw that our respect for the Filipinos and also for their nature and animal life made them really thankful. On earlier tours with other companies I have experienced tourguides having little energy and taking it only as «work». Sheena wasn’t just our guide, telling us what to do and when. She made her a part of the group, getting to know each and every person. She always looked out for us, making sure we had everything we needed. Even before the trip started she was always available on mail answering every big or little question we had. I always felt safe. And even for two weeks with a lot schechlued in the program there were allways good vibes and allways a Sheena smiling (and dancing). It had to be mentioned that this was her second tour, back to back, and I’m impressed how present Sheena was. She organaized family dinner every night, taking us to the most delicious restaurants. I had high expectations, but now I’m impressed of how much planning that is behind the tour and every person who has participated making us feel welcome and looked out for.  From transport, to delicious food, hostels/hotels. It is a high standard and you relay get what you have paid for! This was a life experience, and again I have to give a huge applause to Sheena. What a woman she is. Don’t think twice about this opportunity, go for it because you want regret it!",https://cdn.tourradar.com/s3/review/original/461808_699eac5718f6b.jpg,,,false,https://www.tourradar.com/t/232948,
461808,West Philippines Classic 14 Day -  One Life Adventures,,Julie Strand,"https://images.unsplash.com/photo-1472099645785-5658abf4ff4e?w=1
  50&h=150&fit=crop",5,2026-02-25,"I have so many words that can describe this trip, and they are all positive! This trip was an AMAZING experience, many thanks to our tour guide Sheena","I have so many words that can describe this trip, and they are all positive! This trip was an AMAZING experience, many thanks to our tour guide Sheena! She has been the best tour guide ever, bringing so much positive energy and good vibes to the group. We were a big group on 17 people, but already from day one she brought us together to one big happy family. She started with presenting her expectations to the trip, both to us, to her and what we were gonna see and experience. I appreciate Sheena not just showing us the attractions, but we learned so much about the Filipino culture and met so many heartfelt people. We saw that our respect for the Filipinos and also for their nature and animal life made them really thankful. On earlier tours with other companies I have experienced tourguides having little energy and taking it only as «work». Sheena wasn’t just our guide, telling us what to do and when. She made her a part of the group, getting to know each and every person. She always looked out for us, making sure we had everything we needed. Even before the trip started she was always available on mail answering every big or little question we had. I always felt safe. And even for two weeks with a lot schechlued in the program there were allways good vibes and allways a Sheena smiling (and dancing). It had to be mentioned that this was her second tour, back to back, and I’m impressed how present Sheena was. She organaized family dinner every night, taking us to the most delicious restaurants. I had high expectations, but now I’m impressed of how much planning that is behind the tour and every person who has participated making us feel welcome and looked out for.  From transport, to delicious food, hostels/hotels. It is a high standard and you relay get what you have paid for! This was a life experience, and again I have to give a huge applause to Sheena. What a woman she is. Don’t think twice about this opportunity, go for it because you want regret it!",https://cdn.tourradar.com/s3/review/original/461808_699eac5718f6f.jpg,,,false,https://www.tourradar.com/t/232948,
461808,West Philippines Classic 14 Day -  One Life Adventures,Manila,Julie Strand,"https://images.unsplash.com/photo-1472099645785-5658abf4ff4e?w=1
  50&h=150&fit=crop",5,2026-02-25,"I have so many words that can describe this trip, and they are all positive! This trip was an AMAZING experience, many thanks to our tour guide Sheena","I have so many words that can describe this trip, and they are all positive! This trip was an AMAZING experience, many thanks to our tour guide Sheena! She has been the best tour guide ever, bringing so much positive energy and good vibes to the group. We were a big group on 17 people, but already from day one she brought us together to one big happy family. She started with presenting her expectations to the trip, both to us, to her and what we were gonna see and experience. I appreciate Sheena not just showing us the attractions, but we learned so much about the Filipino culture and met so many heartfelt people. We saw that our respect for the Filipinos and also for their nature and animal life made them really thankful. On earlier tours with other companies I have experienced tourguides having little energy and taking it only as «work». Sheena wasn’t just our guide, telling us what to do and when. She made her a part of the group, getting to know each and every person. She always looked out for us, making sure we had everything we needed. Even before the trip started she was always available on mail answering every big or little question we had. I always felt safe. And even for two weeks with a lot schechlued in the program there were allways good vibes and allways a Sheena smiling (and dancing). It had to be mentioned that this was her second tour, back to back, and I’m impressed how present Sheena was. She organaized family dinner every night, taking us to the most delicious restaurants. I had high expectations, but now I’m impressed of how much planning that is behind the tour and every person who has participated making us feel welcome and looked out for.  From transport, to delicious food, hostels/hotels. It is a high standard and you relay get what you have paid for! This was a life experience, and again I have to give a huge applause to Sheena. What a woman she is. Don’t think twice about this opportunity, go for it because you want regret it!",https://cdn.tourradar.com/s3/review/original/461808_699eac5718f70.jpg,,,false,https://www.tourradar.com/t/232948,
461808,West Philippines Classic 14 Day -  One Life Adventures,,Julie Strand,"https://images.unsplash.com/photo-1472099645785-5658abf4ff4e?w=1
  50&h=150&fit=crop",5,2026-02-25,"I have so many words that can describe this trip, and they are all positive! This trip was an AMAZING experience, many thanks to our tour guide Sheena","I have so many words that can describe this trip, and they are all positive! This trip was an AMAZING experience, many thanks to our tour guide Sheena! She has been the best tour guide ever, bringing so much positive energy and good vibes to the group. We were a big group on 17 people, but already from day one she brought us together to one big happy family. She started with presenting her expectations to the trip, both to us, to her and what we were gonna see and experience. I appreciate Sheena not just showing us the attractions, but we learned so much about the Filipino culture and met so many heartfelt people. We saw that our respect for the Filipinos and also for their nature and animal life made them really thankful. On earlier tours with other companies I have experienced tourguides having little energy and taking it only as «work». Sheena wasn’t just our guide, telling us what to do and when. She made her a part of the group, getting to know each and every person. She always looked out for us, making sure we had everything we needed. Even before the trip started she was always available on mail answering every big or little question we had. I always felt safe. And even for two weeks with a lot schechlued in the program there were allways good vibes and allways a Sheena smiling (and dancing). It had to be mentioned that this was her second tour, back to back, and I’m impressed how present Sheena was. She organaized family dinner every night, taking us to the most delicious restaurants. I had high expectations, but now I’m impressed of how much planning that is behind the tour and every person who has participated making us feel welcome and looked out for.  From transport, to delicious food, hostels/hotels. It is a high standard and you relay get what you have paid for! This was a life experience, and again I have to give a huge applause to Sheena. What a woman she is. Don’t think twice about this opportunity, go for it because you want regret it!",https://cdn.tourradar.com/s3/review/original/461808_699eac5755979.jpg,,,false,https://www.tourradar.com/t/232948,
461808,West Philippines Classic 14 Day -  One Life Adventures,,Julie Strand,"https://images.unsplash.com/photo-1472099645785-5658abf4ff4e?w=1
  50&h=150&fit=crop",5,2026-02-25,"I have so many words that can describe this trip, and they are all positive! This trip was an AMAZING experience, many thanks to our tour guide Sheena","I have so many words that can describe this trip, and they are all positive! This trip was an AMAZING experience, many thanks to our tour guide Sheena! She has been the best tour guide ever, bringing so much positive energy and good vibes to the group. We were a big group on 17 people, but already from day one she brought us together to one big happy family. She started with presenting her expectations to the trip, both to us, to her and what we were gonna see and experience. I appreciate Sheena not just showing us the attractions, but we learned so much about the Filipino culture and met so many heartfelt people. We saw that our respect for the Filipinos and also for their nature and animal life made them really thankful. On earlier tours with other companies I have experienced tourguides having little energy and taking it only as «work». Sheena wasn’t just our guide, telling us what to do and when. She made her a part of the group, getting to know each and every person. She always looked out for us, making sure we had everything we needed. Even before the trip started she was always available on mail answering every big or little question we had. I always felt safe. And even for two weeks with a lot schechlued in the program there were allways good vibes and allways a Sheena smiling (and dancing). It had to be mentioned that this was her second tour, back to back, and I’m impressed how present Sheena was. She organaized family dinner every night, taking us to the most delicious restaurants. I had high expectations, but now I’m impressed of how much planning that is behind the tour and every person who has participated making us feel welcome and looked out for.  From transport, to delicious food, hostels/hotels. It is a high standard and you relay get what you have paid for! This was a life experience, and again I have to give a huge applause to Sheena. What a woman she is. Don’t think twice about this opportunity, go for it because you want regret it!",https://cdn.tourradar.com/s3/review/original/461808_699eac575597d.jpg,,,false,https://www.tourradar.com/t/232948,
461808,West Philippines Classic 14 Day -  One Life Adventures,Manila,Julie Strand,"https://images.unsplash.com/photo-1472099645785-5658abf4ff4e?w=1
  50&h=150&fit=crop",5,2026-02-25,"I have so many words that can describe this trip, and they are all positive! This trip was an AMAZING experience, many thanks to our tour guide Sheena","I have so many words that can describe this trip, and they are all positive! This trip was an AMAZING experience, many thanks to our tour guide Sheena! She has been the best tour guide ever, bringing so much positive energy and good vibes to the group. We were a big group on 17 people, but already from day one she brought us together to one big happy family. She started with presenting her expectations to the trip, both to us, to her and what we were gonna see and experience. I appreciate Sheena not just showing us the attractions, but we learned so much about the Filipino culture and met so many heartfelt people. We saw that our respect for the Filipinos and also for their nature and animal life made them really thankful. On earlier tours with other companies I have experienced tourguides having little energy and taking it only as «work». Sheena wasn’t just our guide, telling us what to do and when. She made her a part of the group, getting to know each and every person. She always looked out for us, making sure we had everything we needed. Even before the trip started she was always available on mail answering every big or little question we had. I always felt safe. And even for two weeks with a lot schechlued in the program there were allways good vibes and allways a Sheena smiling (and dancing). It had to be mentioned that this was her second tour, back to back, and I’m impressed how present Sheena was. She organaized family dinner every night, taking us to the most delicious restaurants. I had high expectations, but now I’m impressed of how much planning that is behind the tour and every person who has participated making us feel welcome and looked out for.  From transport, to delicious food, hostels/hotels. It is a high standard and you relay get what you have paid for! This was a life experience, and again I have to give a huge applause to Sheena. What a woman she is. Don’t think twice about this opportunity, go for it because you want regret it!",https://cdn.tourradar.com/s3/review/original/461808_699eac575597e.jpg,,,false,https://www.tourradar.com/t/232948,
461808,West Philippines Classic 14 Day -  One Life Adventures,,Julie Strand,"https://images.unsplash.com/photo-1472099645785-5658abf4ff4e?w=1
  50&h=150&fit=crop",5,2026-02-25,"I have so many words that can describe this trip, and they are all positive! This trip was an AMAZING experience, many thanks to our tour guide Sheena","I have so many words that can describe this trip, and they are all positive! This trip was an AMAZING experience, many thanks to our tour guide Sheena! She has been the best tour guide ever, bringing so much positive energy and good vibes to the group. We were a big group on 17 people, but already from day one she brought us together to one big happy family. She started with presenting her expectations to the trip, both to us, to her and what we were gonna see and experience. I appreciate Sheena not just showing us the attractions, but we learned so much about the Filipino culture and met so many heartfelt people. We saw that our respect for the Filipinos and also for their nature and animal life made them really thankful. On earlier tours with other companies I have experienced tourguides having little energy and taking it only as «work». Sheena wasn’t just our guide, telling us what to do and when. She made her a part of the group, getting to know each and every person. She always looked out for us, making sure we had everything we needed. Even before the trip started she was always available on mail answering every big or little question we had. I always felt safe. And even for two weeks with a lot schechlued in the program there were allways good vibes and allways a Sheena smiling (and dancing). It had to be mentioned that this was her second tour, back to back, and I’m impressed how present Sheena was. She organaized family dinner every night, taking us to the most delicious restaurants. I had high expectations, but now I’m impressed of how much planning that is behind the tour and every person who has participated making us feel welcome and looked out for.  From transport, to delicious food, hostels/hotels. It is a high standard and you relay get what you have paid for! This was a life experience, and again I have to give a huge applause to Sheena. What a woman she is. Don’t think twice about this opportunity, go for it because you want regret it!",https://cdn.tourradar.com/s3/review/original/461808_699eac575597f.jpg,,,false,https://www.tourradar.com/t/232948,
461806,West Philippines Classic 14 Day -  One Life Adventures,El Nido,Maria Nordengen,"https://images.unsplash.com/photo-1472099645785-5658abf4ff4e?w=1
  50&h=150&fit=crop",5,2026-02-25,"Amazing! the food, transportation, tour guide, arrangements and places were super good! I really enjoyed it and felt safe the whole trip! Big thanks t","Amazing! the food, transportation, tour guide, arrangements and places were super good! I really enjoyed it and felt safe the whole trip! Big thanks to tourguide Sheena who made the experiences even better! What a lady! so much fun we had together, very grateful!?",https://cdn.tourradar.com/s3/review/original/461806_699ea6ee87252.jpg,,,false,https://www.tourradar.com/t/232948,
461806,West Philippines Classic 14 Day -  One Life Adventures,Coron,Maria Nordengen,"https://images.unsplash.com/photo-1472099645785-5658abf4ff4e?w=1
  50&h=150&fit=crop",5,2026-02-25,"Amazing! the food, transportation, tour guide, arrangements and places were super good! I really enjoyed it and felt safe the whole trip! Big thanks t","Amazing! the food, transportation, tour guide, arrangements and places were super good! I really enjoyed it and felt safe the whole trip! Big thanks to tourguide Sheena who made the experiences even better! What a lady! so much fun we had together, very grateful!?",https://cdn.tourradar.com/s3/review/original/461806_699ea6ee87258.jpg,,,false,https://www.tourradar.com/t/232948,
461806,West Philippines Classic 14 Day -  One Life Adventures,Port Barton,Maria Nordengen,"https://images.unsplash.com/photo-1472099645785-5658abf4ff4e?w=1
  50&h=150&fit=crop",5,2026-02-25,"Amazing! the food, transportation, tour guide, arrangements and places were super good! I really enjoyed it and felt safe the whole trip! Big thanks t","Amazing! the food, transportation, tour guide, arrangements and places were super good! I really enjoyed it and felt safe the whole trip! Big thanks to tourguide Sheena who made the experiences even better! What a lady! so much fun we had together, very grateful!?",https://cdn.tourradar.com/s3/review/original/461806_699ea6ee8725a.jpg,,,false,https://www.tourradar.com/t/232948,
461806,West Philippines Classic 14 Day -  One Life Adventures,El Nido,Maria Nordengen,"https://images.unsplash.com/photo-1472099645785-5658abf4ff4e?w=1
  50&h=150&fit=crop",5,2026-02-25,"Amazing! the food, transportation, tour guide, arrangements and places were super good! I really enjoyed it and felt safe the whole trip! Big thanks t","Amazing! the food, transportation, tour guide, arrangements and places were super good! I really enjoyed it and felt safe the whole trip! Big thanks to tourguide Sheena who made the experiences even better! What a lady! so much fun we had together, very grateful!?",https://cdn.tourradar.com/s3/review/original/461806_699ea6ee8725b.jpg,,,false,https://www.tourradar.com/t/232948,
461806,West Philippines Classic 14 Day -  One Life Adventures,Port Barton,Maria Nordengen,"https://images.unsplash.com/photo-1472099645785-5658abf4ff4e?w=1
  50&h=150&fit=crop",5,2026-02-25,"Amazing! the food, transportation, tour guide, arrangements and places were super good! I really enjoyed it and felt safe the whole trip! Big thanks t","Amazing! the food, transportation, tour guide, arrangements and places were super good! I really enjoyed it and felt safe the whole trip! Big thanks to tourguide Sheena who made the experiences even better! What a lady! so much fun we had together, very grateful!?",https://cdn.tourradar.com/s3/review/original/461806_699ea6ee8725d.jpg,,,false,https://www.tourradar.com/t/232948,
461806,West Philippines Classic 14 Day -  One Life Adventures,Port Barton,Maria Nordengen,"https://images.unsplash.com/photo-1472099645785-5658abf4ff4e?w=1
  50&h=150&fit=crop",5,2026-02-25,"Amazing! the food, transportation, tour guide, arrangements and places were super good! I really enjoyed it and felt safe the whole trip! Big thanks t","Amazing! the food, transportation, tour guide, arrangements and places were super good! I really enjoyed it and felt safe the whole trip! Big thanks to tourguide Sheena who made the experiences even better! What a lady! so much fun we had together, very grateful!?",https://cdn.tourradar.com/s3/review/original/461806_699ea6ee8725e.jpg,,,false,https://www.tourradar.com/t/232948,
461806,West Philippines Classic 14 Day -  One Life Adventures,Coron,Maria Nordengen,"https://images.unsplash.com/photo-1472099645785-5658abf4ff4e?w=1
  50&h=150&fit=crop",5,2026-02-25,"Amazing! the food, transportation, tour guide, arrangements and places were super good! I really enjoyed it and felt safe the whole trip! Big thanks t","Amazing! the food, transportation, tour guide, arrangements and places were super good! I really enjoyed it and felt safe the whole trip! Big thanks to tourguide Sheena who made the experiences even better! What a lady! so much fun we had together, very grateful!?",https://cdn.tourradar.com/s3/review/original/461806_699ea6ee8725f.jpg,,,false,https://www.tourradar.com/t/232948,
461806,West Philippines Classic 14 Day -  One Life Adventures,Port Barton,Maria Nordengen,"https://images.unsplash.com/photo-1472099645785-5658abf4ff4e?w=1
  50&h=150&fit=crop",5,2026-02-25,"Amazing! the food, transportation, tour guide, arrangements and places were super good! I really enjoyed it and felt safe the whole trip! Big thanks t","Amazing! the food, transportation, tour guide, arrangements and places were super good! I really enjoyed it and felt safe the whole trip! Big thanks to tourguide Sheena who made the experiences even better! What a lady! so much fun we had together, very grateful!?",https://cdn.tourradar.com/s3/review/original/461806_699ea6ee87261.jpg,,,false,https://www.tourradar.com/t/232948,
461806,West Philippines Classic 14 Day -  One Life Adventures,Port Barton,Maria Nordengen,"https://images.unsplash.com/photo-1472099645785-5658abf4ff4e?w=1
  50&h=150&fit=crop",5,2026-02-25,"Amazing! the food, transportation, tour guide, arrangements and places were super good! I really enjoyed it and felt safe the whole trip! Big thanks t","Amazing! the food, transportation, tour guide, arrangements and places were super good! I really enjoyed it and felt safe the whole trip! Big thanks to tourguide Sheena who made the experiences even better! What a lady! so much fun we had together, very grateful!?",https://cdn.tourradar.com/s3/review/original/461806_699ea6ee87262.jpg,,,false,https://www.tourradar.com/t/232948,
461806,West Philippines Classic 14 Day -  One Life Adventures,Port Barton,Maria Nordengen,"https://images.unsplash.com/photo-1472099645785-5658abf4ff4e?w=1
  50&h=150&fit=crop",5,2026-02-25,"Amazing! the food, transportation, tour guide, arrangements and places were super good! I really enjoyed it and felt safe the whole trip! Big thanks t","Amazing! the food, transportation, tour guide, arrangements and places were super good! I really enjoyed it and felt safe the whole trip! Big thanks to tourguide Sheena who made the experiences even better! What a lady! so much fun we had together, very grateful!?",https://cdn.tourradar.com/s3/review/original/461806_699ea6ee87263.jpg,,,false,https://www.tourradar.com/t/232948,
461806,West Philippines Classic 14 Day -  One Life Adventures,El Nido,Maria Nordengen,"https://images.unsplash.com/photo-1472099645785-5658abf4ff4e?w=1
  50&h=150&fit=crop",5,2026-02-25,"Amazing! the food, transportation, tour guide, arrangements and places were super good! I really enjoyed it and felt safe the whole trip! Big thanks t","Amazing! the food, transportation, tour guide, arrangements and places were super good! I really enjoyed it and felt safe the whole trip! Big thanks to tourguide Sheena who made the experiences even better! What a lady! so much fun we had together, very grateful!?",https://cdn.tourradar.com/s3/review/original/461806_699ea6ee87265.jpg,,,false,https://www.tourradar.com/t/232948,
461806,West Philippines Classic 14 Day -  One Life Adventures,Puerto Princesa,Maria Nordengen,"https://images.unsplash.com/photo-1472099645785-5658abf4ff4e?w=1
  50&h=150&fit=crop",5,2026-02-25,"Amazing! the food, transportation, tour guide, arrangements and places were super good! I really enjoyed it and felt safe the whole trip! Big thanks t","Amazing! the food, transportation, tour guide, arrangements and places were super good! I really enjoyed it and felt safe the whole trip! Big thanks to tourguide Sheena who made the experiences even better! What a lady! so much fun we had together, very grateful!?",https://cdn.tourradar.com/s3/review/original/461806_699ea6ee87266.jpg,,,false,https://www.tourradar.com/t/232948,
461806,West Philippines Classic 14 Day -  One Life Adventures,Coron,Maria Nordengen,"https://images.unsplash.com/photo-1472099645785-5658abf4ff4e?w=1
  50&h=150&fit=crop",5,2026-02-25,"Amazing! the food, transportation, tour guide, arrangements and places were super good! I really enjoyed it and felt safe the whole trip! Big thanks t","Amazing! the food, transportation, tour guide, arrangements and places were super good! I really enjoyed it and felt safe the whole trip! Big thanks to tourguide Sheena who made the experiences even better! What a lady! so much fun we had together, very grateful!?",https://cdn.tourradar.com/s3/review/original/461806_699ea6ee87267.jpg,,,false,https://www.tourradar.com/t/232948,
461806,West Philippines Classic 14 Day -  One Life Adventures,Port Barton,Maria Nordengen,"https://images.unsplash.com/photo-1472099645785-5658abf4ff4e?w=1
  50&h=150&fit=crop",5,2026-02-25,"Amazing! the food, transportation, tour guide, arrangements and places were super good! I really enjoyed it and felt safe the whole trip! Big thanks t","Amazing! the food, transportation, tour guide, arrangements and places were super good! I really enjoyed it and felt safe the whole trip! Big thanks to tourguide Sheena who made the experiences even better! What a lady! so much fun we had together, very grateful!?",https://cdn.tourradar.com/s3/review/original/461806_699ea6ee87268.jpg,,,false,https://www.tourradar.com/t/232948,
461806,West Philippines Classic 14 Day -  One Life Adventures,El Nido,Maria Nordengen,"https://images.unsplash.com/photo-1472099645785-5658abf4ff4e?w=1
  50&h=150&fit=crop",5,2026-02-25,"Amazing! the food, transportation, tour guide, arrangements and places were super good! I really enjoyed it and felt safe the whole trip! Big thanks t","Amazing! the food, transportation, tour guide, arrangements and places were super good! I really enjoyed it and felt safe the whole trip! Big thanks to tourguide Sheena who made the experiences even better! What a lady! so much fun we had together, very grateful!?",https://cdn.tourradar.com/s3/review/original/461806_699ea6ee87269.jpg,,,false,https://www.tourradar.com/t/232948,
461802,The Taste of Morocco: 4 Days from Marrakesh-Skoura Palm Oasis-Merzouga and Erg Chebbi dunes back to Marrakesh,,Rahul Kapadia,"https://images.unsplash.com/photo-1472099645785-5658abf4ff4e?w=1
  50&h=150&fit=crop",5,2026-02-25,We recently took a 4 day desert tour with them from Fes to Marrakech. The tour was customized for us as we wanted to cover more spots. Said our tour p,"We recently took a 4 day desert tour with them from Fes to Marrakech. The tour was customized for us as we wanted to cover more spots. Said our tour planner helped us with the planning on the customization of the trip as we had our young children with us. We had countless email exchanges with doubts and questions and he patiently answered all of them. We also compared their tour with few other operators and founds theirs to have the best price and activity balance. Said also gave suggestions on things outside the tour.

For our actual tour we had Walid as our driver and tour guide. We were given a Fiat minivan for our family of 4, and the car was perfect. He went above and beyond by recommending great local places to eat, which really helped us experience authentic Moroccan cuisine instead of just tourist spots. Every recommendation was spot on!

Walid was professional, friendly, and always attentive to our needs. He made us feel comfortable, safe, and well taken care of throughout the trip. His knowledge of the area and genuine hospitality truly enhanced our experience. We also appreciated hearing out his own experiences from his Amazighs background. 

All the included meals and the activities in our trip with tremendous. Each of the meal had unique elements which ensured no monotony. The 5 course meal we had at the Sahara Stars desert camp was something we will cherish. We also loved the desert 4x4 tour which included having tea with a nomad family. Our children thoroughly enjoyed the camel ride.

We highly recommend Said and Walid to anyone planning a desert tour in Morocco — you’ll be in excellent hands!",https://cdn.tourradar.com/s3/review/original/461802_699e8fe605420.jpg,,,false,https://www.tourradar.com/t/262167,
461802,The Taste of Morocco: 4 Days from Marrakesh-Skoura Palm Oasis-Merzouga and Erg Chebbi dunes back to Marrakesh,,Rahul Kapadia,"https://images.unsplash.com/photo-1472099645785-5658abf4ff4e?w=1
  50&h=150&fit=crop",5,2026-02-25,We recently took a 4 day desert tour with them from Fes to Marrakech. The tour was customized for us as we wanted to cover more spots. Said our tour p,"We recently took a 4 day desert tour with them from Fes to Marrakech. The tour was customized for us as we wanted to cover more spots. Said our tour planner helped us with the planning on the customization of the trip as we had our young children with us. We had countless email exchanges with doubts and questions and he patiently answered all of them. We also compared their tour with few other operators and founds theirs to have the best price and activity balance. Said also gave suggestions on things outside the tour.

For our actual tour we had Walid as our driver and tour guide. We were given a Fiat minivan for our family of 4, and the car was perfect. He went above and beyond by recommending great local places to eat, which really helped us experience authentic Moroccan cuisine instead of just tourist spots. Every recommendation was spot on!

Walid was professional, friendly, and always attentive to our needs. He made us feel comfortable, safe, and well taken care of throughout the trip. His knowledge of the area and genuine hospitality truly enhanced our experience. We also appreciated hearing out his own experiences from his Amazighs background. 

All the included meals and the activities in our trip with tremendous. Each of the meal had unique elements which ensured no monotony. The 5 course meal we had at the Sahara Stars desert camp was something we will cherish. We also loved the desert 4x4 tour which included having tea with a nomad family. Our children thoroughly enjoyed the camel ride.

We highly recommend Said and Walid to anyone planning a desert tour in Morocco — you’ll be in excellent hands!",https://cdn.tourradar.com/s3/review/original/461802_699e8fe605425.jpg,,,false,https://www.tourradar.com/t/262167,
461802,The Taste of Morocco: 4 Days from Marrakesh-Skoura Palm Oasis-Merzouga and Erg Chebbi dunes back to Marrakesh,,Rahul Kapadia,"https://images.unsplash.com/photo-1472099645785-5658abf4ff4e?w=1
  50&h=150&fit=crop",5,2026-02-25,We recently took a 4 day desert tour with them from Fes to Marrakech. The tour was customized for us as we wanted to cover more spots. Said our tour p,"We recently took a 4 day desert tour with them from Fes to Marrakech. The tour was customized for us as we wanted to cover more spots. Said our tour planner helped us with the planning on the customization of the trip as we had our young children with us. We had countless email exchanges with doubts and questions and he patiently answered all of them. We also compared their tour with few other operators and founds theirs to have the best price and activity balance. Said also gave suggestions on things outside the tour.

For our actual tour we had Walid as our driver and tour guide. We were given a Fiat minivan for our family of 4, and the car was perfect. He went above and beyond by recommending great local places to eat, which really helped us experience authentic Moroccan cuisine instead of just tourist spots. Every recommendation was spot on!

Walid was professional, friendly, and always attentive to our needs. He made us feel comfortable, safe, and well taken care of throughout the trip. His knowledge of the area and genuine hospitality truly enhanced our experience. We also appreciated hearing out his own experiences from his Amazighs background. 

All the included meals and the activities in our trip with tremendous. Each of the meal had unique elements which ensured no monotony. The 5 course meal we had at the Sahara Stars desert camp was something we will cherish. We also loved the desert 4x4 tour which included having tea with a nomad family. Our children thoroughly enjoyed the camel ride.

We highly recommend Said and Walid to anyone planning a desert tour in Morocco — you’ll be in excellent hands!",https://cdn.tourradar.com/s3/review/original/461802_699e8fe605426.jpg,,,false,https://www.tourradar.com/t/262167,
461802,The Taste of Morocco: 4 Days from Marrakesh-Skoura Palm Oasis-Merzouga and Erg Chebbi dunes back to Marrakesh,,Rahul Kapadia,"https://images.unsplash.com/photo-1472099645785-5658abf4ff4e?w=1
  50&h=150&fit=crop",5,2026-02-25,We recently took a 4 day desert tour with them from Fes to Marrakech. The tour was customized for us as we wanted to cover more spots. Said our tour p,"We recently took a 4 day desert tour with them from Fes to Marrakech. The tour was customized for us as we wanted to cover more spots. Said our tour planner helped us with the planning on the customization of the trip as we had our young children with us. We had countless email exchanges with doubts and questions and he patiently answered all of them. We also compared their tour with few other operators and founds theirs to have the best price and activity balance. Said also gave suggestions on things outside the tour.

For our actual tour we had Walid as our driver and tour guide. We were given a Fiat minivan for our family of 4, and the car was perfect. He went above and beyond by recommending great local places to eat, which really helped us experience authentic Moroccan cuisine instead of just tourist spots. Every recommendation was spot on!

Walid was professional, friendly, and always attentive to our needs. He made us feel comfortable, safe, and well taken care of throughout the trip. His knowledge of the area and genuine hospitality truly enhanced our experience. We also appreciated hearing out his own experiences from his Amazighs background. 

All the included meals and the activities in our trip with tremendous. Each of the meal had unique elements which ensured no monotony. The 5 course meal we had at the Sahara Stars desert camp was something we will cherish. We also loved the desert 4x4 tour which included having tea with a nomad family. Our children thoroughly enjoyed the camel ride.

We highly recommend Said and Walid to anyone planning a desert tour in Morocco — you’ll be in excellent hands!",https://cdn.tourradar.com/s3/review/original/461802_699e8fe605427.jpg,,,false,https://www.tourradar.com/t/262167,
461802,The Taste of Morocco: 4 Days from Marrakesh-Skoura Palm Oasis-Merzouga and Erg Chebbi dunes back to Marrakesh,,Rahul Kapadia,"https://images.unsplash.com/photo-1472099645785-5658abf4ff4e?w=1
  50&h=150&fit=crop",5,2026-02-25,We recently took a 4 day desert tour with them from Fes to Marrakech. The tour was customized for us as we wanted to cover more spots. Said our tour p,"We recently took a 4 day desert tour with them from Fes to Marrakech. The tour was customized for us as we wanted to cover more spots. Said our tour planner helped us with the planning on the customization of the trip as we had our young children with us. We had countless email exchanges with doubts and questions and he patiently answered all of them. We also compared their tour with few other operators and founds theirs to have the best price and activity balance. Said also gave suggestions on things outside the tour.

For our actual tour we had Walid as our driver and tour guide. We were given a Fiat minivan for our family of 4, and the car was perfect. He went above and beyond by recommending great local places to eat, which really helped us experience authentic Moroccan cuisine instead of just tourist spots. Every recommendation was spot on!

Walid was professional, friendly, and always attentive to our needs. He made us feel comfortable, safe, and well taken care of throughout the trip. His knowledge of the area and genuine hospitality truly enhanced our experience. We also appreciated hearing out his own experiences from his Amazighs background. 

All the included meals and the activities in our trip with tremendous. Each of the meal had unique elements which ensured no monotony. The 5 course meal we had at the Sahara Stars desert camp was something we will cherish. We also loved the desert 4x4 tour which included having tea with a nomad family. Our children thoroughly enjoyed the camel ride.

We highly recommend Said and Walid to anyone planning a desert tour in Morocco — you’ll be in excellent hands!",https://cdn.tourradar.com/s3/review/original/461802_699e8fe605428.jpg,,,false,https://www.tourradar.com/t/262167,
461802,The Taste of Morocco: 4 Days from Marrakesh-Skoura Palm Oasis-Merzouga and Erg Chebbi dunes back to Marrakesh,,Rahul Kapadia,"https://images.unsplash.com/photo-1472099645785-5658abf4ff4e?w=1
  50&h=150&fit=crop",5,2026-02-25,We recently took a 4 day desert tour with them from Fes to Marrakech. The tour was customized for us as we wanted to cover more spots. Said our tour p,"We recently took a 4 day desert tour with them from Fes to Marrakech. The tour was customized for us as we wanted to cover more spots. Said our tour planner helped us with the planning on the customization of the trip as we had our young children with us. We had countless email exchanges with doubts and questions and he patiently answered all of them. We also compared their tour with few other operators and founds theirs to have the best price and activity balance. Said also gave suggestions on things outside the tour.

For our actual tour we had Walid as our driver and tour guide. We were given a Fiat minivan for our family of 4, and the car was perfect. He went above and beyond by recommending great local places to eat, which really helped us experience authentic Moroccan cuisine instead of just tourist spots. Every recommendation was spot on!

Walid was professional, friendly, and always attentive to our needs. He made us feel comfortable, safe, and well taken care of throughout the trip. His knowledge of the area and genuine hospitality truly enhanced our experience. We also appreciated hearing out his own experiences from his Amazighs background. 

All the included meals and the activities in our trip with tremendous. Each of the meal had unique elements which ensured no monotony. The 5 course meal we had at the Sahara Stars desert camp was something we will cherish. We also loved the desert 4x4 tour which included having tea with a nomad family. Our children thoroughly enjoyed the camel ride.

We highly recommend Said and Walid to anyone planning a desert tour in Morocco — you’ll be in excellent hands!",https://cdn.tourradar.com/s3/review/original/461802_699e8fe605429.jpg,,,false,https://www.tourradar.com/t/262167,
461802,The Taste of Morocco: 4 Days from Marrakesh-Skoura Palm Oasis-Merzouga and Erg Chebbi dunes back to Marrakesh,,Rahul Kapadia,"https://images.unsplash.com/photo-1472099645785-5658abf4ff4e?w=1
  50&h=150&fit=crop",5,2026-02-25,We recently took a 4 day desert tour with them from Fes to Marrakech. The tour was customized for us as we wanted to cover more spots. Said our tour p,"We recently took a 4 day desert tour with them from Fes to Marrakech. The tour was customized for us as we wanted to cover more spots. Said our tour planner helped us with the planning on the customization of the trip as we had our young children with us. We had countless email exchanges with doubts and questions and he patiently answered all of them. We also compared their tour with few other operators and founds theirs to have the best price and activity balance. Said also gave suggestions on things outside the tour.

For our actual tour we had Walid as our driver and tour guide. We were given a Fiat minivan for our family of 4, and the car was perfect. He went above and beyond by recommending great local places to eat, which really helped us experience authentic Moroccan cuisine instead of just tourist spots. Every recommendation was spot on!

Walid was professional, friendly, and always attentive to our needs. He made us feel comfortable, safe, and well taken care of throughout the trip. His knowledge of the area and genuine hospitality truly enhanced our experience. We also appreciated hearing out his own experiences from his Amazighs background. 

All the included meals and the activities in our trip with tremendous. Each of the meal had unique elements which ensured no monotony. The 5 course meal we had at the Sahara Stars desert camp was something we will cherish. We also loved the desert 4x4 tour which included having tea with a nomad family. Our children thoroughly enjoyed the camel ride.

We highly recommend Said and Walid to anyone planning a desert tour in Morocco — you’ll be in excellent hands!",https://cdn.tourradar.com/s3/review/original/461802_699e8fe60542a.jpg,,,false,https://www.tourradar.com/t/262167,
461802,The Taste of Morocco: 4 Days from Marrakesh-Skoura Palm Oasis-Merzouga and Erg Chebbi dunes back to Marrakesh,,Rahul Kapadia,"https://images.unsplash.com/photo-1472099645785-5658abf4ff4e?w=1
  50&h=150&fit=crop",5,2026-02-25,We recently took a 4 day desert tour with them from Fes to Marrakech. The tour was customized for us as we wanted to cover more spots. Said our tour p,"We recently took a 4 day desert tour with them from Fes to Marrakech. The tour was customized for us as we wanted to cover more spots. Said our tour planner helped us with the planning on the customization of the trip as we had our young children with us. We had countless email exchanges with doubts and questions and he patiently answered all of them. We also compared their tour with few other operators and founds theirs to have the best price and activity balance. Said also gave suggestions on things outside the tour.

For our actual tour we had Walid as our driver and tour guide. We were given a Fiat minivan for our family of 4, and the car was perfect. He went above and beyond by recommending great local places to eat, which really helped us experience authentic Moroccan cuisine instead of just tourist spots. Every recommendation was spot on!

Walid was professional, friendly, and always attentive to our needs. He made us feel comfortable, safe, and well taken care of throughout the trip. His knowledge of the area and genuine hospitality truly enhanced our experience. We also appreciated hearing out his own experiences from his Amazighs background. 

All the included meals and the activities in our trip with tremendous. Each of the meal had unique elements which ensured no monotony. The 5 course meal we had at the Sahara Stars desert camp was something we will cherish. We also loved the desert 4x4 tour which included having tea with a nomad family. Our children thoroughly enjoyed the camel ride.

We highly recommend Said and Walid to anyone planning a desert tour in Morocco — you’ll be in excellent hands!",https://cdn.tourradar.com/s3/review/original/461802_699e8fe60542b.jpg,,,false,https://www.tourradar.com/t/262167,
461802,The Taste of Morocco: 4 Days from Marrakesh-Skoura Palm Oasis-Merzouga and Erg Chebbi dunes back to Marrakesh,,Rahul Kapadia,"https://images.unsplash.com/photo-1472099645785-5658abf4ff4e?w=1
  50&h=150&fit=crop",5,2026-02-25,We recently took a 4 day desert tour with them from Fes to Marrakech. The tour was customized for us as we wanted to cover more spots. Said our tour p,"We recently took a 4 day desert tour with them from Fes to Marrakech. The tour was customized for us as we wanted to cover more spots. Said our tour planner helped us with the planning on the customization of the trip as we had our young children with us. We had countless email exchanges with doubts and questions and he patiently answered all of them. We also compared their tour with few other operators and founds theirs to have the best price and activity balance. Said also gave suggestions on things outside the tour.

For our actual tour we had Walid as our driver and tour guide. We were given a Fiat minivan for our family of 4, and the car was perfect. He went above and beyond by recommending great local places to eat, which really helped us experience authentic Moroccan cuisine instead of just tourist spots. Every recommendation was spot on!

Walid was professional, friendly, and always attentive to our needs. He made us feel comfortable, safe, and well taken care of throughout the trip. His knowledge of the area and genuine hospitality truly enhanced our experience. We also appreciated hearing out his own experiences from his Amazighs background. 

All the included meals and the activities in our trip with tremendous. Each of the meal had unique elements which ensured no monotony. The 5 course meal we had at the Sahara Stars desert camp was something we will cherish. We also loved the desert 4x4 tour which included having tea with a nomad family. Our children thoroughly enjoyed the camel ride.

We highly recommend Said and Walid to anyone planning a desert tour in Morocco — you’ll be in excellent hands!",https://cdn.tourradar.com/s3/review/original/461802_699e8fe60542c.jpg,,,false,https://www.tourradar.com/t/262167,
461802,The Taste of Morocco: 4 Days from Marrakesh-Skoura Palm Oasis-Merzouga and Erg Chebbi dunes back to Marrakesh,,Rahul Kapadia,"https://images.unsplash.com/photo-1472099645785-5658abf4ff4e?w=1
  50&h=150&fit=crop",5,2026-02-25,We recently took a 4 day desert tour with them from Fes to Marrakech. The tour was customized for us as we wanted to cover more spots. Said our tour p,"We recently took a 4 day desert tour with them from Fes to Marrakech. The tour was customized for us as we wanted to cover more spots. Said our tour planner helped us with the planning on the customization of the trip as we had our young children with us. We had countless email exchanges with doubts and questions and he patiently answered all of them. We also compared their tour with few other operators and founds theirs to have the best price and activity balance. Said also gave suggestions on things outside the tour.

For our actual tour we had Walid as our driver and tour guide. We were given a Fiat minivan for our family of 4, and the car was perfect. He went above and beyond by recommending great local places to eat, which really helped us experience authentic Moroccan cuisine instead of just tourist spots. Every recommendation was spot on!

Walid was professional, friendly, and always attentive to our needs. He made us feel comfortable, safe, and well taken care of throughout the trip. His knowledge of the area and genuine hospitality truly enhanced our experience. We also appreciated hearing out his own experiences from his Amazighs background. 

All the included meals and the activities in our trip with tremendous. Each of the meal had unique elements which ensured no monotony. The 5 course meal we had at the Sahara Stars desert camp was something we will cherish. We also loved the desert 4x4 tour which included having tea with a nomad family. Our children thoroughly enjoyed the camel ride.

We highly recommend Said and Walid to anyone planning a desert tour in Morocco — you’ll be in excellent hands!",https://cdn.tourradar.com/s3/review/original/461802_699e8fe60542d.jpg,,,false,https://www.tourradar.com/t/262167,
461802,The Taste of Morocco: 4 Days from Marrakesh-Skoura Palm Oasis-Merzouga and Erg Chebbi dunes back to Marrakesh,,Rahul Kapadia,"https://images.unsplash.com/photo-1472099645785-5658abf4ff4e?w=1
  50&h=150&fit=crop",5,2026-02-25,We recently took a 4 day desert tour with them from Fes to Marrakech. The tour was customized for us as we wanted to cover more spots. Said our tour p,"We recently took a 4 day desert tour with them from Fes to Marrakech. The tour was customized for us as we wanted to cover more spots. Said our tour planner helped us with the planning on the customization of the trip as we had our young children with us. We had countless email exchanges with doubts and questions and he patiently answered all of them. We also compared their tour with few other operators and founds theirs to have the best price and activity balance. Said also gave suggestions on things outside the tour.

For our actual tour we had Walid as our driver and tour guide. We were given a Fiat minivan for our family of 4, and the car was perfect. He went above and beyond by recommending great local places to eat, which really helped us experience authentic Moroccan cuisine instead of just tourist spots. Every recommendation was spot on!

Walid was professional, friendly, and always attentive to our needs. He made us feel comfortable, safe, and well taken care of throughout the trip. His knowledge of the area and genuine hospitality truly enhanced our experience. We also appreciated hearing out his own experiences from his Amazighs background. 

All the included meals and the activities in our trip with tremendous. Each of the meal had unique elements which ensured no monotony. The 5 course meal we had at the Sahara Stars desert camp was something we will cherish. We also loved the desert 4x4 tour which included having tea with a nomad family. Our children thoroughly enjoyed the camel ride.

We highly recommend Said and Walid to anyone planning a desert tour in Morocco — you’ll be in excellent hands!",https://cdn.tourradar.com/s3/review/original/461802_699e8fe60542e.jpg,,,false,https://www.tourradar.com/t/262167,
461802,The Taste of Morocco: 4 Days from Marrakesh-Skoura Palm Oasis-Merzouga and Erg Chebbi dunes back to Marrakesh,,Rahul Kapadia,"https://images.unsplash.com/photo-1472099645785-5658abf4ff4e?w=1
  50&h=150&fit=crop",5,2026-02-25,We recently took a 4 day desert tour with them from Fes to Marrakech. The tour was customized for us as we wanted to cover more spots. Said our tour p,"We recently took a 4 day desert tour with them from Fes to Marrakech. The tour was customized for us as we wanted to cover more spots. Said our tour planner helped us with the planning on the customization of the trip as we had our young children with us. We had countless email exchanges with doubts and questions and he patiently answered all of them. We also compared their tour with few other operators and founds theirs to have the best price and activity balance. Said also gave suggestions on things outside the tour.

For our actual tour we had Walid as our driver and tour guide. We were given a Fiat minivan for our family of 4, and the car was perfect. He went above and beyond by recommending great local places to eat, which really helped us experience authentic Moroccan cuisine instead of just tourist spots. Every recommendation was spot on!

Walid was professional, friendly, and always attentive to our needs. He made us feel comfortable, safe, and well taken care of throughout the trip. His knowledge of the area and genuine hospitality truly enhanced our experience. We also appreciated hearing out his own experiences from his Amazighs background. 

All the included meals and the activities in our trip with tremendous. Each of the meal had unique elements which ensured no monotony. The 5 course meal we had at the Sahara Stars desert camp was something we will cherish. We also loved the desert 4x4 tour which included having tea with a nomad family. Our children thoroughly enjoyed the camel ride.

We highly recommend Said and Walid to anyone planning a desert tour in Morocco — you’ll be in excellent hands!",https://cdn.tourradar.com/s3/review/original/461802_699e9002b0b6c.jpg,,,false,https://www.tourradar.com/t/262167,
461802,The Taste of Morocco: 4 Days from Marrakesh-Skoura Palm Oasis-Merzouga and Erg Chebbi dunes back to Marrakesh,,Rahul Kapadia,"https://images.unsplash.com/photo-1472099645785-5658abf4ff4e?w=1
  50&h=150&fit=crop",5,2026-02-25,We recently took a 4 day desert tour with them from Fes to Marrakech. The tour was customized for us as we wanted to cover more spots. Said our tour p,"We recently took a 4 day desert tour with them from Fes to Marrakech. The tour was customized for us as we wanted to cover more spots. Said our tour planner helped us with the planning on the customization of the trip as we had our young children with us. We had countless email exchanges with doubts and questions and he patiently answered all of them. We also compared their tour with few other operators and founds theirs to have the best price and activity balance. Said also gave suggestions on things outside the tour.

For our actual tour we had Walid as our driver and tour guide. We were given a Fiat minivan for our family of 4, and the car was perfect. He went above and beyond by recommending great local places to eat, which really helped us experience authentic Moroccan cuisine instead of just tourist spots. Every recommendation was spot on!

Walid was professional, friendly, and always attentive to our needs. He made us feel comfortable, safe, and well taken care of throughout the trip. His knowledge of the area and genuine hospitality truly enhanced our experience. We also appreciated hearing out his own experiences from his Amazighs background. 

All the included meals and the activities in our trip with tremendous. Each of the meal had unique elements which ensured no monotony. The 5 course meal we had at the Sahara Stars desert camp was something we will cherish. We also loved the desert 4x4 tour which included having tea with a nomad family. Our children thoroughly enjoyed the camel ride.

We highly recommend Said and Walid to anyone planning a desert tour in Morocco — you’ll be in excellent hands!",https://cdn.tourradar.com/s3/review/original/461802_699e9002b0b71.jpg,,,false,https://www.tourradar.com/t/262167,
461802,The Taste of Morocco: 4 Days from Marrakesh-Skoura Palm Oasis-Merzouga and Erg Chebbi dunes back to Marrakesh,,Rahul Kapadia,"https://images.unsplash.com/photo-1472099645785-5658abf4ff4e?w=1
  50&h=150&fit=crop",5,2026-02-25,We recently took a 4 day desert tour with them from Fes to Marrakech. The tour was customized for us as we wanted to cover more spots. Said our tour p,"We recently took a 4 day desert tour with them from Fes to Marrakech. The tour was customized for us as we wanted to cover more spots. Said our tour planner helped us with the planning on the customization of the trip as we had our young children with us. We had countless email exchanges with doubts and questions and he patiently answered all of them. We also compared their tour with few other operators and founds theirs to have the best price and activity balance. Said also gave suggestions on things outside the tour.

For our actual tour we had Walid as our driver and tour guide. We were given a Fiat minivan for our family of 4, and the car was perfect. He went above and beyond by recommending great local places to eat, which really helped us experience authentic Moroccan cuisine instead of just tourist spots. Every recommendation was spot on!

Walid was professional, friendly, and always attentive to our needs. He made us feel comfortable, safe, and well taken care of throughout the trip. His knowledge of the area and genuine hospitality truly enhanced our experience. We also appreciated hearing out his own experiences from his Amazighs background. 

All the included meals and the activities in our trip with tremendous. Each of the meal had unique elements which ensured no monotony. The 5 course meal we had at the Sahara Stars desert camp was something we will cherish. We also loved the desert 4x4 tour which included having tea with a nomad family. Our children thoroughly enjoyed the camel ride.

We highly recommend Said and Walid to anyone planning a desert tour in Morocco — you’ll be in excellent hands!",https://cdn.tourradar.com/s3/review/original/461802_699e9002b0b72.jpg,,,false,https://www.tourradar.com/t/262167,
461802,The Taste of Morocco: 4 Days from Marrakesh-Skoura Palm Oasis-Merzouga and Erg Chebbi dunes back to Marrakesh,,Rahul Kapadia,"https://images.unsplash.com/photo-1472099645785-5658abf4ff4e?w=1
  50&h=150&fit=crop",5,2026-02-25,We recently took a 4 day desert tour with them from Fes to Marrakech. The tour was customized for us as we wanted to cover more spots. Said our tour p,"We recently took a 4 day desert tour with them from Fes to Marrakech. The tour was customized for us as we wanted to cover more spots. Said our tour planner helped us with the planning on the customization of the trip as we had our young children with us. We had countless email exchanges with doubts and questions and he patiently answered all of them. We also compared their tour with few other operators and founds theirs to have the best price and activity balance. Said also gave suggestions on things outside the tour.

For our actual tour we had Walid as our driver and tour guide. We were given a Fiat minivan for our family of 4, and the car was perfect. He went above and beyond by recommending great local places to eat, which really helped us experience authentic Moroccan cuisine instead of just tourist spots. Every recommendation was spot on!

Walid was professional, friendly, and always attentive to our needs. He made us feel comfortable, safe, and well taken care of throughout the trip. His knowledge of the area and genuine hospitality truly enhanced our experience. We also appreciated hearing out his own experiences from his Amazighs background. 

All the included meals and the activities in our trip with tremendous. Each of the meal had unique elements which ensured no monotony. The 5 course meal we had at the Sahara Stars desert camp was something we will cherish. We also loved the desert 4x4 tour which included having tea with a nomad family. Our children thoroughly enjoyed the camel ride.

We highly recommend Said and Walid to anyone planning a desert tour in Morocco — you’ll be in excellent hands!",https://cdn.tourradar.com/s3/review/original/461802_699e9002b0b73.jpg,,,false,https://www.tourradar.com/t/262167,
461802,The Taste of Morocco: 4 Days from Marrakesh-Skoura Palm Oasis-Merzouga and Erg Chebbi dunes back to Marrakesh,,Rahul Kapadia,"https://images.unsplash.com/photo-1472099645785-5658abf4ff4e?w=1
  50&h=150&fit=crop",5,2026-02-25,We recently took a 4 day desert tour with them from Fes to Marrakech. The tour was customized for us as we wanted to cover more spots. Said our tour p,"We recently took a 4 day desert tour with them from Fes to Marrakech. The tour was customized for us as we wanted to cover more spots. Said our tour planner helped us with the planning on the customization of the trip as we had our young children with us. We had countless email exchanges with doubts and questions and he patiently answered all of them. We also compared their tour with few other operators and founds theirs to have the best price and activity balance. Said also gave suggestions on things outside the tour.

For our actual tour we had Walid as our driver and tour guide. We were given a Fiat minivan for our family of 4, and the car was perfect. He went above and beyond by recommending great local places to eat, which really helped us experience authentic Moroccan cuisine instead of just tourist spots. Every recommendation was spot on!

Walid was professional, friendly, and always attentive to our needs. He made us feel comfortable, safe, and well taken care of throughout the trip. His knowledge of the area and genuine hospitality truly enhanced our experience. We also appreciated hearing out his own experiences from his Amazighs background. 

All the included meals and the activities in our trip with tremendous. Each of the meal had unique elements which ensured no monotony. The 5 course meal we had at the Sahara Stars desert camp was something we will cherish. We also loved the desert 4x4 tour which included having tea with a nomad family. Our children thoroughly enjoyed the camel ride.

We highly recommend Said and Walid to anyone planning a desert tour in Morocco — you’ll be in excellent hands!",https://cdn.tourradar.com/s3/review/original/461802_699e9002b0b74.jpg,,,false,https://www.tourradar.com/t/262167,
461802,The Taste of Morocco: 4 Days from Marrakesh-Skoura Palm Oasis-Merzouga and Erg Chebbi dunes back to Marrakesh,,Rahul Kapadia,"https://images.unsplash.com/photo-1472099645785-5658abf4ff4e?w=1
  50&h=150&fit=crop",5,2026-02-25,We recently took a 4 day desert tour with them from Fes to Marrakech. The tour was customized for us as we wanted to cover more spots. Said our tour p,"We recently took a 4 day desert tour with them from Fes to Marrakech. The tour was customized for us as we wanted to cover more spots. Said our tour planner helped us with the planning on the customization of the trip as we had our young children with us. We had countless email exchanges with doubts and questions and he patiently answered all of them. We also compared their tour with few other operators and founds theirs to have the best price and activity balance. Said also gave suggestions on things outside the tour.

For our actual tour we had Walid as our driver and tour guide. We were given a Fiat minivan for our family of 4, and the car was perfect. He went above and beyond by recommending great local places to eat, which really helped us experience authentic Moroccan cuisine instead of just tourist spots. Every recommendation was spot on!

Walid was professional, friendly, and always attentive to our needs. He made us feel comfortable, safe, and well taken care of throughout the trip. His knowledge of the area and genuine hospitality truly enhanced our experience. We also appreciated hearing out his own experiences from his Amazighs background. 

All the included meals and the activities in our trip with tremendous. Each of the meal had unique elements which ensured no monotony. The 5 course meal we had at the Sahara Stars desert camp was something we will cherish. We also loved the desert 4x4 tour which included having tea with a nomad family. Our children thoroughly enjoyed the camel ride.

We highly recommend Said and Walid to anyone planning a desert tour in Morocco — you’ll be in excellent hands!",https://cdn.tourradar.com/s3/review/original/461802_699e9002b0b75.jpg,,,false,https://www.tourradar.com/t/262167,
461802,The Taste of Morocco: 4 Days from Marrakesh-Skoura Palm Oasis-Merzouga and Erg Chebbi dunes back to Marrakesh,Draa Valley,Rahul Kapadia,"https://images.unsplash.com/photo-1472099645785-5658abf4ff4e?w=1
  50&h=150&fit=crop",5,2026-02-25,We recently took a 4 day desert tour with them from Fes to Marrakech. The tour was customized for us as we wanted to cover more spots. Said our tour p,"We recently took a 4 day desert tour with them from Fes to Marrakech. The tour was customized for us as we wanted to cover more spots. Said our tour planner helped us with the planning on the customization of the trip as we had our young children with us. We had countless email exchanges with doubts and questions and he patiently answered all of them. We also compared their tour with few other operators and founds theirs to have the best price and activity balance. Said also gave suggestions on things outside the tour.

For our actual tour we had Walid as our driver and tour guide. We were given a Fiat minivan for our family of 4, and the car was perfect. He went above and beyond by recommending great local places to eat, which really helped us experience authentic Moroccan cuisine instead of just tourist spots. Every recommendation was spot on!

Walid was professional, friendly, and always attentive to our needs. He made us feel comfortable, safe, and well taken care of throughout the trip. His knowledge of the area and genuine hospitality truly enhanced our experience. We also appreciated hearing out his own experiences from his Amazighs background. 

All the included meals and the activities in our trip with tremendous. Each of the meal had unique elements which ensured no monotony. The 5 course meal we had at the Sahara Stars desert camp was something we will cherish. We also loved the desert 4x4 tour which included having tea with a nomad family. Our children thoroughly enjoyed the camel ride.

We highly recommend Said and Walid to anyone planning a desert tour in Morocco — you’ll be in excellent hands!",https://cdn.tourradar.com/s3/review/original/461802_699e9002b0b76.jpg,,,false,https://www.tourradar.com/t/262167,
461802,The Taste of Morocco: 4 Days from Marrakesh-Skoura Palm Oasis-Merzouga and Erg Chebbi dunes back to Marrakesh,Ouarzazate,Rahul Kapadia,"https://images.unsplash.com/photo-1472099645785-5658abf4ff4e?w=1
  50&h=150&fit=crop",5,2026-02-25,We recently took a 4 day desert tour with them from Fes to Marrakech. The tour was customized for us as we wanted to cover more spots. Said our tour p,"We recently took a 4 day desert tour with them from Fes to Marrakech. The tour was customized for us as we wanted to cover more spots. Said our tour planner helped us with the planning on the customization of the trip as we had our young children with us. We had countless email exchanges with doubts and questions and he patiently answered all of them. We also compared their tour with few other operators and founds theirs to have the best price and activity balance. Said also gave suggestions on things outside the tour.

For our actual tour we had Walid as our driver and tour guide. We were given a Fiat minivan for our family of 4, and the car was perfect. He went above and beyond by recommending great local places to eat, which really helped us experience authentic Moroccan cuisine instead of just tourist spots. Every recommendation was spot on!

Walid was professional, friendly, and always attentive to our needs. He made us feel comfortable, safe, and well taken care of throughout the trip. His knowledge of the area and genuine hospitality truly enhanced our experience. We also appreciated hearing out his own experiences from his Amazighs background. 

All the included meals and the activities in our trip with tremendous. Each of the meal had unique elements which ensured no monotony. The 5 course meal we had at the Sahara Stars desert camp was something we will cherish. We also loved the desert 4x4 tour which included having tea with a nomad family. Our children thoroughly enjoyed the camel ride.

We highly recommend Said and Walid to anyone planning a desert tour in Morocco — you’ll be in excellent hands!",https://cdn.tourradar.com/s3/review/original/461802_699e9002b0b77.jpg,,,false,https://www.tourradar.com/t/262167,
461802,The Taste of Morocco: 4 Days from Marrakesh-Skoura Palm Oasis-Merzouga and Erg Chebbi dunes back to Marrakesh,Erg Chebbi,Rahul Kapadia,"https://images.unsplash.com/photo-1472099645785-5658abf4ff4e?w=1
  50&h=150&fit=crop",5,2026-02-25,We recently took a 4 day desert tour with them from Fes to Marrakech. The tour was customized for us as we wanted to cover more spots. Said our tour p,"We recently took a 4 day desert tour with them from Fes to Marrakech. The tour was customized for us as we wanted to cover more spots. Said our tour planner helped us with the planning on the customization of the trip as we had our young children with us. We had countless email exchanges with doubts and questions and he patiently answered all of them. We also compared their tour with few other operators and founds theirs to have the best price and activity balance. Said also gave suggestions on things outside the tour.

For our actual tour we had Walid as our driver and tour guide. We were given a Fiat minivan for our family of 4, and the car was perfect. He went above and beyond by recommending great local places to eat, which really helped us experience authentic Moroccan cuisine instead of just tourist spots. Every recommendation was spot on!

Walid was professional, friendly, and always attentive to our needs. He made us feel comfortable, safe, and well taken care of throughout the trip. His knowledge of the area and genuine hospitality truly enhanced our experience. We also appreciated hearing out his own experiences from his Amazighs background. 

All the included meals and the activities in our trip with tremendous. Each of the meal had unique elements which ensured no monotony. The 5 course meal we had at the Sahara Stars desert camp was something we will cherish. We also loved the desert 4x4 tour which included having tea with a nomad family. Our children thoroughly enjoyed the camel ride.

We highly recommend Said and Walid to anyone planning a desert tour in Morocco — you’ll be in excellent hands!",https://cdn.tourradar.com/s3/review/original/461802_699e9002b0b78.jpg,,,false,https://www.tourradar.com/t/262167,
461802,The Taste of Morocco: 4 Days from Marrakesh-Skoura Palm Oasis-Merzouga and Erg Chebbi dunes back to Marrakesh,Ait Benhaddou,Rahul Kapadia,"https://images.unsplash.com/photo-1472099645785-5658abf4ff4e?w=1
  50&h=150&fit=crop",5,2026-02-25,We recently took a 4 day desert tour with them from Fes to Marrakech. The tour was customized for us as we wanted to cover more spots. Said our tour p,"We recently took a 4 day desert tour with them from Fes to Marrakech. The tour was customized for us as we wanted to cover more spots. Said our tour planner helped us with the planning on the customization of the trip as we had our young children with us. We had countless email exchanges with doubts and questions and he patiently answered all of them. We also compared their tour with few other operators and founds theirs to have the best price and activity balance. Said also gave suggestions on things outside the tour.

For our actual tour we had Walid as our driver and tour guide. We were given a Fiat minivan for our family of 4, and the car was perfect. He went above and beyond by recommending great local places to eat, which really helped us experience authentic Moroccan cuisine instead of just tourist spots. Every recommendation was spot on!

Walid was professional, friendly, and always attentive to our needs. He made us feel comfortable, safe, and well taken care of throughout the trip. His knowledge of the area and genuine hospitality truly enhanced our experience. We also appreciated hearing out his own experiences from his Amazighs background. 

All the included meals and the activities in our trip with tremendous. Each of the meal had unique elements which ensured no monotony. The 5 course meal we had at the Sahara Stars desert camp was something we will cherish. We also loved the desert 4x4 tour which included having tea with a nomad family. Our children thoroughly enjoyed the camel ride.

We highly recommend Said and Walid to anyone planning a desert tour in Morocco — you’ll be in excellent hands!",https://cdn.tourradar.com/s3/review/original/461802_699e9002b0b79.jpg,,,false,https://www.tourradar.com/t/262167,
461802,The Taste of Morocco: 4 Days from Marrakesh-Skoura Palm Oasis-Merzouga and Erg Chebbi dunes back to Marrakesh,Todra Gorge,Rahul Kapadia,"https://images.unsplash.com/photo-1472099645785-5658abf4ff4e?w=1
  50&h=150&fit=crop",5,2026-02-25,We recently took a 4 day desert tour with them from Fes to Marrakech. The tour was customized for us as we wanted to cover more spots. Said our tour p,"We recently took a 4 day desert tour with them from Fes to Marrakech. The tour was customized for us as we wanted to cover more spots. Said our tour planner helped us with the planning on the customization of the trip as we had our young children with us. We had countless email exchanges with doubts and questions and he patiently answered all of them. We also compared their tour with few other operators and founds theirs to have the best price and activity balance. Said also gave suggestions on things outside the tour.

For our actual tour we had Walid as our driver and tour guide. We were given a Fiat minivan for our family of 4, and the car was perfect. He went above and beyond by recommending great local places to eat, which really helped us experience authentic Moroccan cuisine instead of just tourist spots. Every recommendation was spot on!

Walid was professional, friendly, and always attentive to our needs. He made us feel comfortable, safe, and well taken care of throughout the trip. His knowledge of the area and genuine hospitality truly enhanced our experience. We also appreciated hearing out his own experiences from his Amazighs background. 

All the included meals and the activities in our trip with tremendous. Each of the meal had unique elements which ensured no monotony. The 5 course meal we had at the Sahara Stars desert camp was something we will cherish. We also loved the desert 4x4 tour which included having tea with a nomad family. Our children thoroughly enjoyed the camel ride.

We highly recommend Said and Walid to anyone planning a desert tour in Morocco — you’ll be in excellent hands!",https://cdn.tourradar.com/s3/review/original/461802_699e9002b0b7a.jpg,,,false,https://www.tourradar.com/t/262167,
461783,West Philippines Classic 10 Day - One Life Adventures,Palawan,Adam Giles,"https://images.unsplash.com/photo-1472099645785-5658abf4ff4e?w=1
  50&h=150&fit=crop",5,2026-02-25,"Awesome tour, Sheena was an outstanding tour guide going above and beyond.","Awesome tour, Sheena was an outstanding tour guide going above and beyond.",https://cdn.tourradar.com/s3/review/original/461783_699e41f515d6a.jpg,,,false,https://www.tourradar.com/t/85982,
461783,West Philippines Classic 10 Day - One Life Adventures,Palawan,Adam Giles,"https://images.unsplash.com/photo-1472099645785-5658abf4ff4e?w=1
  50&h=150&fit=crop",5,2026-02-25,"Awesome tour, Sheena was an outstanding tour guide going above and beyond.","Awesome tour, Sheena was an outstanding tour guide going above and beyond.",https://cdn.tourradar.com/s3/review/original/461783_699e41f515d70.jpg,,,false,https://www.tourradar.com/t/85982,
461783,West Philippines Classic 10 Day - One Life Adventures,,Adam Giles,"https://images.unsplash.com/photo-1472099645785-5658abf4ff4e?w=1
  50&h=150&fit=crop",5,2026-02-25,"Awesome tour, Sheena was an outstanding tour guide going above and beyond.","Awesome tour, Sheena was an outstanding tour guide going above and beyond.",https://cdn.tourradar.com/s3/review/original/461783_699e41f515d72.jpg,,,false,https://www.tourradar.com/t/85982,
461783,West Philippines Classic 10 Day - One Life Adventures,Palawan,Adam Giles,"https://images.unsplash.com/photo-1472099645785-5658abf4ff4e?w=1
  50&h=150&fit=crop",5,2026-02-25,"Awesome tour, Sheena was an outstanding tour guide going above and beyond.","Awesome tour, Sheena was an outstanding tour guide going above and beyond.",https://cdn.tourradar.com/s3/review/original/461783_699e41f515d73.jpg,,,false,https://www.tourradar.com/t/85982,
461783,West Philippines Classic 10 Day - One Life Adventures,Palawan,Adam Giles,"https://images.unsplash.com/photo-1472099645785-5658abf4ff4e?w=1
  50&h=150&fit=crop",5,2026-02-25,"Awesome tour, Sheena was an outstanding tour guide going above and beyond.","Awesome tour, Sheena was an outstanding tour guide going above and beyond.",https://cdn.tourradar.com/s3/review/original/461783_699e41f515d75.jpg,,,false,https://www.tourradar.com/t/85982,
461783,West Philippines Classic 10 Day - One Life Adventures,Palawan,Adam Giles,"https://images.unsplash.com/photo-1472099645785-5658abf4ff4e?w=1
  50&h=150&fit=crop",5,2026-02-25,"Awesome tour, Sheena was an outstanding tour guide going above and beyond.","Awesome tour, Sheena was an outstanding tour guide going above and beyond.",https://cdn.tourradar.com/s3/review/original/461783_699e41f515d76.jpg,,,false,https://www.tourradar.com/t/85982,
461783,West Philippines Classic 10 Day - One Life Adventures,Port Barton,Adam Giles,"https://images.unsplash.com/photo-1472099645785-5658abf4ff4e?w=1
  50&h=150&fit=crop",5,2026-02-25,"Awesome tour, Sheena was an outstanding tour guide going above and beyond.","Awesome tour, Sheena was an outstanding tour guide going above and beyond.",https://cdn.tourradar.com/s3/review/original/461783_699e41f515d77.jpg,,,false,https://www.tourradar.com/t/85982,
461783,West Philippines Classic 10 Day - One Life Adventures,Palawan,Adam Giles,"https://images.unsplash.com/photo-1472099645785-5658abf4ff4e?w=1
  50&h=150&fit=crop",5,2026-02-25,"Awesome tour, Sheena was an outstanding tour guide going above and beyond.","Awesome tour, Sheena was an outstanding tour guide going above and beyond.",https://cdn.tourradar.com/s3/review/original/461783_699e427809f8c.jpg,,,false,https://www.tourradar.com/t/85982,
461783,West Philippines Classic 10 Day - One Life Adventures,Palawan,Adam Giles,"https://images.unsplash.com/photo-1472099645785-5658abf4ff4e?w=1
  50&h=150&fit=crop",5,2026-02-25,"Awesome tour, Sheena was an outstanding tour guide going above and beyond.","Awesome tour, Sheena was an outstanding tour guide going above and beyond.",https://cdn.tourradar.com/s3/review/original/461783_699e427809f90.jpg,,,false,https://www.tourradar.com/t/85982,
461783,West Philippines Classic 10 Day - One Life Adventures,,Adam Giles,"https://images.unsplash.com/photo-1472099645785-5658abf4ff4e?w=1
  50&h=150&fit=crop",5,2026-02-25,"Awesome tour, Sheena was an outstanding tour guide going above and beyond.","Awesome tour, Sheena was an outstanding tour guide going above and beyond.",https://cdn.tourradar.com/s3/review/original/461783_699e427809f92.jpg,,,false,https://www.tourradar.com/t/85982,
461783,West Philippines Classic 10 Day - One Life Adventures,Palawan,Adam Giles,"https://images.unsplash.com/photo-1472099645785-5658abf4ff4e?w=1
  50&h=150&fit=crop",5,2026-02-25,"Awesome tour, Sheena was an outstanding tour guide going above and beyond.","Awesome tour, Sheena was an outstanding tour guide going above and beyond.",https://cdn.tourradar.com/s3/review/original/461783_699e427809f93.jpg,,,false,https://www.tourradar.com/t/85982,
461783,West Philippines Classic 10 Day - One Life Adventures,Palawan,Adam Giles,"https://images.unsplash.com/photo-1472099645785-5658abf4ff4e?w=1
  50&h=150&fit=crop",5,2026-02-25,"Awesome tour, Sheena was an outstanding tour guide going above and beyond.","Awesome tour, Sheena was an outstanding tour guide going above and beyond.",https://cdn.tourradar.com/s3/review/original/461783_699e427809f94.jpg,,,false,https://www.tourradar.com/t/85982,
461783,West Philippines Classic 10 Day - One Life Adventures,Palawan,Adam Giles,"https://images.unsplash.com/photo-1472099645785-5658abf4ff4e?w=1
  50&h=150&fit=crop",5,2026-02-25,"Awesome tour, Sheena was an outstanding tour guide going above and beyond.","Awesome tour, Sheena was an outstanding tour guide going above and beyond.",https://cdn.tourradar.com/s3/review/original/461783_699e427809f95.jpg,,,false,https://www.tourradar.com/t/85982,
461783,West Philippines Classic 10 Day - One Life Adventures,Port Barton,Adam Giles,"https://images.unsplash.com/photo-1472099645785-5658abf4ff4e?w=1
  50&h=150&fit=crop",5,2026-02-25,"Awesome tour, Sheena was an outstanding tour guide going above and beyond.","Awesome tour, Sheena was an outstanding tour guide going above and beyond.",https://cdn.tourradar.com/s3/review/original/461783_699e427809f96.jpg,,,false,https://www.tourradar.com/t/85982,
461783,West Philippines Classic 10 Day - One Life Adventures,Palawan,Adam Giles,"https://images.unsplash.com/photo-1472099645785-5658abf4ff4e?w=1
  50&h=150&fit=crop",5,2026-02-25,"Awesome tour, Sheena was an outstanding tour guide going above and beyond.","Awesome tour, Sheena was an outstanding tour guide going above and beyond.",https://cdn.tourradar.com/s3/review/original/461783_699e42d224ec5.jpg,,,false,https://www.tourradar.com/t/85982,
461783,West Philippines Classic 10 Day - One Life Adventures,Palawan,Adam Giles,"https://images.unsplash.com/photo-1472099645785-5658abf4ff4e?w=1
  50&h=150&fit=crop",5,2026-02-25,"Awesome tour, Sheena was an outstanding tour guide going above and beyond.","Awesome tour, Sheena was an outstanding tour guide going above and beyond.",https://cdn.tourradar.com/s3/review/original/461783_699e42d224ec9.jpg,,,false,https://www.tourradar.com/t/85982,
461783,West Philippines Classic 10 Day - One Life Adventures,,Adam Giles,"https://images.unsplash.com/photo-1472099645785-5658abf4ff4e?w=1
  50&h=150&fit=crop",5,2026-02-25,"Awesome tour, Sheena was an outstanding tour guide going above and beyond.","Awesome tour, Sheena was an outstanding tour guide going above and beyond.",https://cdn.tourradar.com/s3/review/original/461783_699e42d224ecb.jpg,,,false,https://www.tourradar.com/t/85982,
461783,West Philippines Classic 10 Day - One Life Adventures,Palawan,Adam Giles,"https://images.unsplash.com/photo-1472099645785-5658abf4ff4e?w=1
  50&h=150&fit=crop",5,2026-02-25,"Awesome tour, Sheena was an outstanding tour guide going above and beyond.","Awesome tour, Sheena was an outstanding tour guide going above and beyond.",https://cdn.tourradar.com/s3/review/original/461783_699e42d224ecc.jpg,,,false,https://www.tourradar.com/t/85982,
461783,West Philippines Classic 10 Day - One Life Adventures,Palawan,Adam Giles,"https://images.unsplash.com/photo-1472099645785-5658abf4ff4e?w=1
  50&h=150&fit=crop",5,2026-02-25,"Awesome tour, Sheena was an outstanding tour guide going above and beyond.","Awesome tour, Sheena was an outstanding tour guide going above and beyond.",https://cdn.tourradar.com/s3/review/original/461783_699e42d2371b8.jpg,,,false,https://www.tourradar.com/t/85982,
461783,West Philippines Classic 10 Day - One Life Adventures,Palawan,Adam Giles,"https://images.unsplash.com/photo-1472099645785-5658abf4ff4e?w=1
  50&h=150&fit=crop",5,2026-02-25,"Awesome tour, Sheena was an outstanding tour guide going above and beyond.","Awesome tour, Sheena was an outstanding tour guide going above and beyond.",https://cdn.tourradar.com/s3/review/original/461783_699e42d2371bf.jpg,,,false,https://www.tourradar.com/t/85982,
461783,West Philippines Classic 10 Day - One Life Adventures,,Adam Giles,"https://images.unsplash.com/photo-1472099645785-5658abf4ff4e?w=1
  50&h=150&fit=crop",5,2026-02-25,"Awesome tour, Sheena was an outstanding tour guide going above and beyond.","Awesome tour, Sheena was an outstanding tour guide going above and beyond.",https://cdn.tourradar.com/s3/review/original/461783_699e42d2371c1.jpg,,,false,https://www.tourradar.com/t/85982,
461783,West Philippines Classic 10 Day - One Life Adventures,Palawan,Adam Giles,"https://images.unsplash.com/photo-1472099645785-5658abf4ff4e?w=1
  50&h=150&fit=crop",5,2026-02-25,"Awesome tour, Sheena was an outstanding tour guide going above and beyond.","Awesome tour, Sheena was an outstanding tour guide going above and beyond.",https://cdn.tourradar.com/s3/review/original/461783_699e42d2371c2.jpg,,,false,https://www.tourradar.com/t/85982,
461783,West Philippines Classic 10 Day - One Life Adventures,Palawan,Adam Giles,"https://images.unsplash.com/photo-1472099645785-5658abf4ff4e?w=1
  50&h=150&fit=crop",5,2026-02-25,"Awesome tour, Sheena was an outstanding tour guide going above and beyond.","Awesome tour, Sheena was an outstanding tour guide going above and beyond.",https://cdn.tourradar.com/s3/review/original/461783_699e42d27af9f.jpg,,,false,https://www.tourradar.com/t/85982,
461783,West Philippines Classic 10 Day - One Life Adventures,Palawan,Adam Giles,"https://images.unsplash.com/photo-1472099645785-5658abf4ff4e?w=1
  50&h=150&fit=crop",5,2026-02-25,"Awesome tour, Sheena was an outstanding tour guide going above and beyond.","Awesome tour, Sheena was an outstanding tour guide going above and beyond.",https://cdn.tourradar.com/s3/review/original/461783_699e42d27afa3.jpg,,,false,https://www.tourradar.com/t/85982,
461783,West Philippines Classic 10 Day - One Life Adventures,,Adam Giles,"https://images.unsplash.com/photo-1472099645785-5658abf4ff4e?w=1
  50&h=150&fit=crop",5,2026-02-25,"Awesome tour, Sheena was an outstanding tour guide going above and beyond.","Awesome tour, Sheena was an outstanding tour guide going above and beyond.",https://cdn.tourradar.com/s3/review/original/461783_699e42d27afa4.jpg,,,false,https://www.tourradar.com/t/85982,
461783,West Philippines Classic 10 Day - One Life Adventures,Palawan,Adam Giles,"https://images.unsplash.com/photo-1472099645785-5658abf4ff4e?w=1
  50&h=150&fit=crop",5,2026-02-25,"Awesome tour, Sheena was an outstanding tour guide going above and beyond.","Awesome tour, Sheena was an outstanding tour guide going above and beyond.",https://cdn.tourradar.com/s3/review/original/461783_699e42d27afa5.jpg,,,false,https://www.tourradar.com/t/85982,
461783,West Philippines Classic 10 Day - One Life Adventures,Palawan,Adam Giles,"https://images.unsplash.com/photo-1472099645785-5658abf4ff4e?w=1
  50&h=150&fit=crop",5,2026-02-25,"Awesome tour, Sheena was an outstanding tour guide going above and beyond.","Awesome tour, Sheena was an outstanding tour guide going above and beyond.",https://cdn.tourradar.com/s3/review/original/461783_699e42d27afa6.jpg,,,false,https://www.tourradar.com/t/85982,
461783,West Philippines Classic 10 Day - One Life Adventures,Palawan,Adam Giles,"https://images.unsplash.com/photo-1472099645785-5658abf4ff4e?w=1
  50&h=150&fit=crop",5,2026-02-25,"Awesome tour, Sheena was an outstanding tour guide going above and beyond.","Awesome tour, Sheena was an outstanding tour guide going above and beyond.",https://cdn.tourradar.com/s3/review/original/461783_699e42d27afa7.jpg,,,false,https://www.tourradar.com/t/85982,
461783,West Philippines Classic 10 Day - One Life Adventures,Palawan,Adam Giles,"https://images.unsplash.com/photo-1472099645785-5658abf4ff4e?w=1
  50&h=150&fit=crop",5,2026-02-25,"Awesome tour, Sheena was an outstanding tour guide going above and beyond.","Awesome tour, Sheena was an outstanding tour guide going above and beyond.",https://cdn.tourradar.com/s3/review/original/461783_699e42d30c783.jpg,,,false,https://www.tourradar.com/t/85982,
461783,West Philippines Classic 10 Day - One Life Adventures,Palawan,Adam Giles,"https://images.unsplash.com/photo-1472099645785-5658abf4ff4e?w=1
  50&h=150&fit=crop",5,2026-02-25,"Awesome tour, Sheena was an outstanding tour guide going above and beyond.","Awesome tour, Sheena was an outstanding tour guide going above and beyond.",https://cdn.tourradar.com/s3/review/original/461783_699e42d30c78a.jpg,,,false,https://www.tourradar.com/t/85982,
461783,West Philippines Classic 10 Day - One Life Adventures,,Adam Giles,"https://images.unsplash.com/photo-1472099645785-5658abf4ff4e?w=1
  50&h=150&fit=crop",5,2026-02-25,"Awesome tour, Sheena was an outstanding tour guide going above and beyond.","Awesome tour, Sheena was an outstanding tour guide going above and beyond.",https://cdn.tourradar.com/s3/review/original/461783_699e42d30c78c.jpg,,,false,https://www.tourradar.com/t/85982,
461783,West Philippines Classic 10 Day - One Life Adventures,Palawan,Adam Giles,"https://images.unsplash.com/photo-1472099645785-5658abf4ff4e?w=1
  50&h=150&fit=crop",5,2026-02-25,"Awesome tour, Sheena was an outstanding tour guide going above and beyond.","Awesome tour, Sheena was an outstanding tour guide going above and beyond.",https://cdn.tourradar.com/s3/review/original/461783_699e42d30c78d.jpg,,,false,https://www.tourradar.com/t/85982,
461783,West Philippines Classic 10 Day - One Life Adventures,Palawan,Adam Giles,"https://images.unsplash.com/photo-1472099645785-5658abf4ff4e?w=1
  50&h=150&fit=crop",5,2026-02-25,"Awesome tour, Sheena was an outstanding tour guide going above and beyond.","Awesome tour, Sheena was an outstanding tour guide going above and beyond.",https://cdn.tourradar.com/s3/review/original/461783_699e42d30c78f.jpg,,,false,https://www.tourradar.com/t/85982,
461783,West Philippines Classic 10 Day - One Life Adventures,Palawan,Adam Giles,"https://images.unsplash.com/photo-1472099645785-5658abf4ff4e?w=1
  50&h=150&fit=crop",5,2026-02-25,"Awesome tour, Sheena was an outstanding tour guide going above and beyond.","Awesome tour, Sheena was an outstanding tour guide going above and beyond.",https://cdn.tourradar.com/s3/review/original/461783_699e42d30c790.jpg,,,false,https://www.tourradar.com/t/85982,
461783,West Philippines Classic 10 Day - One Life Adventures,Palawan,Adam Giles,"https://images.unsplash.com/photo-1472099645785-5658abf4ff4e?w=1
  50&h=150&fit=crop",5,2026-02-25,"Awesome tour, Sheena was an outstanding tour guide going above and beyond.","Awesome tour, Sheena was an outstanding tour guide going above and beyond.",https://cdn.tourradar.com/s3/review/original/461783_699e42d3168f7.jpg,,,false,https://www.tourradar.com/t/85982,
461783,West Philippines Classic 10 Day - One Life Adventures,Palawan,Adam Giles,"https://images.unsplash.com/photo-1472099645785-5658abf4ff4e?w=1
  50&h=150&fit=crop",5,2026-02-25,"Awesome tour, Sheena was an outstanding tour guide going above and beyond.","Awesome tour, Sheena was an outstanding tour guide going above and beyond.",https://cdn.tourradar.com/s3/review/original/461783_699e42d3168fc.jpg,,,false,https://www.tourradar.com/t/85982,
461783,West Philippines Classic 10 Day - One Life Adventures,,Adam Giles,"https://images.unsplash.com/photo-1472099645785-5658abf4ff4e?w=1
  50&h=150&fit=crop",5,2026-02-25,"Awesome tour, Sheena was an outstanding tour guide going above and beyond.","Awesome tour, Sheena was an outstanding tour guide going above and beyond.",https://cdn.tourradar.com/s3/review/original/461783_699e42d3168fd.jpg,,,false,https://www.tourradar.com/t/85982,
461783,West Philippines Classic 10 Day - One Life Adventures,Palawan,Adam Giles,"https://images.unsplash.com/photo-1472099645785-5658abf4ff4e?w=1
  50&h=150&fit=crop",5,2026-02-25,"Awesome tour, Sheena was an outstanding tour guide going above and beyond.","Awesome tour, Sheena was an outstanding tour guide going above and beyond.",https://cdn.tourradar.com/s3/review/original/461783_699e42d3168fe.jpg,,,false,https://www.tourradar.com/t/85982,
461783,West Philippines Classic 10 Day - One Life Adventures,Palawan,Adam Giles,"https://images.unsplash.com/photo-1472099645785-5658abf4ff4e?w=1
  50&h=150&fit=crop",5,2026-02-25,"Awesome tour, Sheena was an outstanding tour guide going above and beyond.","Awesome tour, Sheena was an outstanding tour guide going above and beyond.",https://cdn.tourradar.com/s3/review/original/461783_699e42d3168ff.jpg,,,false,https://www.tourradar.com/t/85982,
461783,West Philippines Classic 10 Day - One Life Adventures,Palawan,Adam Giles,"https://images.unsplash.com/photo-1472099645785-5658abf4ff4e?w=1
  50&h=150&fit=crop",5,2026-02-25,"Awesome tour, Sheena was an outstanding tour guide going above and beyond.","Awesome tour, Sheena was an outstanding tour guide going above and beyond.",https://cdn.tourradar.com/s3/review/original/461783_699e42d316900.jpg,,,false,https://www.tourradar.com/t/85982,
461782,West Philippines Classic 10 Day - One Life Adventures,Palawan,Cailin Marsh,"https://images.unsplash.com/photo-1472099645785-5658abf4ff4e?w=1
  50&h=150&fit=crop",5,2026-02-25,This tour was amazing. A great way to see all the highlights whilst having the knowledge of a local guide. Accommodations were great and Sheena our to,This tour was amazing. A great way to see all the highlights whilst having the knowledge of a local guide. Accommodations were great and Sheena our tour guide was incredible. She has a clear love for her island and home town. She brought an infectious energy to the group and no question went unanswered. She is a true asset to the One Life team. Our trip was extra special because of Sheena.,https://cdn.tourradar.com/s3/review/original/461782_699e419d6d431.jpg,,,false,https://www.tourradar.com/t/85982,
461782,West Philippines Classic 10 Day - One Life Adventures,Palawan,Cailin Marsh,"https://images.unsplash.com/photo-1472099645785-5658abf4ff4e?w=1
  50&h=150&fit=crop",5,2026-02-25,This tour was amazing. A great way to see all the highlights whilst having the knowledge of a local guide. Accommodations were great and Sheena our to,This tour was amazing. A great way to see all the highlights whilst having the knowledge of a local guide. Accommodations were great and Sheena our tour guide was incredible. She has a clear love for her island and home town. She brought an infectious energy to the group and no question went unanswered. She is a true asset to the One Life team. Our trip was extra special because of Sheena.,https://cdn.tourradar.com/s3/review/original/461782_699e419d6d436.jpg,,,false,https://www.tourradar.com/t/85982,
461782,West Philippines Classic 10 Day - One Life Adventures,Palawan,Cailin Marsh,"https://images.unsplash.com/photo-1472099645785-5658abf4ff4e?w=1
  50&h=150&fit=crop",5,2026-02-25,This tour was amazing. A great way to see all the highlights whilst having the knowledge of a local guide. Accommodations were great and Sheena our to,This tour was amazing. A great way to see all the highlights whilst having the knowledge of a local guide. Accommodations were great and Sheena our tour guide was incredible. She has a clear love for her island and home town. She brought an infectious energy to the group and no question went unanswered. She is a true asset to the One Life team. Our trip was extra special because of Sheena.,https://cdn.tourradar.com/s3/review/original/461782_699e419d6d437.jpg,,,false,https://www.tourradar.com/t/85982,
461782,West Philippines Classic 10 Day - One Life Adventures,Palawan,Cailin Marsh,"https://images.unsplash.com/photo-1472099645785-5658abf4ff4e?w=1
  50&h=150&fit=crop",5,2026-02-25,This tour was amazing. A great way to see all the highlights whilst having the knowledge of a local guide. Accommodations were great and Sheena our to,This tour was amazing. A great way to see all the highlights whilst having the knowledge of a local guide. Accommodations were great and Sheena our tour guide was incredible. She has a clear love for her island and home town. She brought an infectious energy to the group and no question went unanswered. She is a true asset to the One Life team. Our trip was extra special because of Sheena.,https://cdn.tourradar.com/s3/review/original/461782_699e419d6d439.jpg,,,false,https://www.tourradar.com/t/85982,
461782,West Philippines Classic 10 Day - One Life Adventures,Palawan,Cailin Marsh,"https://images.unsplash.com/photo-1472099645785-5658abf4ff4e?w=1
  50&h=150&fit=crop",5,2026-02-25,This tour was amazing. A great way to see all the highlights whilst having the knowledge of a local guide. Accommodations were great and Sheena our to,This tour was amazing. A great way to see all the highlights whilst having the knowledge of a local guide. Accommodations were great and Sheena our tour guide was incredible. She has a clear love for her island and home town. She brought an infectious energy to the group and no question went unanswered. She is a true asset to the One Life team. Our trip was extra special because of Sheena.,https://cdn.tourradar.com/s3/review/original/461782_699e419d6d43a.jpg,,,false,https://www.tourradar.com/t/85982,
461782,West Philippines Classic 10 Day - One Life Adventures,Palawan,Cailin Marsh,"https://images.unsplash.com/photo-1472099645785-5658abf4ff4e?w=1
  50&h=150&fit=crop",5,2026-02-25,This tour was amazing. A great way to see all the highlights whilst having the knowledge of a local guide. Accommodations were great and Sheena our to,This tour was amazing. A great way to see all the highlights whilst having the knowledge of a local guide. Accommodations were great and Sheena our tour guide was incredible. She has a clear love for her island and home town. She brought an infectious energy to the group and no question went unanswered. She is a true asset to the One Life team. Our trip was extra special because of Sheena.,https://cdn.tourradar.com/s3/review/original/461782_699e419d6d43b.jpg,,,false,https://www.tourradar.com/t/85982,
461782,West Philippines Classic 10 Day - One Life Adventures,Palawan,Cailin Marsh,"https://images.unsplash.com/photo-1472099645785-5658abf4ff4e?w=1
  50&h=150&fit=crop",5,2026-02-25,This tour was amazing. A great way to see all the highlights whilst having the knowledge of a local guide. Accommodations were great and Sheena our to,This tour was amazing. A great way to see all the highlights whilst having the knowledge of a local guide. Accommodations were great and Sheena our tour guide was incredible. She has a clear love for her island and home town. She brought an infectious energy to the group and no question went unanswered. She is a true asset to the One Life team. Our trip was extra special because of Sheena.,https://cdn.tourradar.com/s3/review/original/461782_699e419d6d43c.jpg,,,false,https://www.tourradar.com/t/85982,
461782,West Philippines Classic 10 Day - One Life Adventures,Palawan,Cailin Marsh,"https://images.unsplash.com/photo-1472099645785-5658abf4ff4e?w=1
  50&h=150&fit=crop",5,2026-02-25,This tour was amazing. A great way to see all the highlights whilst having the knowledge of a local guide. Accommodations were great and Sheena our to,This tour was amazing. A great way to see all the highlights whilst having the knowledge of a local guide. Accommodations were great and Sheena our tour guide was incredible. She has a clear love for her island and home town. She brought an infectious energy to the group and no question went unanswered. She is a true asset to the One Life team. Our trip was extra special because of Sheena.,https://cdn.tourradar.com/s3/review/original/461782_699e419d6d43d.jpg,,,false,https://www.tourradar.com/t/85982,
461782,West Philippines Classic 10 Day - One Life Adventures,Palawan,Cailin Marsh,"https://images.unsplash.com/photo-1472099645785-5658abf4ff4e?w=1
  50&h=150&fit=crop",5,2026-02-25,This tour was amazing. A great way to see all the highlights whilst having the knowledge of a local guide. Accommodations were great and Sheena our to,This tour was amazing. A great way to see all the highlights whilst having the knowledge of a local guide. Accommodations were great and Sheena our tour guide was incredible. She has a clear love for her island and home town. She brought an infectious energy to the group and no question went unanswered. She is a true asset to the One Life team. Our trip was extra special because of Sheena.,https://cdn.tourradar.com/s3/review/original/461782_699e419d6d43e.jpg,,,false,https://www.tourradar.com/t/85982,
461782,West Philippines Classic 10 Day - One Life Adventures,Manila,Cailin Marsh,"https://images.unsplash.com/photo-1472099645785-5658abf4ff4e?w=1
  50&h=150&fit=crop",5,2026-02-25,This tour was amazing. A great way to see all the highlights whilst having the knowledge of a local guide. Accommodations were great and Sheena our to,This tour was amazing. A great way to see all the highlights whilst having the knowledge of a local guide. Accommodations were great and Sheena our tour guide was incredible. She has a clear love for her island and home town. She brought an infectious energy to the group and no question went unanswered. She is a true asset to the One Life team. Our trip was extra special because of Sheena.,https://cdn.tourradar.com/s3/review/original/461782_699e419d6d43f.jpg,,,false,https://www.tourradar.com/t/85982,
461782,West Philippines Classic 10 Day - One Life Adventures,Palawan,Cailin Marsh,"https://images.unsplash.com/photo-1472099645785-5658abf4ff4e?w=1
  50&h=150&fit=crop",5,2026-02-25,This tour was amazing. A great way to see all the highlights whilst having the knowledge of a local guide. Accommodations were great and Sheena our to,This tour was amazing. A great way to see all the highlights whilst having the knowledge of a local guide. Accommodations were great and Sheena our tour guide was incredible. She has a clear love for her island and home town. She brought an infectious energy to the group and no question went unanswered. She is a true asset to the One Life team. Our trip was extra special because of Sheena.,https://cdn.tourradar.com/s3/review/original/461782_699e419d6d440.jpg,,,false,https://www.tourradar.com/t/85982,
461782,West Philippines Classic 10 Day - One Life Adventures,Palawan,Cailin Marsh,"https://images.unsplash.com/photo-1472099645785-5658abf4ff4e?w=1
  50&h=150&fit=crop",5,2026-02-25,This tour was amazing. A great way to see all the highlights whilst having the knowledge of a local guide. Accommodations were great and Sheena our to,This tour was amazing. A great way to see all the highlights whilst having the knowledge of a local guide. Accommodations were great and Sheena our tour guide was incredible. She has a clear love for her island and home town. She brought an infectious energy to the group and no question went unanswered. She is a true asset to the One Life team. Our trip was extra special because of Sheena.,https://cdn.tourradar.com/s3/review/original/461782_699e419d6d441.jpg,,,false,https://www.tourradar.com/t/85982,
461782,West Philippines Classic 10 Day - One Life Adventures,Palawan,Cailin Marsh,"https://images.unsplash.com/photo-1472099645785-5658abf4ff4e?w=1
  50&h=150&fit=crop",5,2026-02-25,This tour was amazing. A great way to see all the highlights whilst having the knowledge of a local guide. Accommodations were great and Sheena our to,This tour was amazing. A great way to see all the highlights whilst having the knowledge of a local guide. Accommodations were great and Sheena our tour guide was incredible. She has a clear love for her island and home town. She brought an infectious energy to the group and no question went unanswered. She is a true asset to the One Life team. Our trip was extra special because of Sheena.,https://cdn.tourradar.com/s3/review/original/461782_699e419d6d442.jpg,,,false,https://www.tourradar.com/t/85982,
461782,West Philippines Classic 10 Day - One Life Adventures,Palawan,Cailin Marsh,"https://images.unsplash.com/photo-1472099645785-5658abf4ff4e?w=1
  50&h=150&fit=crop",5,2026-02-25,This tour was amazing. A great way to see all the highlights whilst having the knowledge of a local guide. Accommodations were great and Sheena our to,This tour was amazing. A great way to see all the highlights whilst having the knowledge of a local guide. Accommodations were great and Sheena our tour guide was incredible. She has a clear love for her island and home town. She brought an infectious energy to the group and no question went unanswered. She is a true asset to the One Life team. Our trip was extra special because of Sheena.,https://cdn.tourradar.com/s3/review/original/461782_699e419d6d443.jpg,,,false,https://www.tourradar.com/t/85982,
461782,West Philippines Classic 10 Day - One Life Adventures,Palawan,Cailin Marsh,"https://images.unsplash.com/photo-1472099645785-5658abf4ff4e?w=1
  50&h=150&fit=crop",5,2026-02-25,This tour was amazing. A great way to see all the highlights whilst having the knowledge of a local guide. Accommodations were great and Sheena our to,This tour was amazing. A great way to see all the highlights whilst having the knowledge of a local guide. Accommodations were great and Sheena our tour guide was incredible. She has a clear love for her island and home town. She brought an infectious energy to the group and no question went unanswered. She is a true asset to the One Life team. Our trip was extra special because of Sheena.,https://cdn.tourradar.com/s3/review/original/461782_699e419d6d444.jpg,,,false,https://www.tourradar.com/t/85982,
461782,West Philippines Classic 10 Day - One Life Adventures,Palawan,Cailin Marsh,"https://images.unsplash.com/photo-1472099645785-5658abf4ff4e?w=1
  50&h=150&fit=crop",5,2026-02-25,This tour was amazing. A great way to see all the highlights whilst having the knowledge of a local guide. Accommodations were great and Sheena our to,This tour was amazing. A great way to see all the highlights whilst having the knowledge of a local guide. Accommodations were great and Sheena our tour guide was incredible. She has a clear love for her island and home town. She brought an infectious energy to the group and no question went unanswered. She is a true asset to the One Life team. Our trip was extra special because of Sheena.,https://cdn.tourradar.com/s3/review/original/461782_699e41f6621d5.jpg,,,false,https://www.tourradar.com/t/85982,
461782,West Philippines Classic 10 Day - One Life Adventures,Palawan,Cailin Marsh,"https://images.unsplash.com/photo-1472099645785-5658abf4ff4e?w=1
  50&h=150&fit=crop",5,2026-02-25,This tour was amazing. A great way to see all the highlights whilst having the knowledge of a local guide. Accommodations were great and Sheena our to,This tour was amazing. A great way to see all the highlights whilst having the knowledge of a local guide. Accommodations were great and Sheena our tour guide was incredible. She has a clear love for her island and home town. She brought an infectious energy to the group and no question went unanswered. She is a true asset to the One Life team. Our trip was extra special because of Sheena.,https://cdn.tourradar.com/s3/review/original/461782_699e41f6621da.jpg,,,false,https://www.tourradar.com/t/85982,
461782,West Philippines Classic 10 Day - One Life Adventures,Palawan,Cailin Marsh,"https://images.unsplash.com/photo-1472099645785-5658abf4ff4e?w=1
  50&h=150&fit=crop",5,2026-02-25,This tour was amazing. A great way to see all the highlights whilst having the knowledge of a local guide. Accommodations were great and Sheena our to,This tour was amazing. A great way to see all the highlights whilst having the knowledge of a local guide. Accommodations were great and Sheena our tour guide was incredible. She has a clear love for her island and home town. She brought an infectious energy to the group and no question went unanswered. She is a true asset to the One Life team. Our trip was extra special because of Sheena.,https://cdn.tourradar.com/s3/review/original/461782_699e41f6621dc.jpg,,,false,https://www.tourradar.com/t/85982,
461782,West Philippines Classic 10 Day - One Life Adventures,Palawan,Cailin Marsh,"https://images.unsplash.com/photo-1472099645785-5658abf4ff4e?w=1
  50&h=150&fit=crop",5,2026-02-25,This tour was amazing. A great way to see all the highlights whilst having the knowledge of a local guide. Accommodations were great and Sheena our to,This tour was amazing. A great way to see all the highlights whilst having the knowledge of a local guide. Accommodations were great and Sheena our tour guide was incredible. She has a clear love for her island and home town. She brought an infectious energy to the group and no question went unanswered. She is a true asset to the One Life team. Our trip was extra special because of Sheena.,https://cdn.tourradar.com/s3/review/original/461782_699e41f6621dd.jpg,,,false,https://www.tourradar.com/t/85982,
461782,West Philippines Classic 10 Day - One Life Adventures,El Nido,Cailin Marsh,"https://images.unsplash.com/photo-1472099645785-5658abf4ff4e?w=1
  50&h=150&fit=crop",5,2026-02-25,This tour was amazing. A great way to see all the highlights whilst having the knowledge of a local guide. Accommodations were great and Sheena our to,This tour was amazing. A great way to see all the highlights whilst having the knowledge of a local guide. Accommodations were great and Sheena our tour guide was incredible. She has a clear love for her island and home town. She brought an infectious energy to the group and no question went unanswered. She is a true asset to the One Life team. Our trip was extra special because of Sheena.,https://cdn.tourradar.com/s3/review/original/461782_699e41f6621de.jpg,,,false,https://www.tourradar.com/t/85982,
461782,West Philippines Classic 10 Day - One Life Adventures,Palawan,Cailin Marsh,"https://images.unsplash.com/photo-1472099645785-5658abf4ff4e?w=1
  50&h=150&fit=crop",5,2026-02-25,This tour was amazing. A great way to see all the highlights whilst having the knowledge of a local guide. Accommodations were great and Sheena our to,This tour was amazing. A great way to see all the highlights whilst having the knowledge of a local guide. Accommodations were great and Sheena our tour guide was incredible. She has a clear love for her island and home town. She brought an infectious energy to the group and no question went unanswered. She is a true asset to the One Life team. Our trip was extra special because of Sheena.,https://cdn.tourradar.com/s3/review/original/461782_699e41f6621df.jpg,,,false,https://www.tourradar.com/t/85982,
461782,West Philippines Classic 10 Day - One Life Adventures,Palawan,Cailin Marsh,"https://images.unsplash.com/photo-1472099645785-5658abf4ff4e?w=1
  50&h=150&fit=crop",5,2026-02-25,This tour was amazing. A great way to see all the highlights whilst having the knowledge of a local guide. Accommodations were great and Sheena our to,This tour was amazing. A great way to see all the highlights whilst having the knowledge of a local guide. Accommodations were great and Sheena our tour guide was incredible. She has a clear love for her island and home town. She brought an infectious energy to the group and no question went unanswered. She is a true asset to the One Life team. Our trip was extra special because of Sheena.,https://cdn.tourradar.com/s3/review/original/461782_699e41f6621e0.jpg,,,false,https://www.tourradar.com/t/85982,
461782,West Philippines Classic 10 Day - One Life Adventures,El Nido,Cailin Marsh,"https://images.unsplash.com/photo-1472099645785-5658abf4ff4e?w=1
  50&h=150&fit=crop",5,2026-02-25,This tour was amazing. A great way to see all the highlights whilst having the knowledge of a local guide. Accommodations were great and Sheena our to,This tour was amazing. A great way to see all the highlights whilst having the knowledge of a local guide. Accommodations were great and Sheena our tour guide was incredible. She has a clear love for her island and home town. She brought an infectious energy to the group and no question went unanswered. She is a true asset to the One Life team. Our trip was extra special because of Sheena.,https://cdn.tourradar.com/s3/review/original/461782_699e41f6621e1.jpg,,,false,https://www.tourradar.com/t/85982,
461782,West Philippines Classic 10 Day - One Life Adventures,El Nido,Cailin Marsh,"https://images.unsplash.com/photo-1472099645785-5658abf4ff4e?w=1
  50&h=150&fit=crop",5,2026-02-25,This tour was amazing. A great way to see all the highlights whilst having the knowledge of a local guide. Accommodations were great and Sheena our to,This tour was amazing. A great way to see all the highlights whilst having the knowledge of a local guide. Accommodations were great and Sheena our tour guide was incredible. She has a clear love for her island and home town. She brought an infectious energy to the group and no question went unanswered. She is a true asset to the One Life team. Our trip was extra special because of Sheena.,https://cdn.tourradar.com/s3/review/original/461782_699e41f6621e2.jpg,,,false,https://www.tourradar.com/t/85982,
461782,West Philippines Classic 10 Day - One Life Adventures,Manila,Cailin Marsh,"https://images.unsplash.com/photo-1472099645785-5658abf4ff4e?w=1
  50&h=150&fit=crop",5,2026-02-25,This tour was amazing. A great way to see all the highlights whilst having the knowledge of a local guide. Accommodations were great and Sheena our to,This tour was amazing. A great way to see all the highlights whilst having the knowledge of a local guide. Accommodations were great and Sheena our tour guide was incredible. She has a clear love for her island and home town. She brought an infectious energy to the group and no question went unanswered. She is a true asset to the One Life team. Our trip was extra special because of Sheena.,https://cdn.tourradar.com/s3/review/original/461782_699e41f6621e3.jpg,,,false,https://www.tourradar.com/t/85982,
461782,West Philippines Classic 10 Day - One Life Adventures,El Nido,Cailin Marsh,"https://images.unsplash.com/photo-1472099645785-5658abf4ff4e?w=1
  50&h=150&fit=crop",5,2026-02-25,This tour was amazing. A great way to see all the highlights whilst having the knowledge of a local guide. Accommodations were great and Sheena our to,This tour was amazing. A great way to see all the highlights whilst having the knowledge of a local guide. Accommodations were great and Sheena our tour guide was incredible. She has a clear love for her island and home town. She brought an infectious energy to the group and no question went unanswered. She is a true asset to the One Life team. Our trip was extra special because of Sheena.,https://cdn.tourradar.com/s3/review/original/461782_699e41f6621e4.jpg,,,false,https://www.tourradar.com/t/85982,
461782,West Philippines Classic 10 Day - One Life Adventures,El Nido,Cailin Marsh,"https://images.unsplash.com/photo-1472099645785-5658abf4ff4e?w=1
  50&h=150&fit=crop",5,2026-02-25,This tour was amazing. A great way to see all the highlights whilst having the knowledge of a local guide. Accommodations were great and Sheena our to,This tour was amazing. A great way to see all the highlights whilst having the knowledge of a local guide. Accommodations were great and Sheena our tour guide was incredible. She has a clear love for her island and home town. She brought an infectious energy to the group and no question went unanswered. She is a true asset to the One Life team. Our trip was extra special because of Sheena.,https://cdn.tourradar.com/s3/review/original/461782_699e41f6621e5.jpg,,,false,https://www.tourradar.com/t/85982,
461782,West Philippines Classic 10 Day - One Life Adventures,Palawan,Cailin Marsh,"https://images.unsplash.com/photo-1472099645785-5658abf4ff4e?w=1
  50&h=150&fit=crop",5,2026-02-25,This tour was amazing. A great way to see all the highlights whilst having the knowledge of a local guide. Accommodations were great and Sheena our to,This tour was amazing. A great way to see all the highlights whilst having the knowledge of a local guide. Accommodations were great and Sheena our tour guide was incredible. She has a clear love for her island and home town. She brought an infectious energy to the group and no question went unanswered. She is a true asset to the One Life team. Our trip was extra special because of Sheena.,https://cdn.tourradar.com/s3/review/original/461782_699e41f6621e6.jpg,,,false,https://www.tourradar.com/t/85982,
461782,West Philippines Classic 10 Day - One Life Adventures,,Cailin Marsh,"https://images.unsplash.com/photo-1472099645785-5658abf4ff4e?w=1
  50&h=150&fit=crop",5,2026-02-25,This tour was amazing. A great way to see all the highlights whilst having the knowledge of a local guide. Accommodations were great and Sheena our to,This tour was amazing. A great way to see all the highlights whilst having the knowledge of a local guide. Accommodations were great and Sheena our tour guide was incredible. She has a clear love for her island and home town. She brought an infectious energy to the group and no question went unanswered. She is a true asset to the One Life team. Our trip was extra special because of Sheena.,https://cdn.tourradar.com/s3/review/original/461782_699e41f6621e7.jpg,,,false,https://www.tourradar.com/t/85982,
461782,West Philippines Classic 10 Day - One Life Adventures,El Nido,Cailin Marsh,"https://images.unsplash.com/photo-1472099645785-5658abf4ff4e?w=1
  50&h=150&fit=crop",5,2026-02-25,This tour was amazing. A great way to see all the highlights whilst having the knowledge of a local guide. Accommodations were great and Sheena our to,This tour was amazing. A great way to see all the highlights whilst having the knowledge of a local guide. Accommodations were great and Sheena our tour guide was incredible. She has a clear love for her island and home town. She brought an infectious energy to the group and no question went unanswered. She is a true asset to the One Life team. Our trip was extra special because of Sheena.,https://cdn.tourradar.com/s3/review/original/461782_699e41f6621e8.jpg,,,false,https://www.tourradar.com/t/85982,
461782,West Philippines Classic 10 Day - One Life Adventures,El Nido,Cailin Marsh,"https://images.unsplash.com/photo-1472099645785-5658abf4ff4e?w=1
  50&h=150&fit=crop",5,2026-02-25,This tour was amazing. A great way to see all the highlights whilst having the knowledge of a local guide. Accommodations were great and Sheena our to,This tour was amazing. A great way to see all the highlights whilst having the knowledge of a local guide. Accommodations were great and Sheena our tour guide was incredible. She has a clear love for her island and home town. She brought an infectious energy to the group and no question went unanswered. She is a true asset to the One Life team. Our trip was extra special because of Sheena.,https://cdn.tourradar.com/s3/review/original/461782_699e4219de5ea.jpg,,,false,https://www.tourradar.com/t/85982,
461782,West Philippines Classic 10 Day - One Life Adventures,El Nido,Cailin Marsh,"https://images.unsplash.com/photo-1472099645785-5658abf4ff4e?w=1
  50&h=150&fit=crop",5,2026-02-25,This tour was amazing. A great way to see all the highlights whilst having the knowledge of a local guide. Accommodations were great and Sheena our to,This tour was amazing. A great way to see all the highlights whilst having the knowledge of a local guide. Accommodations were great and Sheena our tour guide was incredible. She has a clear love for her island and home town. She brought an infectious energy to the group and no question went unanswered. She is a true asset to the One Life team. Our trip was extra special because of Sheena.,https://cdn.tourradar.com/s3/review/original/461782_699e4219de5f0.jpg,,,false,https://www.tourradar.com/t/85982,
461782,West Philippines Classic 10 Day - One Life Adventures,El Nido,Cailin Marsh,"https://images.unsplash.com/photo-1472099645785-5658abf4ff4e?w=1
  50&h=150&fit=crop",5,2026-02-25,This tour was amazing. A great way to see all the highlights whilst having the knowledge of a local guide. Accommodations were great and Sheena our to,This tour was amazing. A great way to see all the highlights whilst having the knowledge of a local guide. Accommodations were great and Sheena our tour guide was incredible. She has a clear love for her island and home town. She brought an infectious energy to the group and no question went unanswered. She is a true asset to the One Life team. Our trip was extra special because of Sheena.,https://cdn.tourradar.com/s3/review/original/461782_699e4219de5f2.jpg,,,false,https://www.tourradar.com/t/85982,
461782,West Philippines Classic 10 Day - One Life Adventures,El Nido,Cailin Marsh,"https://images.unsplash.com/photo-1472099645785-5658abf4ff4e?w=1
  50&h=150&fit=crop",5,2026-02-25,This tour was amazing. A great way to see all the highlights whilst having the knowledge of a local guide. Accommodations were great and Sheena our to,This tour was amazing. A great way to see all the highlights whilst having the knowledge of a local guide. Accommodations were great and Sheena our tour guide was incredible. She has a clear love for her island and home town. She brought an infectious energy to the group and no question went unanswered. She is a true asset to the One Life team. Our trip was extra special because of Sheena.,https://cdn.tourradar.com/s3/review/original/461782_699e4219de5f3.jpg,,,false,https://www.tourradar.com/t/85982,
461782,West Philippines Classic 10 Day - One Life Adventures,El Nido,Cailin Marsh,"https://images.unsplash.com/photo-1472099645785-5658abf4ff4e?w=1
  50&h=150&fit=crop",5,2026-02-25,This tour was amazing. A great way to see all the highlights whilst having the knowledge of a local guide. Accommodations were great and Sheena our to,This tour was amazing. A great way to see all the highlights whilst having the knowledge of a local guide. Accommodations were great and Sheena our tour guide was incredible. She has a clear love for her island and home town. She brought an infectious energy to the group and no question went unanswered. She is a true asset to the One Life team. Our trip was extra special because of Sheena.,https://cdn.tourradar.com/s3/review/original/461782_699e4219de5f5.jpg,,,false,https://www.tourradar.com/t/85982,
461782,West Philippines Classic 10 Day - One Life Adventures,Palawan,Cailin Marsh,"https://images.unsplash.com/photo-1472099645785-5658abf4ff4e?w=1
  50&h=150&fit=crop",5,2026-02-25,This tour was amazing. A great way to see all the highlights whilst having the knowledge of a local guide. Accommodations were great and Sheena our to,This tour was amazing. A great way to see all the highlights whilst having the knowledge of a local guide. Accommodations were great and Sheena our tour guide was incredible. She has a clear love for her island and home town. She brought an infectious energy to the group and no question went unanswered. She is a true asset to the One Life team. Our trip was extra special because of Sheena.,https://cdn.tourradar.com/s3/review/original/461782_699e4219de5f6.jpg,,,false,https://www.tourradar.com/t/85982,
461782,West Philippines Classic 10 Day - One Life Adventures,Palawan,Cailin Marsh,"https://images.unsplash.com/photo-1472099645785-5658abf4ff4e?w=1
  50&h=150&fit=crop",5,2026-02-25,This tour was amazing. A great way to see all the highlights whilst having the knowledge of a local guide. Accommodations were great and Sheena our to,This tour was amazing. A great way to see all the highlights whilst having the knowledge of a local guide. Accommodations were great and Sheena our tour guide was incredible. She has a clear love for her island and home town. She brought an infectious energy to the group and no question went unanswered. She is a true asset to the One Life team. Our trip was extra special because of Sheena.,https://cdn.tourradar.com/s3/review/original/461782_699e4219de5f8.jpg,,,false,https://www.tourradar.com/t/85982,
461782,West Philippines Classic 10 Day - One Life Adventures,El Nido,Cailin Marsh,"https://images.unsplash.com/photo-1472099645785-5658abf4ff4e?w=1
  50&h=150&fit=crop",5,2026-02-25,This tour was amazing. A great way to see all the highlights whilst having the knowledge of a local guide. Accommodations were great and Sheena our to,This tour was amazing. A great way to see all the highlights whilst having the knowledge of a local guide. Accommodations were great and Sheena our tour guide was incredible. She has a clear love for her island and home town. She brought an infectious energy to the group and no question went unanswered. She is a true asset to the One Life team. Our trip was extra special because of Sheena.,https://cdn.tourradar.com/s3/review/original/461782_699e4219de5f9.jpg,,,false,https://www.tourradar.com/t/85982,
461782,West Philippines Classic 10 Day - One Life Adventures,El Nido,Cailin Marsh,"https://images.unsplash.com/photo-1472099645785-5658abf4ff4e?w=1
  50&h=150&fit=crop",5,2026-02-25,This tour was amazing. A great way to see all the highlights whilst having the knowledge of a local guide. Accommodations were great and Sheena our to,This tour was amazing. A great way to see all the highlights whilst having the knowledge of a local guide. Accommodations were great and Sheena our tour guide was incredible. She has a clear love for her island and home town. She brought an infectious energy to the group and no question went unanswered. She is a true asset to the One Life team. Our trip was extra special because of Sheena.,https://cdn.tourradar.com/s3/review/original/461782_699e4219de5fa.jpg,,,false,https://www.tourradar.com/t/85982,
461782,West Philippines Classic 10 Day - One Life Adventures,Manila,Cailin Marsh,"https://images.unsplash.com/photo-1472099645785-5658abf4ff4e?w=1
  50&h=150&fit=crop",5,2026-02-25,This tour was amazing. A great way to see all the highlights whilst having the knowledge of a local guide. Accommodations were great and Sheena our to,This tour was amazing. A great way to see all the highlights whilst having the knowledge of a local guide. Accommodations were great and Sheena our tour guide was incredible. She has a clear love for her island and home town. She brought an infectious energy to the group and no question went unanswered. She is a true asset to the One Life team. Our trip was extra special because of Sheena.,https://cdn.tourradar.com/s3/review/original/461782_699e4219de5fb.jpg,,,false,https://www.tourradar.com/t/85982,
461782,West Philippines Classic 10 Day - One Life Adventures,El Nido,Cailin Marsh,"https://images.unsplash.com/photo-1472099645785-5658abf4ff4e?w=1
  50&h=150&fit=crop",5,2026-02-25,This tour was amazing. A great way to see all the highlights whilst having the knowledge of a local guide. Accommodations were great and Sheena our to,This tour was amazing. A great way to see all the highlights whilst having the knowledge of a local guide. Accommodations were great and Sheena our tour guide was incredible. She has a clear love for her island and home town. She brought an infectious energy to the group and no question went unanswered. She is a true asset to the One Life team. Our trip was extra special because of Sheena.,https://cdn.tourradar.com/s3/review/original/461782_699e4219de5fc.jpg,,,false,https://www.tourradar.com/t/85982,
461782,West Philippines Classic 10 Day - One Life Adventures,El Nido,Cailin Marsh,"https://images.unsplash.com/photo-1472099645785-5658abf4ff4e?w=1
  50&h=150&fit=crop",5,2026-02-25,This tour was amazing. A great way to see all the highlights whilst having the knowledge of a local guide. Accommodations were great and Sheena our to,This tour was amazing. A great way to see all the highlights whilst having the knowledge of a local guide. Accommodations were great and Sheena our tour guide was incredible. She has a clear love for her island and home town. She brought an infectious energy to the group and no question went unanswered. She is a true asset to the One Life team. Our trip was extra special because of Sheena.,https://cdn.tourradar.com/s3/review/original/461782_699e4219de5fd.jpg,,,false,https://www.tourradar.com/t/85982,
461782,West Philippines Classic 10 Day - One Life Adventures,Palawan,Cailin Marsh,"https://images.unsplash.com/photo-1472099645785-5658abf4ff4e?w=1
  50&h=150&fit=crop",5,2026-02-25,This tour was amazing. A great way to see all the highlights whilst having the knowledge of a local guide. Accommodations were great and Sheena our to,This tour was amazing. A great way to see all the highlights whilst having the knowledge of a local guide. Accommodations were great and Sheena our tour guide was incredible. She has a clear love for her island and home town. She brought an infectious energy to the group and no question went unanswered. She is a true asset to the One Life team. Our trip was extra special because of Sheena.,https://cdn.tourradar.com/s3/review/original/461782_699e4219de5ff.jpg,,,false,https://www.tourradar.com/t/85982,
461782,West Philippines Classic 10 Day - One Life Adventures,,Cailin Marsh,"https://images.unsplash.com/photo-1472099645785-5658abf4ff4e?w=1
  50&h=150&fit=crop",5,2026-02-25,This tour was amazing. A great way to see all the highlights whilst having the knowledge of a local guide. Accommodations were great and Sheena our to,This tour was amazing. A great way to see all the highlights whilst having the knowledge of a local guide. Accommodations were great and Sheena our tour guide was incredible. She has a clear love for her island and home town. She brought an infectious energy to the group and no question went unanswered. She is a true asset to the One Life team. Our trip was extra special because of Sheena.,https://cdn.tourradar.com/s3/review/original/461782_699e4219de600.jpg,,,false,https://www.tourradar.com/t/85982,
461782,West Philippines Classic 10 Day - One Life Adventures,El Nido,Cailin Marsh,"https://images.unsplash.com/photo-1472099645785-5658abf4ff4e?w=1
  50&h=150&fit=crop",5,2026-02-25,This tour was amazing. A great way to see all the highlights whilst having the knowledge of a local guide. Accommodations were great and Sheena our to,This tour was amazing. A great way to see all the highlights whilst having the knowledge of a local guide. Accommodations were great and Sheena our tour guide was incredible. She has a clear love for her island and home town. She brought an infectious energy to the group and no question went unanswered. She is a true asset to the One Life team. Our trip was extra special because of Sheena.,https://cdn.tourradar.com/s3/review/original/461782_699e4219de601.jpg,,,false,https://www.tourradar.com/t/85982,
461782,West Philippines Classic 10 Day - One Life Adventures,El Nido,Cailin Marsh,"https://images.unsplash.com/photo-1472099645785-5658abf4ff4e?w=1
  50&h=150&fit=crop",5,2026-02-25,This tour was amazing. A great way to see all the highlights whilst having the knowledge of a local guide. Accommodations were great and Sheena our to,This tour was amazing. A great way to see all the highlights whilst having the knowledge of a local guide. Accommodations were great and Sheena our tour guide was incredible. She has a clear love for her island and home town. She brought an infectious energy to the group and no question went unanswered. She is a true asset to the One Life team. Our trip was extra special because of Sheena.,https://cdn.tourradar.com/s3/review/original/461782_699e42349762d.jpg,,,false,https://www.tourradar.com/t/85982,
461782,West Philippines Classic 10 Day - One Life Adventures,El Nido,Cailin Marsh,"https://images.unsplash.com/photo-1472099645785-5658abf4ff4e?w=1
  50&h=150&fit=crop",5,2026-02-25,This tour was amazing. A great way to see all the highlights whilst having the knowledge of a local guide. Accommodations were great and Sheena our to,This tour was amazing. A great way to see all the highlights whilst having the knowledge of a local guide. Accommodations were great and Sheena our tour guide was incredible. She has a clear love for her island and home town. She brought an infectious energy to the group and no question went unanswered. She is a true asset to the One Life team. Our trip was extra special because of Sheena.,https://cdn.tourradar.com/s3/review/original/461782_699e423497631.jpg,,,false,https://www.tourradar.com/t/85982,
461782,West Philippines Classic 10 Day - One Life Adventures,El Nido,Cailin Marsh,"https://images.unsplash.com/photo-1472099645785-5658abf4ff4e?w=1
  50&h=150&fit=crop",5,2026-02-25,This tour was amazing. A great way to see all the highlights whilst having the knowledge of a local guide. Accommodations were great and Sheena our to,This tour was amazing. A great way to see all the highlights whilst having the knowledge of a local guide. Accommodations were great and Sheena our tour guide was incredible. She has a clear love for her island and home town. She brought an infectious energy to the group and no question went unanswered. She is a true asset to the One Life team. Our trip was extra special because of Sheena.,https://cdn.tourradar.com/s3/review/original/461782_699e423497633.jpg,,,false,https://www.tourradar.com/t/85982,
461782,West Philippines Classic 10 Day - One Life Adventures,El Nido,Cailin Marsh,"https://images.unsplash.com/photo-1472099645785-5658abf4ff4e?w=1
  50&h=150&fit=crop",5,2026-02-25,This tour was amazing. A great way to see all the highlights whilst having the knowledge of a local guide. Accommodations were great and Sheena our to,This tour was amazing. A great way to see all the highlights whilst having the knowledge of a local guide. Accommodations were great and Sheena our tour guide was incredible. She has a clear love for her island and home town. She brought an infectious energy to the group and no question went unanswered. She is a true asset to the One Life team. Our trip was extra special because of Sheena.,https://cdn.tourradar.com/s3/review/original/461782_699e423497634.jpg,,,false,https://www.tourradar.com/t/85982,
461782,West Philippines Classic 10 Day - One Life Adventures,El Nido,Cailin Marsh,"https://images.unsplash.com/photo-1472099645785-5658abf4ff4e?w=1
  50&h=150&fit=crop",5,2026-02-25,This tour was amazing. A great way to see all the highlights whilst having the knowledge of a local guide. Accommodations were great and Sheena our to,This tour was amazing. A great way to see all the highlights whilst having the knowledge of a local guide. Accommodations were great and Sheena our tour guide was incredible. She has a clear love for her island and home town. She brought an infectious energy to the group and no question went unanswered. She is a true asset to the One Life team. Our trip was extra special because of Sheena.,https://cdn.tourradar.com/s3/review/original/461782_699e423497635.jpg,,,false,https://www.tourradar.com/t/85982,
461782,West Philippines Classic 10 Day - One Life Adventures,Palawan,Cailin Marsh,"https://images.unsplash.com/photo-1472099645785-5658abf4ff4e?w=1
  50&h=150&fit=crop",5,2026-02-25,This tour was amazing. A great way to see all the highlights whilst having the knowledge of a local guide. Accommodations were great and Sheena our to,This tour was amazing. A great way to see all the highlights whilst having the knowledge of a local guide. Accommodations were great and Sheena our tour guide was incredible. She has a clear love for her island and home town. She brought an infectious energy to the group and no question went unanswered. She is a true asset to the One Life team. Our trip was extra special because of Sheena.,https://cdn.tourradar.com/s3/review/original/461782_699e423497636.jpg,,,false,https://www.tourradar.com/t/85982,
461782,West Philippines Classic 10 Day - One Life Adventures,Palawan,Cailin Marsh,"https://images.unsplash.com/photo-1472099645785-5658abf4ff4e?w=1
  50&h=150&fit=crop",5,2026-02-25,This tour was amazing. A great way to see all the highlights whilst having the knowledge of a local guide. Accommodations were great and Sheena our to,This tour was amazing. A great way to see all the highlights whilst having the knowledge of a local guide. Accommodations were great and Sheena our tour guide was incredible. She has a clear love for her island and home town. She brought an infectious energy to the group and no question went unanswered. She is a true asset to the One Life team. Our trip was extra special because of Sheena.,https://cdn.tourradar.com/s3/review/original/461782_699e423497637.jpg,,,false,https://www.tourradar.com/t/85982,
461782,West Philippines Classic 10 Day - One Life Adventures,El Nido,Cailin Marsh,"https://images.unsplash.com/photo-1472099645785-5658abf4ff4e?w=1
  50&h=150&fit=crop",5,2026-02-25,This tour was amazing. A great way to see all the highlights whilst having the knowledge of a local guide. Accommodations were great and Sheena our to,This tour was amazing. A great way to see all the highlights whilst having the knowledge of a local guide. Accommodations were great and Sheena our tour guide was incredible. She has a clear love for her island and home town. She brought an infectious energy to the group and no question went unanswered. She is a true asset to the One Life team. Our trip was extra special because of Sheena.,https://cdn.tourradar.com/s3/review/original/461782_699e423497638.jpg,,,false,https://www.tourradar.com/t/85982,
461782,West Philippines Classic 10 Day - One Life Adventures,El Nido,Cailin Marsh,"https://images.unsplash.com/photo-1472099645785-5658abf4ff4e?w=1
  50&h=150&fit=crop",5,2026-02-25,This tour was amazing. A great way to see all the highlights whilst having the knowledge of a local guide. Accommodations were great and Sheena our to,This tour was amazing. A great way to see all the highlights whilst having the knowledge of a local guide. Accommodations were great and Sheena our tour guide was incredible. She has a clear love for her island and home town. She brought an infectious energy to the group and no question went unanswered. She is a true asset to the One Life team. Our trip was extra special because of Sheena.,https://cdn.tourradar.com/s3/review/original/461782_699e423497639.jpg,,,false,https://www.tourradar.com/t/85982,
461782,West Philippines Classic 10 Day - One Life Adventures,Manila,Cailin Marsh,"https://images.unsplash.com/photo-1472099645785-5658abf4ff4e?w=1
  50&h=150&fit=crop",5,2026-02-25,This tour was amazing. A great way to see all the highlights whilst having the knowledge of a local guide. Accommodations were great and Sheena our to,This tour was amazing. A great way to see all the highlights whilst having the knowledge of a local guide. Accommodations were great and Sheena our tour guide was incredible. She has a clear love for her island and home town. She brought an infectious energy to the group and no question went unanswered. She is a true asset to the One Life team. Our trip was extra special because of Sheena.,https://cdn.tourradar.com/s3/review/original/461782_699e42349763a.jpg,,,false,https://www.tourradar.com/t/85982,
461782,West Philippines Classic 10 Day - One Life Adventures,El Nido,Cailin Marsh,"https://images.unsplash.com/photo-1472099645785-5658abf4ff4e?w=1
  50&h=150&fit=crop",5,2026-02-25,This tour was amazing. A great way to see all the highlights whilst having the knowledge of a local guide. Accommodations were great and Sheena our to,This tour was amazing. A great way to see all the highlights whilst having the knowledge of a local guide. Accommodations were great and Sheena our tour guide was incredible. She has a clear love for her island and home town. She brought an infectious energy to the group and no question went unanswered. She is a true asset to the One Life team. Our trip was extra special because of Sheena.,https://cdn.tourradar.com/s3/review/original/461782_699e42349763b.jpg,,,false,https://www.tourradar.com/t/85982,
461782,West Philippines Classic 10 Day - One Life Adventures,El Nido,Cailin Marsh,"https://images.unsplash.com/photo-1472099645785-5658abf4ff4e?w=1
  50&h=150&fit=crop",5,2026-02-25,This tour was amazing. A great way to see all the highlights whilst having the knowledge of a local guide. Accommodations were great and Sheena our to,This tour was amazing. A great way to see all the highlights whilst having the knowledge of a local guide. Accommodations were great and Sheena our tour guide was incredible. She has a clear love for her island and home town. She brought an infectious energy to the group and no question went unanswered. She is a true asset to the One Life team. Our trip was extra special because of Sheena.,https://cdn.tourradar.com/s3/review/original/461782_699e42349763c.jpg,,,false,https://www.tourradar.com/t/85982,
461782,West Philippines Classic 10 Day - One Life Adventures,Palawan,Cailin Marsh,"https://images.unsplash.com/photo-1472099645785-5658abf4ff4e?w=1
  50&h=150&fit=crop",5,2026-02-25,This tour was amazing. A great way to see all the highlights whilst having the knowledge of a local guide. Accommodations were great and Sheena our to,This tour was amazing. A great way to see all the highlights whilst having the knowledge of a local guide. Accommodations were great and Sheena our tour guide was incredible. She has a clear love for her island and home town. She brought an infectious energy to the group and no question went unanswered. She is a true asset to the One Life team. Our trip was extra special because of Sheena.,https://cdn.tourradar.com/s3/review/original/461782_699e42349763d.jpg,,,false,https://www.tourradar.com/t/85982,
461782,West Philippines Classic 10 Day - One Life Adventures,,Cailin Marsh,"https://images.unsplash.com/photo-1472099645785-5658abf4ff4e?w=1
  50&h=150&fit=crop",5,2026-02-25,This tour was amazing. A great way to see all the highlights whilst having the knowledge of a local guide. Accommodations were great and Sheena our to,This tour was amazing. A great way to see all the highlights whilst having the knowledge of a local guide. Accommodations were great and Sheena our tour guide was incredible. She has a clear love for her island and home town. She brought an infectious energy to the group and no question went unanswered. She is a true asset to the One Life team. Our trip was extra special because of Sheena.,https://cdn.tourradar.com/s3/review/original/461782_699e42349763e.jpg,,,false,https://www.tourradar.com/t/85982,
461782,West Philippines Classic 10 Day - One Life Adventures,El Nido,Cailin Marsh,"https://images.unsplash.com/photo-1472099645785-5658abf4ff4e?w=1
  50&h=150&fit=crop",5,2026-02-25,This tour was amazing. A great way to see all the highlights whilst having the knowledge of a local guide. Accommodations were great and Sheena our to,This tour was amazing. A great way to see all the highlights whilst having the knowledge of a local guide. Accommodations were great and Sheena our tour guide was incredible. She has a clear love for her island and home town. She brought an infectious energy to the group and no question went unanswered. She is a true asset to the One Life team. Our trip was extra special because of Sheena.,https://cdn.tourradar.com/s3/review/original/461782_699e42349763f.jpg,,,false,https://www.tourradar.com/t/85982,
461782,West Philippines Classic 10 Day - One Life Adventures,El Nido,Cailin Marsh,"https://images.unsplash.com/photo-1472099645785-5658abf4ff4e?w=1
  50&h=150&fit=crop",5,2026-02-25,This tour was amazing. A great way to see all the highlights whilst having the knowledge of a local guide. Accommodations were great and Sheena our to,This tour was amazing. A great way to see all the highlights whilst having the knowledge of a local guide. Accommodations were great and Sheena our tour guide was incredible. She has a clear love for her island and home town. She brought an infectious energy to the group and no question went unanswered. She is a true asset to the One Life team. Our trip was extra special because of Sheena.,https://cdn.tourradar.com/s3/review/original/461782_699e424028878.jpg,,,false,https://www.tourradar.com/t/85982,
461782,West Philippines Classic 10 Day - One Life Adventures,El Nido,Cailin Marsh,"https://images.unsplash.com/photo-1472099645785-5658abf4ff4e?w=1
  50&h=150&fit=crop",5,2026-02-25,This tour was amazing. A great way to see all the highlights whilst having the knowledge of a local guide. Accommodations were great and Sheena our to,This tour was amazing. A great way to see all the highlights whilst having the knowledge of a local guide. Accommodations were great and Sheena our tour guide was incredible. She has a clear love for her island and home town. She brought an infectious energy to the group and no question went unanswered. She is a true asset to the One Life team. Our trip was extra special because of Sheena.,https://cdn.tourradar.com/s3/review/original/461782_699e42402887c.jpg,,,false,https://www.tourradar.com/t/85982,
461782,West Philippines Classic 10 Day - One Life Adventures,El Nido,Cailin Marsh,"https://images.unsplash.com/photo-1472099645785-5658abf4ff4e?w=1
  50&h=150&fit=crop",5,2026-02-25,This tour was amazing. A great way to see all the highlights whilst having the knowledge of a local guide. Accommodations were great and Sheena our to,This tour was amazing. A great way to see all the highlights whilst having the knowledge of a local guide. Accommodations were great and Sheena our tour guide was incredible. She has a clear love for her island and home town. She brought an infectious energy to the group and no question went unanswered. She is a true asset to the One Life team. Our trip was extra special because of Sheena.,https://cdn.tourradar.com/s3/review/original/461782_699e42402887e.jpg,,,false,https://www.tourradar.com/t/85982,
461782,West Philippines Classic 10 Day - One Life Adventures,El Nido,Cailin Marsh,"https://images.unsplash.com/photo-1472099645785-5658abf4ff4e?w=1
  50&h=150&fit=crop",5,2026-02-25,This tour was amazing. A great way to see all the highlights whilst having the knowledge of a local guide. Accommodations were great and Sheena our to,This tour was amazing. A great way to see all the highlights whilst having the knowledge of a local guide. Accommodations were great and Sheena our tour guide was incredible. She has a clear love for her island and home town. She brought an infectious energy to the group and no question went unanswered. She is a true asset to the One Life team. Our trip was extra special because of Sheena.,https://cdn.tourradar.com/s3/review/original/461782_699e42402887f.jpg,,,false,https://www.tourradar.com/t/85982,
461782,West Philippines Classic 10 Day - One Life Adventures,El Nido,Cailin Marsh,"https://images.unsplash.com/photo-1472099645785-5658abf4ff4e?w=1
  50&h=150&fit=crop",5,2026-02-25,This tour was amazing. A great way to see all the highlights whilst having the knowledge of a local guide. Accommodations were great and Sheena our to,This tour was amazing. A great way to see all the highlights whilst having the knowledge of a local guide. Accommodations were great and Sheena our tour guide was incredible. She has a clear love for her island and home town. She brought an infectious energy to the group and no question went unanswered. She is a true asset to the One Life team. Our trip was extra special because of Sheena.,https://cdn.tourradar.com/s3/review/original/461782_699e424028880.jpg,,,false,https://www.tourradar.com/t/85982,
461782,West Philippines Classic 10 Day - One Life Adventures,Palawan,Cailin Marsh,"https://images.unsplash.com/photo-1472099645785-5658abf4ff4e?w=1
  50&h=150&fit=crop",5,2026-02-25,This tour was amazing. A great way to see all the highlights whilst having the knowledge of a local guide. Accommodations were great and Sheena our to,This tour was amazing. A great way to see all the highlights whilst having the knowledge of a local guide. Accommodations were great and Sheena our tour guide was incredible. She has a clear love for her island and home town. She brought an infectious energy to the group and no question went unanswered. She is a true asset to the One Life team. Our trip was extra special because of Sheena.,https://cdn.tourradar.com/s3/review/original/461782_699e424028881.jpg,,,false,https://www.tourradar.com/t/85982,
461782,West Philippines Classic 10 Day - One Life Adventures,Palawan,Cailin Marsh,"https://images.unsplash.com/photo-1472099645785-5658abf4ff4e?w=1
  50&h=150&fit=crop",5,2026-02-25,This tour was amazing. A great way to see all the highlights whilst having the knowledge of a local guide. Accommodations were great and Sheena our to,This tour was amazing. A great way to see all the highlights whilst having the knowledge of a local guide. Accommodations were great and Sheena our tour guide was incredible. She has a clear love for her island and home town. She brought an infectious energy to the group and no question went unanswered. She is a true asset to the One Life team. Our trip was extra special because of Sheena.,https://cdn.tourradar.com/s3/review/original/461782_699e424028882.jpg,,,false,https://www.tourradar.com/t/85982,
461782,West Philippines Classic 10 Day - One Life Adventures,El Nido,Cailin Marsh,"https://images.unsplash.com/photo-1472099645785-5658abf4ff4e?w=1
  50&h=150&fit=crop",5,2026-02-25,This tour was amazing. A great way to see all the highlights whilst having the knowledge of a local guide. Accommodations were great and Sheena our to,This tour was amazing. A great way to see all the highlights whilst having the knowledge of a local guide. Accommodations were great and Sheena our tour guide was incredible. She has a clear love for her island and home town. She brought an infectious energy to the group and no question went unanswered. She is a true asset to the One Life team. Our trip was extra special because of Sheena.,https://cdn.tourradar.com/s3/review/original/461782_699e424028883.jpg,,,false,https://www.tourradar.com/t/85982,
461782,West Philippines Classic 10 Day - One Life Adventures,El Nido,Cailin Marsh,"https://images.unsplash.com/photo-1472099645785-5658abf4ff4e?w=1
  50&h=150&fit=crop",5,2026-02-25,This tour was amazing. A great way to see all the highlights whilst having the knowledge of a local guide. Accommodations were great and Sheena our to,This tour was amazing. A great way to see all the highlights whilst having the knowledge of a local guide. Accommodations were great and Sheena our tour guide was incredible. She has a clear love for her island and home town. She brought an infectious energy to the group and no question went unanswered. She is a true asset to the One Life team. Our trip was extra special because of Sheena.,https://cdn.tourradar.com/s3/review/original/461782_699e424028884.jpg,,,false,https://www.tourradar.com/t/85982,
461782,West Philippines Classic 10 Day - One Life Adventures,Manila,Cailin Marsh,"https://images.unsplash.com/photo-1472099645785-5658abf4ff4e?w=1
  50&h=150&fit=crop",5,2026-02-25,This tour was amazing. A great way to see all the highlights whilst having the knowledge of a local guide. Accommodations were great and Sheena our to,This tour was amazing. A great way to see all the highlights whilst having the knowledge of a local guide. Accommodations were great and Sheena our tour guide was incredible. She has a clear love for her island and home town. She brought an infectious energy to the group and no question went unanswered. She is a true asset to the One Life team. Our trip was extra special because of Sheena.,https://cdn.tourradar.com/s3/review/original/461782_699e424028885.jpg,,,false,https://www.tourradar.com/t/85982,
461782,West Philippines Classic 10 Day - One Life Adventures,El Nido,Cailin Marsh,"https://images.unsplash.com/photo-1472099645785-5658abf4ff4e?w=1
  50&h=150&fit=crop",5,2026-02-25,This tour was amazing. A great way to see all the highlights whilst having the knowledge of a local guide. Accommodations were great and Sheena our to,This tour was amazing. A great way to see all the highlights whilst having the knowledge of a local guide. Accommodations were great and Sheena our tour guide was incredible. She has a clear love for her island and home town. She brought an infectious energy to the group and no question went unanswered. She is a true asset to the One Life team. Our trip was extra special because of Sheena.,https://cdn.tourradar.com/s3/review/original/461782_699e424028886.jpg,,,false,https://www.tourradar.com/t/85982,
461782,West Philippines Classic 10 Day - One Life Adventures,El Nido,Cailin Marsh,"https://images.unsplash.com/photo-1472099645785-5658abf4ff4e?w=1
  50&h=150&fit=crop",5,2026-02-25,This tour was amazing. A great way to see all the highlights whilst having the knowledge of a local guide. Accommodations were great and Sheena our to,This tour was amazing. A great way to see all the highlights whilst having the knowledge of a local guide. Accommodations were great and Sheena our tour guide was incredible. She has a clear love for her island and home town. She brought an infectious energy to the group and no question went unanswered. She is a true asset to the One Life team. Our trip was extra special because of Sheena.,https://cdn.tourradar.com/s3/review/original/461782_699e424028887.jpg,,,false,https://www.tourradar.com/t/85982,
461782,West Philippines Classic 10 Day - One Life Adventures,Palawan,Cailin Marsh,"https://images.unsplash.com/photo-1472099645785-5658abf4ff4e?w=1
  50&h=150&fit=crop",5,2026-02-25,This tour was amazing. A great way to see all the highlights whilst having the knowledge of a local guide. Accommodations were great and Sheena our to,This tour was amazing. A great way to see all the highlights whilst having the knowledge of a local guide. Accommodations were great and Sheena our tour guide was incredible. She has a clear love for her island and home town. She brought an infectious energy to the group and no question went unanswered. She is a true asset to the One Life team. Our trip was extra special because of Sheena.,https://cdn.tourradar.com/s3/review/original/461782_699e424028888.jpg,,,false,https://www.tourradar.com/t/85982,
461782,West Philippines Classic 10 Day - One Life Adventures,Palawan,Cailin Marsh,"https://images.unsplash.com/photo-1472099645785-5658abf4ff4e?w=1
  50&h=150&fit=crop",5,2026-02-25,This tour was amazing. A great way to see all the highlights whilst having the knowledge of a local guide. Accommodations were great and Sheena our to,This tour was amazing. A great way to see all the highlights whilst having the knowledge of a local guide. Accommodations were great and Sheena our tour guide was incredible. She has a clear love for her island and home town. She brought an infectious energy to the group and no question went unanswered. She is a true asset to the One Life team. Our trip was extra special because of Sheena.,https://cdn.tourradar.com/s3/review/original/461782_699e424028889.jpg,,,false,https://www.tourradar.com/t/85982,
461782,West Philippines Classic 10 Day - One Life Adventures,El Nido,Cailin Marsh,"https://images.unsplash.com/photo-1472099645785-5658abf4ff4e?w=1
  50&h=150&fit=crop",5,2026-02-25,This tour was amazing. A great way to see all the highlights whilst having the knowledge of a local guide. Accommodations were great and Sheena our to,This tour was amazing. A great way to see all the highlights whilst having the knowledge of a local guide. Accommodations were great and Sheena our tour guide was incredible. She has a clear love for her island and home town. She brought an infectious energy to the group and no question went unanswered. She is a true asset to the One Life team. Our trip was extra special because of Sheena.,https://cdn.tourradar.com/s3/review/original/461782_699e42402888a.jpg,,,false,https://www.tourradar.com/t/85982,
461782,West Philippines Classic 10 Day - One Life Adventures,Palawan,Cailin Marsh,"https://images.unsplash.com/photo-1472099645785-5658abf4ff4e?w=1
  50&h=150&fit=crop",5,2026-02-25,This tour was amazing. A great way to see all the highlights whilst having the knowledge of a local guide. Accommodations were great and Sheena our to,This tour was amazing. A great way to see all the highlights whilst having the knowledge of a local guide. Accommodations were great and Sheena our tour guide was incredible. She has a clear love for her island and home town. She brought an infectious energy to the group and no question went unanswered. She is a true asset to the One Life team. Our trip was extra special because of Sheena.,https://cdn.tourradar.com/s3/review/original/461782_699e4244a56a8.jpg,,,false,https://www.tourradar.com/t/85982,
461782,West Philippines Classic 10 Day - One Life Adventures,Palawan,Cailin Marsh,"https://images.unsplash.com/photo-1472099645785-5658abf4ff4e?w=1
  50&h=150&fit=crop",5,2026-02-25,This tour was amazing. A great way to see all the highlights whilst having the knowledge of a local guide. Accommodations were great and Sheena our to,This tour was amazing. A great way to see all the highlights whilst having the knowledge of a local guide. Accommodations were great and Sheena our tour guide was incredible. She has a clear love for her island and home town. She brought an infectious energy to the group and no question went unanswered. She is a true asset to the One Life team. Our trip was extra special because of Sheena.,https://cdn.tourradar.com/s3/review/original/461782_699e4244a56ac.jpg,,,false,https://www.tourradar.com/t/85982,
461782,West Philippines Classic 10 Day - One Life Adventures,El Nido,Cailin Marsh,"https://images.unsplash.com/photo-1472099645785-5658abf4ff4e?w=1
  50&h=150&fit=crop",5,2026-02-25,This tour was amazing. A great way to see all the highlights whilst having the knowledge of a local guide. Accommodations were great and Sheena our to,This tour was amazing. A great way to see all the highlights whilst having the knowledge of a local guide. Accommodations were great and Sheena our tour guide was incredible. She has a clear love for her island and home town. She brought an infectious energy to the group and no question went unanswered. She is a true asset to the One Life team. Our trip was extra special because of Sheena.,https://cdn.tourradar.com/s3/review/original/461782_699e4244a56ae.jpg,,,false,https://www.tourradar.com/t/85982,
461782,West Philippines Classic 10 Day - One Life Adventures,Palawan,Cailin Marsh,"https://images.unsplash.com/photo-1472099645785-5658abf4ff4e?w=1
  50&h=150&fit=crop",5,2026-02-25,This tour was amazing. A great way to see all the highlights whilst having the knowledge of a local guide. Accommodations were great and Sheena our to,This tour was amazing. A great way to see all the highlights whilst having the knowledge of a local guide. Accommodations were great and Sheena our tour guide was incredible. She has a clear love for her island and home town. She brought an infectious energy to the group and no question went unanswered. She is a true asset to the One Life team. Our trip was extra special because of Sheena.,https://cdn.tourradar.com/s3/review/original/461782_699e4244a56af.jpg,,,false,https://www.tourradar.com/t/85982,
461782,West Philippines Classic 10 Day - One Life Adventures,El Nido,Cailin Marsh,"https://images.unsplash.com/photo-1472099645785-5658abf4ff4e?w=1
  50&h=150&fit=crop",5,2026-02-25,This tour was amazing. A great way to see all the highlights whilst having the knowledge of a local guide. Accommodations were great and Sheena our to,This tour was amazing. A great way to see all the highlights whilst having the knowledge of a local guide. Accommodations were great and Sheena our tour guide was incredible. She has a clear love for her island and home town. She brought an infectious energy to the group and no question went unanswered. She is a true asset to the One Life team. Our trip was extra special because of Sheena.,https://cdn.tourradar.com/s3/review/original/461782_699e4244a56b0.jpg,,,false,https://www.tourradar.com/t/85982,
461782,West Philippines Classic 10 Day - One Life Adventures,Palawan,Cailin Marsh,"https://images.unsplash.com/photo-1472099645785-5658abf4ff4e?w=1
  50&h=150&fit=crop",5,2026-02-25,This tour was amazing. A great way to see all the highlights whilst having the knowledge of a local guide. Accommodations were great and Sheena our to,This tour was amazing. A great way to see all the highlights whilst having the knowledge of a local guide. Accommodations were great and Sheena our tour guide was incredible. She has a clear love for her island and home town. She brought an infectious energy to the group and no question went unanswered. She is a true asset to the One Life team. Our trip was extra special because of Sheena.,https://cdn.tourradar.com/s3/review/original/461782_699e4244a56b1.jpg,,,false,https://www.tourradar.com/t/85982,
461782,West Philippines Classic 10 Day - One Life Adventures,Palawan,Cailin Marsh,"https://images.unsplash.com/photo-1472099645785-5658abf4ff4e?w=1
  50&h=150&fit=crop",5,2026-02-25,This tour was amazing. A great way to see all the highlights whilst having the knowledge of a local guide. Accommodations were great and Sheena our to,This tour was amazing. A great way to see all the highlights whilst having the knowledge of a local guide. Accommodations were great and Sheena our tour guide was incredible. She has a clear love for her island and home town. She brought an infectious energy to the group and no question went unanswered. She is a true asset to the One Life team. Our trip was extra special because of Sheena.,https://cdn.tourradar.com/s3/review/original/461782_699e4244a56b2.jpg,,,false,https://www.tourradar.com/t/85982,
461782,West Philippines Classic 10 Day - One Life Adventures,Palawan,Cailin Marsh,"https://images.unsplash.com/photo-1472099645785-5658abf4ff4e?w=1
  50&h=150&fit=crop",5,2026-02-25,This tour was amazing. A great way to see all the highlights whilst having the knowledge of a local guide. Accommodations were great and Sheena our to,This tour was amazing. A great way to see all the highlights whilst having the knowledge of a local guide. Accommodations were great and Sheena our tour guide was incredible. She has a clear love for her island and home town. She brought an infectious energy to the group and no question went unanswered. She is a true asset to the One Life team. Our trip was extra special because of Sheena.,https://cdn.tourradar.com/s3/review/original/461782_699e4244a56b3.jpg,,,false,https://www.tourradar.com/t/85982,
461782,West Philippines Classic 10 Day - One Life Adventures,Palawan,Cailin Marsh,"https://images.unsplash.com/photo-1472099645785-5658abf4ff4e?w=1
  50&h=150&fit=crop",5,2026-02-25,This tour was amazing. A great way to see all the highlights whilst having the knowledge of a local guide. Accommodations were great and Sheena our to,This tour was amazing. A great way to see all the highlights whilst having the knowledge of a local guide. Accommodations were great and Sheena our tour guide was incredible. She has a clear love for her island and home town. She brought an infectious energy to the group and no question went unanswered. She is a true asset to the One Life team. Our trip was extra special because of Sheena.,https://cdn.tourradar.com/s3/review/original/461782_699e4244a56b4.jpg,,,false,https://www.tourradar.com/t/85982,
461782,West Philippines Classic 10 Day - One Life Adventures,Manila,Cailin Marsh,"https://images.unsplash.com/photo-1472099645785-5658abf4ff4e?w=1
  50&h=150&fit=crop",5,2026-02-25,This tour was amazing. A great way to see all the highlights whilst having the knowledge of a local guide. Accommodations were great and Sheena our to,This tour was amazing. A great way to see all the highlights whilst having the knowledge of a local guide. Accommodations were great and Sheena our tour guide was incredible. She has a clear love for her island and home town. She brought an infectious energy to the group and no question went unanswered. She is a true asset to the One Life team. Our trip was extra special because of Sheena.,https://cdn.tourradar.com/s3/review/original/461782_699e4244a56b5.jpg,,,false,https://www.tourradar.com/t/85982,
461782,West Philippines Classic 10 Day - One Life Adventures,El Nido,Cailin Marsh,"https://images.unsplash.com/photo-1472099645785-5658abf4ff4e?w=1
  50&h=150&fit=crop",5,2026-02-25,This tour was amazing. A great way to see all the highlights whilst having the knowledge of a local guide. Accommodations were great and Sheena our to,This tour was amazing. A great way to see all the highlights whilst having the knowledge of a local guide. Accommodations were great and Sheena our tour guide was incredible. She has a clear love for her island and home town. She brought an infectious energy to the group and no question went unanswered. She is a true asset to the One Life team. Our trip was extra special because of Sheena.,https://cdn.tourradar.com/s3/review/original/461782_699e4244a56b6.jpg,,,false,https://www.tourradar.com/t/85982,
461782,West Philippines Classic 10 Day - One Life Adventures,Palawan,Cailin Marsh,"https://images.unsplash.com/photo-1472099645785-5658abf4ff4e?w=1
  50&h=150&fit=crop",5,2026-02-25,This tour was amazing. A great way to see all the highlights whilst having the knowledge of a local guide. Accommodations were great and Sheena our to,This tour was amazing. A great way to see all the highlights whilst having the knowledge of a local guide. Accommodations were great and Sheena our tour guide was incredible. She has a clear love for her island and home town. She brought an infectious energy to the group and no question went unanswered. She is a true asset to the One Life team. Our trip was extra special because of Sheena.,https://cdn.tourradar.com/s3/review/original/461782_699e4244c8bcb.jpg,,,false,https://www.tourradar.com/t/85982,
461782,West Philippines Classic 10 Day - One Life Adventures,Palawan,Cailin Marsh,"https://images.unsplash.com/photo-1472099645785-5658abf4ff4e?w=1
  50&h=150&fit=crop",5,2026-02-25,This tour was amazing. A great way to see all the highlights whilst having the knowledge of a local guide. Accommodations were great and Sheena our to,This tour was amazing. A great way to see all the highlights whilst having the knowledge of a local guide. Accommodations were great and Sheena our tour guide was incredible. She has a clear love for her island and home town. She brought an infectious energy to the group and no question went unanswered. She is a true asset to the One Life team. Our trip was extra special because of Sheena.,https://cdn.tourradar.com/s3/review/original/461782_699e4244c8bcf.jpg,,,false,https://www.tourradar.com/t/85982,
461782,West Philippines Classic 10 Day - One Life Adventures,El Nido,Cailin Marsh,"https://images.unsplash.com/photo-1472099645785-5658abf4ff4e?w=1
  50&h=150&fit=crop",5,2026-02-25,This tour was amazing. A great way to see all the highlights whilst having the knowledge of a local guide. Accommodations were great and Sheena our to,This tour was amazing. A great way to see all the highlights whilst having the knowledge of a local guide. Accommodations were great and Sheena our tour guide was incredible. She has a clear love for her island and home town. She brought an infectious energy to the group and no question went unanswered. She is a true asset to the One Life team. Our trip was extra special because of Sheena.,https://cdn.tourradar.com/s3/review/original/461782_699e4244c8bd1.jpg,,,false,https://www.tourradar.com/t/85982,
461782,West Philippines Classic 10 Day - One Life Adventures,Palawan,Cailin Marsh,"https://images.unsplash.com/photo-1472099645785-5658abf4ff4e?w=1
  50&h=150&fit=crop",5,2026-02-25,This tour was amazing. A great way to see all the highlights whilst having the knowledge of a local guide. Accommodations were great and Sheena our to,This tour was amazing. A great way to see all the highlights whilst having the knowledge of a local guide. Accommodations were great and Sheena our tour guide was incredible. She has a clear love for her island and home town. She brought an infectious energy to the group and no question went unanswered. She is a true asset to the One Life team. Our trip was extra special because of Sheena.,https://cdn.tourradar.com/s3/review/original/461782_699e4244c8bd2.jpg,,,false,https://www.tourradar.com/t/85982,
461782,West Philippines Classic 10 Day - One Life Adventures,El Nido,Cailin Marsh,"https://images.unsplash.com/photo-1472099645785-5658abf4ff4e?w=1
  50&h=150&fit=crop",5,2026-02-25,This tour was amazing. A great way to see all the highlights whilst having the knowledge of a local guide. Accommodations were great and Sheena our to,This tour was amazing. A great way to see all the highlights whilst having the knowledge of a local guide. Accommodations were great and Sheena our tour guide was incredible. She has a clear love for her island and home town. She brought an infectious energy to the group and no question went unanswered. She is a true asset to the One Life team. Our trip was extra special because of Sheena.,https://cdn.tourradar.com/s3/review/original/461782_699e4244c8bd3.jpg,,,false,https://www.tourradar.com/t/85982,
461782,West Philippines Classic 10 Day - One Life Adventures,Palawan,Cailin Marsh,"https://images.unsplash.com/photo-1472099645785-5658abf4ff4e?w=1
  50&h=150&fit=crop",5,2026-02-25,This tour was amazing. A great way to see all the highlights whilst having the knowledge of a local guide. Accommodations were great and Sheena our to,This tour was amazing. A great way to see all the highlights whilst having the knowledge of a local guide. Accommodations were great and Sheena our tour guide was incredible. She has a clear love for her island and home town. She brought an infectious energy to the group and no question went unanswered. She is a true asset to the One Life team. Our trip was extra special because of Sheena.,https://cdn.tourradar.com/s3/review/original/461782_699e4244c8bd4.jpg,,,false,https://www.tourradar.com/t/85982,
461782,West Philippines Classic 10 Day - One Life Adventures,Palawan,Cailin Marsh,"https://images.unsplash.com/photo-1472099645785-5658abf4ff4e?w=1
  50&h=150&fit=crop",5,2026-02-25,This tour was amazing. A great way to see all the highlights whilst having the knowledge of a local guide. Accommodations were great and Sheena our to,This tour was amazing. A great way to see all the highlights whilst having the knowledge of a local guide. Accommodations were great and Sheena our tour guide was incredible. She has a clear love for her island and home town. She brought an infectious energy to the group and no question went unanswered. She is a true asset to the One Life team. Our trip was extra special because of Sheena.,https://cdn.tourradar.com/s3/review/original/461782_699e4244c8bd5.jpg,,,false,https://www.tourradar.com/t/85982,
461782,West Philippines Classic 10 Day - One Life Adventures,Palawan,Cailin Marsh,"https://images.unsplash.com/photo-1472099645785-5658abf4ff4e?w=1
  50&h=150&fit=crop",5,2026-02-25,This tour was amazing. A great way to see all the highlights whilst having the knowledge of a local guide. Accommodations were great and Sheena our to,This tour was amazing. A great way to see all the highlights whilst having the knowledge of a local guide. Accommodations were great and Sheena our tour guide was incredible. She has a clear love for her island and home town. She brought an infectious energy to the group and no question went unanswered. She is a true asset to the One Life team. Our trip was extra special because of Sheena.,https://cdn.tourradar.com/s3/review/original/461782_699e4244c8bd6.jpg,,,false,https://www.tourradar.com/t/85982,
461782,West Philippines Classic 10 Day - One Life Adventures,Palawan,Cailin Marsh,"https://images.unsplash.com/photo-1472099645785-5658abf4ff4e?w=1
  50&h=150&fit=crop",5,2026-02-25,This tour was amazing. A great way to see all the highlights whilst having the knowledge of a local guide. Accommodations were great and Sheena our to,This tour was amazing. A great way to see all the highlights whilst having the knowledge of a local guide. Accommodations were great and Sheena our tour guide was incredible. She has a clear love for her island and home town. She brought an infectious energy to the group and no question went unanswered. She is a true asset to the One Life team. Our trip was extra special because of Sheena.,https://cdn.tourradar.com/s3/review/original/461782_699e4244c8bd7.jpg,,,false,https://www.tourradar.com/t/85982,
461782,West Philippines Classic 10 Day - One Life Adventures,Manila,Cailin Marsh,"https://images.unsplash.com/photo-1472099645785-5658abf4ff4e?w=1
  50&h=150&fit=crop",5,2026-02-25,This tour was amazing. A great way to see all the highlights whilst having the knowledge of a local guide. Accommodations were great and Sheena our to,This tour was amazing. A great way to see all the highlights whilst having the knowledge of a local guide. Accommodations were great and Sheena our tour guide was incredible. She has a clear love for her island and home town. She brought an infectious energy to the group and no question went unanswered. She is a true asset to the One Life team. Our trip was extra special because of Sheena.,https://cdn.tourradar.com/s3/review/original/461782_699e4244c8bd8.jpg,,,false,https://www.tourradar.com/t/85982,
461782,West Philippines Classic 10 Day - One Life Adventures,El Nido,Cailin Marsh,"https://images.unsplash.com/photo-1472099645785-5658abf4ff4e?w=1
  50&h=150&fit=crop",5,2026-02-25,This tour was amazing. A great way to see all the highlights whilst having the knowledge of a local guide. Accommodations were great and Sheena our to,This tour was amazing. A great way to see all the highlights whilst having the knowledge of a local guide. Accommodations were great and Sheena our tour guide was incredible. She has a clear love for her island and home town. She brought an infectious energy to the group and no question went unanswered. She is a true asset to the One Life team. Our trip was extra special because of Sheena.,https://cdn.tourradar.com/s3/review/original/461782_699e4244c8bd9.jpg,,,false,https://www.tourradar.com/t/85982,
461782,West Philippines Classic 10 Day - One Life Adventures,Palawan,Cailin Marsh,"https://images.unsplash.com/photo-1472099645785-5658abf4ff4e?w=1
  50&h=150&fit=crop",5,2026-02-25,This tour was amazing. A great way to see all the highlights whilst having the knowledge of a local guide. Accommodations were great and Sheena our to,This tour was amazing. A great way to see all the highlights whilst having the knowledge of a local guide. Accommodations were great and Sheena our tour guide was incredible. She has a clear love for her island and home town. She brought an infectious energy to the group and no question went unanswered. She is a true asset to the One Life team. Our trip was extra special because of Sheena.,https://cdn.tourradar.com/s3/review/original/461782_699e424512e71.jpg,,,false,https://www.tourradar.com/t/85982,
461782,West Philippines Classic 10 Day - One Life Adventures,Palawan,Cailin Marsh,"https://images.unsplash.com/photo-1472099645785-5658abf4ff4e?w=1
  50&h=150&fit=crop",5,2026-02-25,This tour was amazing. A great way to see all the highlights whilst having the knowledge of a local guide. Accommodations were great and Sheena our to,This tour was amazing. A great way to see all the highlights whilst having the knowledge of a local guide. Accommodations were great and Sheena our tour guide was incredible. She has a clear love for her island and home town. She brought an infectious energy to the group and no question went unanswered. She is a true asset to the One Life team. Our trip was extra special because of Sheena.,https://cdn.tourradar.com/s3/review/original/461782_699e424512e75.jpg,,,false,https://www.tourradar.com/t/85982,
461782,West Philippines Classic 10 Day - One Life Adventures,El Nido,Cailin Marsh,"https://images.unsplash.com/photo-1472099645785-5658abf4ff4e?w=1
  50&h=150&fit=crop",5,2026-02-25,This tour was amazing. A great way to see all the highlights whilst having the knowledge of a local guide. Accommodations were great and Sheena our to,This tour was amazing. A great way to see all the highlights whilst having the knowledge of a local guide. Accommodations were great and Sheena our tour guide was incredible. She has a clear love for her island and home town. She brought an infectious energy to the group and no question went unanswered. She is a true asset to the One Life team. Our trip was extra special because of Sheena.,https://cdn.tourradar.com/s3/review/original/461782_699e424512e76.jpg,,,false,https://www.tourradar.com/t/85982,
461782,West Philippines Classic 10 Day - One Life Adventures,Palawan,Cailin Marsh,"https://images.unsplash.com/photo-1472099645785-5658abf4ff4e?w=1
  50&h=150&fit=crop",5,2026-02-25,This tour was amazing. A great way to see all the highlights whilst having the knowledge of a local guide. Accommodations were great and Sheena our to,This tour was amazing. A great way to see all the highlights whilst having the knowledge of a local guide. Accommodations were great and Sheena our tour guide was incredible. She has a clear love for her island and home town. She brought an infectious energy to the group and no question went unanswered. She is a true asset to the One Life team. Our trip was extra special because of Sheena.,https://cdn.tourradar.com/s3/review/original/461782_699e424512e77.jpg,,,false,https://www.tourradar.com/t/85982,
461782,West Philippines Classic 10 Day - One Life Adventures,El Nido,Cailin Marsh,"https://images.unsplash.com/photo-1472099645785-5658abf4ff4e?w=1
  50&h=150&fit=crop",5,2026-02-25,This tour was amazing. A great way to see all the highlights whilst having the knowledge of a local guide. Accommodations were great and Sheena our to,This tour was amazing. A great way to see all the highlights whilst having the knowledge of a local guide. Accommodations were great and Sheena our tour guide was incredible. She has a clear love for her island and home town. She brought an infectious energy to the group and no question went unanswered. She is a true asset to the One Life team. Our trip was extra special because of Sheena.,https://cdn.tourradar.com/s3/review/original/461782_699e424512e78.jpg,,,false,https://www.tourradar.com/t/85982,
461782,West Philippines Classic 10 Day - One Life Adventures,Palawan,Cailin Marsh,"https://images.unsplash.com/photo-1472099645785-5658abf4ff4e?w=1
  50&h=150&fit=crop",5,2026-02-25,This tour was amazing. A great way to see all the highlights whilst having the knowledge of a local guide. Accommodations were great and Sheena our to,This tour was amazing. A great way to see all the highlights whilst having the knowledge of a local guide. Accommodations were great and Sheena our tour guide was incredible. She has a clear love for her island and home town. She brought an infectious energy to the group and no question went unanswered. She is a true asset to the One Life team. Our trip was extra special because of Sheena.,https://cdn.tourradar.com/s3/review/original/461782_699e424512e79.jpg,,,false,https://www.tourradar.com/t/85982,
461782,West Philippines Classic 10 Day - One Life Adventures,Palawan,Cailin Marsh,"https://images.unsplash.com/photo-1472099645785-5658abf4ff4e?w=1
  50&h=150&fit=crop",5,2026-02-25,This tour was amazing. A great way to see all the highlights whilst having the knowledge of a local guide. Accommodations were great and Sheena our to,This tour was amazing. A great way to see all the highlights whilst having the knowledge of a local guide. Accommodations were great and Sheena our tour guide was incredible. She has a clear love for her island and home town. She brought an infectious energy to the group and no question went unanswered. She is a true asset to the One Life team. Our trip was extra special because of Sheena.,https://cdn.tourradar.com/s3/review/original/461782_699e424512e7a.jpg,,,false,https://www.tourradar.com/t/85982,
461782,West Philippines Classic 10 Day - One Life Adventures,Palawan,Cailin Marsh,"https://images.unsplash.com/photo-1472099645785-5658abf4ff4e?w=1
  50&h=150&fit=crop",5,2026-02-25,This tour was amazing. A great way to see all the highlights whilst having the knowledge of a local guide. Accommodations were great and Sheena our to,This tour was amazing. A great way to see all the highlights whilst having the knowledge of a local guide. Accommodations were great and Sheena our tour guide was incredible. She has a clear love for her island and home town. She brought an infectious energy to the group and no question went unanswered. She is a true asset to the One Life team. Our trip was extra special because of Sheena.,https://cdn.tourradar.com/s3/review/original/461782_699e424512e7b.jpg,,,false,https://www.tourradar.com/t/85982,
461782,West Philippines Classic 10 Day - One Life Adventures,Palawan,Cailin Marsh,"https://images.unsplash.com/photo-1472099645785-5658abf4ff4e?w=1
  50&h=150&fit=crop",5,2026-02-25,This tour was amazing. A great way to see all the highlights whilst having the knowledge of a local guide. Accommodations were great and Sheena our to,This tour was amazing. A great way to see all the highlights whilst having the knowledge of a local guide. Accommodations were great and Sheena our tour guide was incredible. She has a clear love for her island and home town. She brought an infectious energy to the group and no question went unanswered. She is a true asset to the One Life team. Our trip was extra special because of Sheena.,https://cdn.tourradar.com/s3/review/original/461782_699e424512e7c.jpg,,,false,https://www.tourradar.com/t/85982,
461782,West Philippines Classic 10 Day - One Life Adventures,Manila,Cailin Marsh,"https://images.unsplash.com/photo-1472099645785-5658abf4ff4e?w=1
  50&h=150&fit=crop",5,2026-02-25,This tour was amazing. A great way to see all the highlights whilst having the knowledge of a local guide. Accommodations were great and Sheena our to,This tour was amazing. A great way to see all the highlights whilst having the knowledge of a local guide. Accommodations were great and Sheena our tour guide was incredible. She has a clear love for her island and home town. She brought an infectious energy to the group and no question went unanswered. She is a true asset to the One Life team. Our trip was extra special because of Sheena.,https://cdn.tourradar.com/s3/review/original/461782_699e424512e7d.jpg,,,false,https://www.tourradar.com/t/85982,
461782,West Philippines Classic 10 Day - One Life Adventures,El Nido,Cailin Marsh,"https://images.unsplash.com/photo-1472099645785-5658abf4ff4e?w=1
  50&h=150&fit=crop",5,2026-02-25,This tour was amazing. A great way to see all the highlights whilst having the knowledge of a local guide. Accommodations were great and Sheena our to,This tour was amazing. A great way to see all the highlights whilst having the knowledge of a local guide. Accommodations were great and Sheena our tour guide was incredible. She has a clear love for her island and home town. She brought an infectious energy to the group and no question went unanswered. She is a true asset to the One Life team. Our trip was extra special because of Sheena.,https://cdn.tourradar.com/s3/review/original/461782_699e424512e7e.jpg,,,false,https://www.tourradar.com/t/85982,
461782,West Philippines Classic 10 Day - One Life Adventures,El Nido,Cailin Marsh,"https://images.unsplash.com/photo-1472099645785-5658abf4ff4e?w=1
  50&h=150&fit=crop",5,2026-02-25,This tour was amazing. A great way to see all the highlights whilst having the knowledge of a local guide. Accommodations were great and Sheena our to,This tour was amazing. A great way to see all the highlights whilst having the knowledge of a local guide. Accommodations were great and Sheena our tour guide was incredible. She has a clear love for her island and home town. She brought an infectious energy to the group and no question went unanswered. She is a true asset to the One Life team. Our trip was extra special because of Sheena.,https://cdn.tourradar.com/s3/review/original/461782_699e424512e7f.jpg,,,false,https://www.tourradar.com/t/85982,
461782,West Philippines Classic 10 Day - One Life Adventures,Palawan,Cailin Marsh,"https://images.unsplash.com/photo-1472099645785-5658abf4ff4e?w=1
  50&h=150&fit=crop",5,2026-02-25,This tour was amazing. A great way to see all the highlights whilst having the knowledge of a local guide. Accommodations were great and Sheena our to,This tour was amazing. A great way to see all the highlights whilst having the knowledge of a local guide. Accommodations were great and Sheena our tour guide was incredible. She has a clear love for her island and home town. She brought an infectious energy to the group and no question went unanswered. She is a true asset to the One Life team. Our trip was extra special because of Sheena.,https://cdn.tourradar.com/s3/review/original/461782_699e424512e80.jpg,,,false,https://www.tourradar.com/t/85982,
461718,Historic Horizons - Egypt 8 Days (5 Stars) GEM VISIT,Giza,Bertha Sullivan,"https://images.unsplash.com/photo-1472099645785-5658abf4ff4e?w=1
  50&h=150&fit=crop",5,2026-02-24,"We are coming to the end of our holiday booked through Tourradar. I must say it was the most unforgettable week in Egypt, celebrating our 45th wedding","We are coming to the end of our holiday booked through Tourradar. I must say it was the most unforgettable week in Egypt, celebrating our 45th wedding anniversary, and it was everything we dreamed of — and more.

From the very beginning, the team at Holiday In Egypt was completely at all our needs. We had an issue with our pick up at airport and Mohamed was contacted an be dealt with it instantly. Every detail was handled with professionalism and care, making the entire experience stress-free and perfectly organised. We felt supported and looked after at every stage of our journey.

Our guide, Tamer, was truly exceptional. His knowledge, passion, and genuine warmth transformed every visit into something extraordinary. He brought the history to life in such a captivating way, sharing stories and insights that made each temple visit even more meaningful. We couldn’t have asked for a better guide — he made our anniversary trip incredibly special, he always went out of his way for each and everyone of us even though it's
Ramadan he was so calm and kind. 

The Nile cruise was absolutely amazing. Sailing along the Nile, waking up to breathtaking views each morning, enjoying excellent food and wonderful service — it was pure magic. The atmosphere was relaxing yet filled with anticipation for the incredible sights ahead.

And the temples… beyond belief. Standing before these ancient wonders is something that simply cannot be put fully into words. The scale, the beauty, the history — each one left us speechless.

Celebrating 45 years of marriage in such a magnificent place was truly a once-in-a-lifetime experience. Thank you to Holiday In Egypt and to Tamer for making our anniversary so memorable. We highly, highly recommend this experience to anyone considering a trip to Egypt.",https://cdn.tourradar.com/s3/review/original/461718_699da7a619d2e.jpg,,,false,https://www.tourradar.com/t/230867,
461718,Historic Horizons - Egypt 8 Days (5 Stars) GEM VISIT,Luxor,Bertha Sullivan,"https://images.unsplash.com/photo-1472099645785-5658abf4ff4e?w=1
  50&h=150&fit=crop",5,2026-02-24,"We are coming to the end of our holiday booked through Tourradar. I must say it was the most unforgettable week in Egypt, celebrating our 45th wedding","We are coming to the end of our holiday booked through Tourradar. I must say it was the most unforgettable week in Egypt, celebrating our 45th wedding anniversary, and it was everything we dreamed of — and more.

From the very beginning, the team at Holiday In Egypt was completely at all our needs. We had an issue with our pick up at airport and Mohamed was contacted an be dealt with it instantly. Every detail was handled with professionalism and care, making the entire experience stress-free and perfectly organised. We felt supported and looked after at every stage of our journey.

Our guide, Tamer, was truly exceptional. His knowledge, passion, and genuine warmth transformed every visit into something extraordinary. He brought the history to life in such a captivating way, sharing stories and insights that made each temple visit even more meaningful. We couldn’t have asked for a better guide — he made our anniversary trip incredibly special, he always went out of his way for each and everyone of us even though it's
Ramadan he was so calm and kind. 

The Nile cruise was absolutely amazing. Sailing along the Nile, waking up to breathtaking views each morning, enjoying excellent food and wonderful service — it was pure magic. The atmosphere was relaxing yet filled with anticipation for the incredible sights ahead.

And the temples… beyond belief. Standing before these ancient wonders is something that simply cannot be put fully into words. The scale, the beauty, the history — each one left us speechless.

Celebrating 45 years of marriage in such a magnificent place was truly a once-in-a-lifetime experience. Thank you to Holiday In Egypt and to Tamer for making our anniversary so memorable. We highly, highly recommend this experience to anyone considering a trip to Egypt.",https://cdn.tourradar.com/s3/review/original/461718_699da7a619d33.jpg,,,false,https://www.tourradar.com/t/230867,
461718,Historic Horizons - Egypt 8 Days (5 Stars) GEM VISIT,Luxor,Bertha Sullivan,"https://images.unsplash.com/photo-1472099645785-5658abf4ff4e?w=1
  50&h=150&fit=crop",5,2026-02-24,"We are coming to the end of our holiday booked through Tourradar. I must say it was the most unforgettable week in Egypt, celebrating our 45th wedding","We are coming to the end of our holiday booked through Tourradar. I must say it was the most unforgettable week in Egypt, celebrating our 45th wedding anniversary, and it was everything we dreamed of — and more.

From the very beginning, the team at Holiday In Egypt was completely at all our needs. We had an issue with our pick up at airport and Mohamed was contacted an be dealt with it instantly. Every detail was handled with professionalism and care, making the entire experience stress-free and perfectly organised. We felt supported and looked after at every stage of our journey.

Our guide, Tamer, was truly exceptional. His knowledge, passion, and genuine warmth transformed every visit into something extraordinary. He brought the history to life in such a captivating way, sharing stories and insights that made each temple visit even more meaningful. We couldn’t have asked for a better guide — he made our anniversary trip incredibly special, he always went out of his way for each and everyone of us even though it's
Ramadan he was so calm and kind. 

The Nile cruise was absolutely amazing. Sailing along the Nile, waking up to breathtaking views each morning, enjoying excellent food and wonderful service — it was pure magic. The atmosphere was relaxing yet filled with anticipation for the incredible sights ahead.

And the temples… beyond belief. Standing before these ancient wonders is something that simply cannot be put fully into words. The scale, the beauty, the history — each one left us speechless.

Celebrating 45 years of marriage in such a magnificent place was truly a once-in-a-lifetime experience. Thank you to Holiday In Egypt and to Tamer for making our anniversary so memorable. We highly, highly recommend this experience to anyone considering a trip to Egypt.",https://cdn.tourradar.com/s3/review/original/461718_699da7a619d35.jpg,,,false,https://www.tourradar.com/t/230867,
461718,Historic Horizons - Egypt 8 Days (5 Stars) GEM VISIT,Luxor,Bertha Sullivan,"https://images.unsplash.com/photo-1472099645785-5658abf4ff4e?w=1
  50&h=150&fit=crop",5,2026-02-24,"We are coming to the end of our holiday booked through Tourradar. I must say it was the most unforgettable week in Egypt, celebrating our 45th wedding","We are coming to the end of our holiday booked through Tourradar. I must say it was the most unforgettable week in Egypt, celebrating our 45th wedding anniversary, and it was everything we dreamed of — and more.

From the very beginning, the team at Holiday In Egypt was completely at all our needs. We had an issue with our pick up at airport and Mohamed was contacted an be dealt with it instantly. Every detail was handled with professionalism and care, making the entire experience stress-free and perfectly organised. We felt supported and looked after at every stage of our journey.

Our guide, Tamer, was truly exceptional. His knowledge, passion, and genuine warmth transformed every visit into something extraordinary. He brought the history to life in such a captivating way, sharing stories and insights that made each temple visit even more meaningful. We couldn’t have asked for a better guide — he made our anniversary trip incredibly special, he always went out of his way for each and everyone of us even though it's
Ramadan he was so calm and kind. 

The Nile cruise was absolutely amazing. Sailing along the Nile, waking up to breathtaking views each morning, enjoying excellent food and wonderful service — it was pure magic. The atmosphere was relaxing yet filled with anticipation for the incredible sights ahead.

And the temples… beyond belief. Standing before these ancient wonders is something that simply cannot be put fully into words. The scale, the beauty, the history — each one left us speechless.

Celebrating 45 years of marriage in such a magnificent place was truly a once-in-a-lifetime experience. Thank you to Holiday In Egypt and to Tamer for making our anniversary so memorable. We highly, highly recommend this experience to anyone considering a trip to Egypt.",https://cdn.tourradar.com/s3/review/original/461718_699da7a619d37.jpg,,,false,https://www.tourradar.com/t/230867,
461718,Historic Horizons - Egypt 8 Days (5 Stars) GEM VISIT,,Bertha Sullivan,"https://images.unsplash.com/photo-1472099645785-5658abf4ff4e?w=1
  50&h=150&fit=crop",5,2026-02-24,"We are coming to the end of our holiday booked through Tourradar. I must say it was the most unforgettable week in Egypt, celebrating our 45th wedding","We are coming to the end of our holiday booked through Tourradar. I must say it was the most unforgettable week in Egypt, celebrating our 45th wedding anniversary, and it was everything we dreamed of — and more.

From the very beginning, the team at Holiday In Egypt was completely at all our needs. We had an issue with our pick up at airport and Mohamed was contacted an be dealt with it instantly. Every detail was handled with professionalism and care, making the entire experience stress-free and perfectly organised. We felt supported and looked after at every stage of our journey.

Our guide, Tamer, was truly exceptional. His knowledge, passion, and genuine warmth transformed every visit into something extraordinary. He brought the history to life in such a captivating way, sharing stories and insights that made each temple visit even more meaningful. We couldn’t have asked for a better guide — he made our anniversary trip incredibly special, he always went out of his way for each and everyone of us even though it's
Ramadan he was so calm and kind. 

The Nile cruise was absolutely amazing. Sailing along the Nile, waking up to breathtaking views each morning, enjoying excellent food and wonderful service — it was pure magic. The atmosphere was relaxing yet filled with anticipation for the incredible sights ahead.

And the temples… beyond belief. Standing before these ancient wonders is something that simply cannot be put fully into words. The scale, the beauty, the history — each one left us speechless.

Celebrating 45 years of marriage in such a magnificent place was truly a once-in-a-lifetime experience. Thank you to Holiday In Egypt and to Tamer for making our anniversary so memorable. We highly, highly recommend this experience to anyone considering a trip to Egypt.",https://cdn.tourradar.com/s3/review/original/461718_699da7a619d38.jpg,,,false,https://www.tourradar.com/t/230867,
461718,Historic Horizons - Egypt 8 Days (5 Stars) GEM VISIT,Luxor,Bertha Sullivan,"https://images.unsplash.com/photo-1472099645785-5658abf4ff4e?w=1
  50&h=150&fit=crop",5,2026-02-24,"We are coming to the end of our holiday booked through Tourradar. I must say it was the most unforgettable week in Egypt, celebrating our 45th wedding","We are coming to the end of our holiday booked through Tourradar. I must say it was the most unforgettable week in Egypt, celebrating our 45th wedding anniversary, and it was everything we dreamed of — and more.

From the very beginning, the team at Holiday In Egypt was completely at all our needs. We had an issue with our pick up at airport and Mohamed was contacted an be dealt with it instantly. Every detail was handled with professionalism and care, making the entire experience stress-free and perfectly organised. We felt supported and looked after at every stage of our journey.

Our guide, Tamer, was truly exceptional. His knowledge, passion, and genuine warmth transformed every visit into something extraordinary. He brought the history to life in such a captivating way, sharing stories and insights that made each temple visit even more meaningful. We couldn’t have asked for a better guide — he made our anniversary trip incredibly special, he always went out of his way for each and everyone of us even though it's
Ramadan he was so calm and kind. 

The Nile cruise was absolutely amazing. Sailing along the Nile, waking up to breathtaking views each morning, enjoying excellent food and wonderful service — it was pure magic. The atmosphere was relaxing yet filled with anticipation for the incredible sights ahead.

And the temples… beyond belief. Standing before these ancient wonders is something that simply cannot be put fully into words. The scale, the beauty, the history — each one left us speechless.

Celebrating 45 years of marriage in such a magnificent place was truly a once-in-a-lifetime experience. Thank you to Holiday In Egypt and to Tamer for making our anniversary so memorable. We highly, highly recommend this experience to anyone considering a trip to Egypt.",https://cdn.tourradar.com/s3/review/original/461718_699da7a619d39.jpg,,,false,https://www.tourradar.com/t/230867,
461718,Historic Horizons - Egypt 8 Days (5 Stars) GEM VISIT,Giza,Bertha Sullivan,"https://images.unsplash.com/photo-1472099645785-5658abf4ff4e?w=1
  50&h=150&fit=crop",5,2026-02-24,"We are coming to the end of our holiday booked through Tourradar. I must say it was the most unforgettable week in Egypt, celebrating our 45th wedding","We are coming to the end of our holiday booked through Tourradar. I must say it was the most unforgettable week in Egypt, celebrating our 45th wedding anniversary, and it was everything we dreamed of — and more.

From the very beginning, the team at Holiday In Egypt was completely at all our needs. We had an issue with our pick up at airport and Mohamed was contacted an be dealt with it instantly. Every detail was handled with professionalism and care, making the entire experience stress-free and perfectly organised. We felt supported and looked after at every stage of our journey.

Our guide, Tamer, was truly exceptional. His knowledge, passion, and genuine warmth transformed every visit into something extraordinary. He brought the history to life in such a captivating way, sharing stories and insights that made each temple visit even more meaningful. We couldn’t have asked for a better guide — he made our anniversary trip incredibly special, he always went out of his way for each and everyone of us even though it's
Ramadan he was so calm and kind. 

The Nile cruise was absolutely amazing. Sailing along the Nile, waking up to breathtaking views each morning, enjoying excellent food and wonderful service — it was pure magic. The atmosphere was relaxing yet filled with anticipation for the incredible sights ahead.

And the temples… beyond belief. Standing before these ancient wonders is something that simply cannot be put fully into words. The scale, the beauty, the history — each one left us speechless.

Celebrating 45 years of marriage in such a magnificent place was truly a once-in-a-lifetime experience. Thank you to Holiday In Egypt and to Tamer for making our anniversary so memorable. We highly, highly recommend this experience to anyone considering a trip to Egypt.",https://cdn.tourradar.com/s3/review/original/461718_699da877ee5ca.jpg,,,false,https://www.tourradar.com/t/230867,
461718,Historic Horizons - Egypt 8 Days (5 Stars) GEM VISIT,Luxor,Bertha Sullivan,"https://images.unsplash.com/photo-1472099645785-5658abf4ff4e?w=1
  50&h=150&fit=crop",5,2026-02-24,"We are coming to the end of our holiday booked through Tourradar. I must say it was the most unforgettable week in Egypt, celebrating our 45th wedding","We are coming to the end of our holiday booked through Tourradar. I must say it was the most unforgettable week in Egypt, celebrating our 45th wedding anniversary, and it was everything we dreamed of — and more.

From the very beginning, the team at Holiday In Egypt was completely at all our needs. We had an issue with our pick up at airport and Mohamed was contacted an be dealt with it instantly. Every detail was handled with professionalism and care, making the entire experience stress-free and perfectly organised. We felt supported and looked after at every stage of our journey.

Our guide, Tamer, was truly exceptional. His knowledge, passion, and genuine warmth transformed every visit into something extraordinary. He brought the history to life in such a captivating way, sharing stories and insights that made each temple visit even more meaningful. We couldn’t have asked for a better guide — he made our anniversary trip incredibly special, he always went out of his way for each and everyone of us even though it's
Ramadan he was so calm and kind. 

The Nile cruise was absolutely amazing. Sailing along the Nile, waking up to breathtaking views each morning, enjoying excellent food and wonderful service — it was pure magic. The atmosphere was relaxing yet filled with anticipation for the incredible sights ahead.

And the temples… beyond belief. Standing before these ancient wonders is something that simply cannot be put fully into words. The scale, the beauty, the history — each one left us speechless.

Celebrating 45 years of marriage in such a magnificent place was truly a once-in-a-lifetime experience. Thank you to Holiday In Egypt and to Tamer for making our anniversary so memorable. We highly, highly recommend this experience to anyone considering a trip to Egypt.",https://cdn.tourradar.com/s3/review/original/461718_699da877ee5ce.jpg,,,false,https://www.tourradar.com/t/230867,
461718,Historic Horizons - Egypt 8 Days (5 Stars) GEM VISIT,Luxor,Bertha Sullivan,"https://images.unsplash.com/photo-1472099645785-5658abf4ff4e?w=1
  50&h=150&fit=crop",5,2026-02-24,"We are coming to the end of our holiday booked through Tourradar. I must say it was the most unforgettable week in Egypt, celebrating our 45th wedding","We are coming to the end of our holiday booked through Tourradar. I must say it was the most unforgettable week in Egypt, celebrating our 45th wedding anniversary, and it was everything we dreamed of — and more.

From the very beginning, the team at Holiday In Egypt was completely at all our needs. We had an issue with our pick up at airport and Mohamed was contacted an be dealt with it instantly. Every detail was handled with professionalism and care, making the entire experience stress-free and perfectly organised. We felt supported and looked after at every stage of our journey.

Our guide, Tamer, was truly exceptional. His knowledge, passion, and genuine warmth transformed every visit into something extraordinary. He brought the history to life in such a captivating way, sharing stories and insights that made each temple visit even more meaningful. We couldn’t have asked for a better guide — he made our anniversary trip incredibly special, he always went out of his way for each and everyone of us even though it's
Ramadan he was so calm and kind. 

The Nile cruise was absolutely amazing. Sailing along the Nile, waking up to breathtaking views each morning, enjoying excellent food and wonderful service — it was pure magic. The atmosphere was relaxing yet filled with anticipation for the incredible sights ahead.

And the temples… beyond belief. Standing before these ancient wonders is something that simply cannot be put fully into words. The scale, the beauty, the history — each one left us speechless.

Celebrating 45 years of marriage in such a magnificent place was truly a once-in-a-lifetime experience. Thank you to Holiday In Egypt and to Tamer for making our anniversary so memorable. We highly, highly recommend this experience to anyone considering a trip to Egypt.",https://cdn.tourradar.com/s3/review/original/461718_699da877ee5cf.jpg,,,false,https://www.tourradar.com/t/230867,
461718,Historic Horizons - Egypt 8 Days (5 Stars) GEM VISIT,Luxor,Bertha Sullivan,"https://images.unsplash.com/photo-1472099645785-5658abf4ff4e?w=1
  50&h=150&fit=crop",5,2026-02-24,"We are coming to the end of our holiday booked through Tourradar. I must say it was the most unforgettable week in Egypt, celebrating our 45th wedding","We are coming to the end of our holiday booked through Tourradar. I must say it was the most unforgettable week in Egypt, celebrating our 45th wedding anniversary, and it was everything we dreamed of — and more.

From the very beginning, the team at Holiday In Egypt was completely at all our needs. We had an issue with our pick up at airport and Mohamed was contacted an be dealt with it instantly. Every detail was handled with professionalism and care, making the entire experience stress-free and perfectly organised. We felt supported and looked after at every stage of our journey.

Our guide, Tamer, was truly exceptional. His knowledge, passion, and genuine warmth transformed every visit into something extraordinary. He brought the history to life in such a captivating way, sharing stories and insights that made each temple visit even more meaningful. We couldn’t have asked for a better guide — he made our anniversary trip incredibly special, he always went out of his way for each and everyone of us even though it's
Ramadan he was so calm and kind. 

The Nile cruise was absolutely amazing. Sailing along the Nile, waking up to breathtaking views each morning, enjoying excellent food and wonderful service — it was pure magic. The atmosphere was relaxing yet filled with anticipation for the incredible sights ahead.

And the temples… beyond belief. Standing before these ancient wonders is something that simply cannot be put fully into words. The scale, the beauty, the history — each one left us speechless.

Celebrating 45 years of marriage in such a magnificent place was truly a once-in-a-lifetime experience. Thank you to Holiday In Egypt and to Tamer for making our anniversary so memorable. We highly, highly recommend this experience to anyone considering a trip to Egypt.",https://cdn.tourradar.com/s3/review/original/461718_699da877ee5d0.jpg,,,false,https://www.tourradar.com/t/230867,
461696,The Ultimate Sri Lankan Adventure,Ella,Zheng  Ge ,"https://images.unsplash.com/photo-1472099645785-5658abf4ff4e?w=1
  50&h=150&fit=crop",5,2026-02-24,"The tour guide Dhanesh from Apple Vacations is excellent, pickup on time, varying places to suit our situation, went extra lengths for us to see extra","The tour guide Dhanesh from Apple Vacations is excellent, pickup on time, varying places to suit our situation, went extra lengths for us to see extra sceneries especially the Nine Arch Bridge. He is very responsible and takes care of us very well, really appreciate!",https://cdn.tourradar.com/s3/review/original/461696_699d7ce5bf275.jpg,,,false,https://www.tourradar.com/t/248647,
461696,The Ultimate Sri Lankan Adventure,Ella,Zheng  Ge ,"https://images.unsplash.com/photo-1472099645785-5658abf4ff4e?w=1
  50&h=150&fit=crop",5,2026-02-24,"The tour guide Dhanesh from Apple Vacations is excellent, pickup on time, varying places to suit our situation, went extra lengths for us to see extra","The tour guide Dhanesh from Apple Vacations is excellent, pickup on time, varying places to suit our situation, went extra lengths for us to see extra sceneries especially the Nine Arch Bridge. He is very responsible and takes care of us very well, really appreciate!",https://cdn.tourradar.com/s3/review/original/461696_699d7ce5bf279.jpg,,,false,https://www.tourradar.com/t/248647,
461696,The Ultimate Sri Lankan Adventure,Kandy,Zheng  Ge ,"https://images.unsplash.com/photo-1472099645785-5658abf4ff4e?w=1
  50&h=150&fit=crop",5,2026-02-24,"The tour guide Dhanesh from Apple Vacations is excellent, pickup on time, varying places to suit our situation, went extra lengths for us to see extra","The tour guide Dhanesh from Apple Vacations is excellent, pickup on time, varying places to suit our situation, went extra lengths for us to see extra sceneries especially the Nine Arch Bridge. He is very responsible and takes care of us very well, really appreciate!",https://cdn.tourradar.com/s3/review/original/461696_699d7ce5bf27a.jpg,,,false,https://www.tourradar.com/t/248647,
461684,Italy : Cities and Lakes W/top sightseeing & train rides 4 Star,,Paul Resnick,"https://images.unsplash.com/photo-1472099645785-5658abf4ff4e?w=1
  50&h=150&fit=crop",5,2026-02-24,"This was my first experience with Wanderful Holidays
This was my first experience with Wanderful holidays and I would highly recommend them when plan","This was my first experience with Wanderful Holidays
This was my first experience with Wanderful holidays and I would highly recommend them when planning vacations. We took a 10 day tour starting in Milan, then on to Lake Como, Venice, Murano, Florence, Pisa, and Rome. We did add just about all the optional excursions and I think it enhanced the experience significantly. All were top notch except for one(Lake Como), which I shared with my contact. I expect they will likely improve that experience in the future. They did a great job of staying in contact on What’s app and even arranged for alternative transportation when our arrival flight was delayed.",https://cdn.tourradar.com/s3/review/original/461684_699d63513b77e.jpg,,,false,https://www.tourradar.com/t/242348,
461684,Italy : Cities and Lakes W/top sightseeing & train rides 4 Star,,Paul Resnick,"https://images.unsplash.com/photo-1472099645785-5658abf4ff4e?w=1
  50&h=150&fit=crop",5,2026-02-24,"This was my first experience with Wanderful Holidays
This was my first experience with Wanderful holidays and I would highly recommend them when plan","This was my first experience with Wanderful Holidays
This was my first experience with Wanderful holidays and I would highly recommend them when planning vacations. We took a 10 day tour starting in Milan, then on to Lake Como, Venice, Murano, Florence, Pisa, and Rome. We did add just about all the optional excursions and I think it enhanced the experience significantly. All were top notch except for one(Lake Como), which I shared with my contact. I expect they will likely improve that experience in the future. They did a great job of staying in contact on What’s app and even arranged for alternative transportation when our arrival flight was delayed.",https://cdn.tourradar.com/s3/review/original/461684_699d63513b783.jpg,,,false,https://www.tourradar.com/t/242348,
461684,Italy : Cities and Lakes W/top sightseeing & train rides 4 Star,,Paul Resnick,"https://images.unsplash.com/photo-1472099645785-5658abf4ff4e?w=1
  50&h=150&fit=crop",5,2026-02-24,"This was my first experience with Wanderful Holidays
This was my first experience with Wanderful holidays and I would highly recommend them when plan","This was my first experience with Wanderful Holidays
This was my first experience with Wanderful holidays and I would highly recommend them when planning vacations. We took a 10 day tour starting in Milan, then on to Lake Como, Venice, Murano, Florence, Pisa, and Rome. We did add just about all the optional excursions and I think it enhanced the experience significantly. All were top notch except for one(Lake Como), which I shared with my contact. I expect they will likely improve that experience in the future. They did a great job of staying in contact on What’s app and even arranged for alternative transportation when our arrival flight was delayed.",https://cdn.tourradar.com/s3/review/original/461684_699d63513b785.jpg,,,false,https://www.tourradar.com/t/242348,
461684,Italy : Cities and Lakes W/top sightseeing & train rides 4 Star,,Paul Resnick,"https://images.unsplash.com/photo-1472099645785-5658abf4ff4e?w=1
  50&h=150&fit=crop",5,2026-02-24,"This was my first experience with Wanderful Holidays
This was my first experience with Wanderful holidays and I would highly recommend them when plan","This was my first experience with Wanderful Holidays
This was my first experience with Wanderful holidays and I would highly recommend them when planning vacations. We took a 10 day tour starting in Milan, then on to Lake Como, Venice, Murano, Florence, Pisa, and Rome. We did add just about all the optional excursions and I think it enhanced the experience significantly. All were top notch except for one(Lake Como), which I shared with my contact. I expect they will likely improve that experience in the future. They did a great job of staying in contact on What’s app and even arranged for alternative transportation when our arrival flight was delayed.",https://cdn.tourradar.com/s3/review/original/461684_699d63513b786.jpg,,,false,https://www.tourradar.com/t/242348,
461647,Taj Mahal and Wildlife with Royal Stay at Castles,Sardargarh,MICHAEL MAIDEN,"https://images.unsplash.com/photo-1472099645785-5658abf4ff4e?w=1
  50&h=150&fit=crop",5,2026-02-23,I was so happy and blessed to have Vishnu Singh Shekhawat as my driver through Swastik India Journeys on their Taj Mahal  Wildlife with Royal Stay at ,"I was so happy and blessed to have Vishnu Singh Shekhawat as my driver through Swastik India Journeys on their Taj Mahal  Wildlife with Royal Stay at Castles tour in February of 2026. He did an awesome job of taking care of the many details of the itinerary, communicating and arranging with the many local guides and getting us safely through all of the stops. Plus he shared many details about local culture with a history of India too along the way. We bonded very quickly and enjoyed our time together on the trip. I was a bit worried before the trip as it was to be just me and the guide, but I had the Best driver/guide that I could have had. Thanks much to Vishnu for guiding me safely through my first visit to India and for making it much fun! These are memories that I will enjoy and share for years to come. I highly recommend this tour as it is an excellent experience including, and beyond, the Golden Triangle at a very reasonable price, And I would suggest to request Vishnu as your driver.",https://cdn.tourradar.com/s3/review/original/461647_699cc4c80c5ca.jpg,,,false,https://www.tourradar.com/t/91447,
461647,Taj Mahal and Wildlife with Royal Stay at Castles,Jodhpur,MICHAEL MAIDEN,"https://images.unsplash.com/photo-1472099645785-5658abf4ff4e?w=1
  50&h=150&fit=crop",5,2026-02-23,I was so happy and blessed to have Vishnu Singh Shekhawat as my driver through Swastik India Journeys on their Taj Mahal  Wildlife with Royal Stay at ,"I was so happy and blessed to have Vishnu Singh Shekhawat as my driver through Swastik India Journeys on their Taj Mahal  Wildlife with Royal Stay at Castles tour in February of 2026. He did an awesome job of taking care of the many details of the itinerary, communicating and arranging with the many local guides and getting us safely through all of the stops. Plus he shared many details about local culture with a history of India too along the way. We bonded very quickly and enjoyed our time together on the trip. I was a bit worried before the trip as it was to be just me and the guide, but I had the Best driver/guide that I could have had. Thanks much to Vishnu for guiding me safely through my first visit to India and for making it much fun! These are memories that I will enjoy and share for years to come. I highly recommend this tour as it is an excellent experience including, and beyond, the Golden Triangle at a very reasonable price, And I would suggest to request Vishnu as your driver.",https://cdn.tourradar.com/s3/review/original/461647_699cc4c80c5ce.jpg,,,false,https://www.tourradar.com/t/91447,
461647,Taj Mahal and Wildlife with Royal Stay at Castles,Udaipur,MICHAEL MAIDEN,"https://images.unsplash.com/photo-1472099645785-5658abf4ff4e?w=1
  50&h=150&fit=crop",5,2026-02-23,I was so happy and blessed to have Vishnu Singh Shekhawat as my driver through Swastik India Journeys on their Taj Mahal  Wildlife with Royal Stay at ,"I was so happy and blessed to have Vishnu Singh Shekhawat as my driver through Swastik India Journeys on their Taj Mahal  Wildlife with Royal Stay at Castles tour in February of 2026. He did an awesome job of taking care of the many details of the itinerary, communicating and arranging with the many local guides and getting us safely through all of the stops. Plus he shared many details about local culture with a history of India too along the way. We bonded very quickly and enjoyed our time together on the trip. I was a bit worried before the trip as it was to be just me and the guide, but I had the Best driver/guide that I could have had. Thanks much to Vishnu for guiding me safely through my first visit to India and for making it much fun! These are memories that I will enjoy and share for years to come. I highly recommend this tour as it is an excellent experience including, and beyond, the Golden Triangle at a very reasonable price, And I would suggest to request Vishnu as your driver.",https://cdn.tourradar.com/s3/review/original/461647_699cc4c80c5cf.jpg,,,false,https://www.tourradar.com/t/91447,
461647,Taj Mahal and Wildlife with Royal Stay at Castles,Agra,MICHAEL MAIDEN,"https://images.unsplash.com/photo-1472099645785-5658abf4ff4e?w=1
  50&h=150&fit=crop",5,2026-02-23,I was so happy and blessed to have Vishnu Singh Shekhawat as my driver through Swastik India Journeys on their Taj Mahal  Wildlife with Royal Stay at ,"I was so happy and blessed to have Vishnu Singh Shekhawat as my driver through Swastik India Journeys on their Taj Mahal  Wildlife with Royal Stay at Castles tour in February of 2026. He did an awesome job of taking care of the many details of the itinerary, communicating and arranging with the many local guides and getting us safely through all of the stops. Plus he shared many details about local culture with a history of India too along the way. We bonded very quickly and enjoyed our time together on the trip. I was a bit worried before the trip as it was to be just me and the guide, but I had the Best driver/guide that I could have had. Thanks much to Vishnu for guiding me safely through my first visit to India and for making it much fun! These are memories that I will enjoy and share for years to come. I highly recommend this tour as it is an excellent experience including, and beyond, the Golden Triangle at a very reasonable price, And I would suggest to request Vishnu as your driver.",https://cdn.tourradar.com/s3/review/original/461647_699cc4c80c5d0.jpg,,,false,https://www.tourradar.com/t/91447,
461647,Taj Mahal and Wildlife with Royal Stay at Castles,Jodhpur,MICHAEL MAIDEN,"https://images.unsplash.com/photo-1472099645785-5658abf4ff4e?w=1
  50&h=150&fit=crop",5,2026-02-23,I was so happy and blessed to have Vishnu Singh Shekhawat as my driver through Swastik India Journeys on their Taj Mahal  Wildlife with Royal Stay at ,"I was so happy and blessed to have Vishnu Singh Shekhawat as my driver through Swastik India Journeys on their Taj Mahal  Wildlife with Royal Stay at Castles tour in February of 2026. He did an awesome job of taking care of the many details of the itinerary, communicating and arranging with the many local guides and getting us safely through all of the stops. Plus he shared many details about local culture with a history of India too along the way. We bonded very quickly and enjoyed our time together on the trip. I was a bit worried before the trip as it was to be just me and the guide, but I had the Best driver/guide that I could have had. Thanks much to Vishnu for guiding me safely through my first visit to India and for making it much fun! These are memories that I will enjoy and share for years to come. I highly recommend this tour as it is an excellent experience including, and beyond, the Golden Triangle at a very reasonable price, And I would suggest to request Vishnu as your driver.",https://cdn.tourradar.com/s3/review/original/461647_699cc4c80c5d1.jpg,,,false,https://www.tourradar.com/t/91447,
461647,Taj Mahal and Wildlife with Royal Stay at Castles,Jaipur,MICHAEL MAIDEN,"https://images.unsplash.com/photo-1472099645785-5658abf4ff4e?w=1
  50&h=150&fit=crop",5,2026-02-23,I was so happy and blessed to have Vishnu Singh Shekhawat as my driver through Swastik India Journeys on their Taj Mahal  Wildlife with Royal Stay at ,"I was so happy and blessed to have Vishnu Singh Shekhawat as my driver through Swastik India Journeys on their Taj Mahal  Wildlife with Royal Stay at Castles tour in February of 2026. He did an awesome job of taking care of the many details of the itinerary, communicating and arranging with the many local guides and getting us safely through all of the stops. Plus he shared many details about local culture with a history of India too along the way. We bonded very quickly and enjoyed our time together on the trip. I was a bit worried before the trip as it was to be just me and the guide, but I had the Best driver/guide that I could have had. Thanks much to Vishnu for guiding me safely through my first visit to India and for making it much fun! These are memories that I will enjoy and share for years to come. I highly recommend this tour as it is an excellent experience including, and beyond, the Golden Triangle at a very reasonable price, And I would suggest to request Vishnu as your driver.",https://cdn.tourradar.com/s3/review/original/461647_699cc4c80c5d2.jpg,,,false,https://www.tourradar.com/t/91447,
461647,Taj Mahal and Wildlife with Royal Stay at Castles,Udaipur,MICHAEL MAIDEN,"https://images.unsplash.com/photo-1472099645785-5658abf4ff4e?w=1
  50&h=150&fit=crop",5,2026-02-23,I was so happy and blessed to have Vishnu Singh Shekhawat as my driver through Swastik India Journeys on their Taj Mahal  Wildlife with Royal Stay at ,"I was so happy and blessed to have Vishnu Singh Shekhawat as my driver through Swastik India Journeys on their Taj Mahal  Wildlife with Royal Stay at Castles tour in February of 2026. He did an awesome job of taking care of the many details of the itinerary, communicating and arranging with the many local guides and getting us safely through all of the stops. Plus he shared many details about local culture with a history of India too along the way. We bonded very quickly and enjoyed our time together on the trip. I was a bit worried before the trip as it was to be just me and the guide, but I had the Best driver/guide that I could have had. Thanks much to Vishnu for guiding me safely through my first visit to India and for making it much fun! These are memories that I will enjoy and share for years to come. I highly recommend this tour as it is an excellent experience including, and beyond, the Golden Triangle at a very reasonable price, And I would suggest to request Vishnu as your driver.",https://cdn.tourradar.com/s3/review/original/461647_699cc4c80c5d3.jpg,,,false,https://www.tourradar.com/t/91447,
461647,Taj Mahal and Wildlife with Royal Stay at Castles,Jodhpur,MICHAEL MAIDEN,"https://images.unsplash.com/photo-1472099645785-5658abf4ff4e?w=1
  50&h=150&fit=crop",5,2026-02-23,I was so happy and blessed to have Vishnu Singh Shekhawat as my driver through Swastik India Journeys on their Taj Mahal  Wildlife with Royal Stay at ,"I was so happy and blessed to have Vishnu Singh Shekhawat as my driver through Swastik India Journeys on their Taj Mahal  Wildlife with Royal Stay at Castles tour in February of 2026. He did an awesome job of taking care of the many details of the itinerary, communicating and arranging with the many local guides and getting us safely through all of the stops. Plus he shared many details about local culture with a history of India too along the way. We bonded very quickly and enjoyed our time together on the trip. I was a bit worried before the trip as it was to be just me and the guide, but I had the Best driver/guide that I could have had. Thanks much to Vishnu for guiding me safely through my first visit to India and for making it much fun! These are memories that I will enjoy and share for years to come. I highly recommend this tour as it is an excellent experience including, and beyond, the Golden Triangle at a very reasonable price, And I would suggest to request Vishnu as your driver.",https://cdn.tourradar.com/s3/review/original/461647_699cc4c80c5d4.jpg,,,false,https://www.tourradar.com/t/91447,
461647,Taj Mahal and Wildlife with Royal Stay at Castles,New Delhi,MICHAEL MAIDEN,"https://images.unsplash.com/photo-1472099645785-5658abf4ff4e?w=1
  50&h=150&fit=crop",5,2026-02-23,I was so happy and blessed to have Vishnu Singh Shekhawat as my driver through Swastik India Journeys on their Taj Mahal  Wildlife with Royal Stay at ,"I was so happy and blessed to have Vishnu Singh Shekhawat as my driver through Swastik India Journeys on their Taj Mahal  Wildlife with Royal Stay at Castles tour in February of 2026. He did an awesome job of taking care of the many details of the itinerary, communicating and arranging with the many local guides and getting us safely through all of the stops. Plus he shared many details about local culture with a history of India too along the way. We bonded very quickly and enjoyed our time together on the trip. I was a bit worried before the trip as it was to be just me and the guide, but I had the Best driver/guide that I could have had. Thanks much to Vishnu for guiding me safely through my first visit to India and for making it much fun! These are memories that I will enjoy and share for years to come. I highly recommend this tour as it is an excellent experience including, and beyond, the Golden Triangle at a very reasonable price, And I would suggest to request Vishnu as your driver.",https://cdn.tourradar.com/s3/review/original/461647_699cc4c80c5d5.jpg,,,false,https://www.tourradar.com/t/91447,
461647,Taj Mahal and Wildlife with Royal Stay at Castles,Agra,MICHAEL MAIDEN,"https://images.unsplash.com/photo-1472099645785-5658abf4ff4e?w=1
  50&h=150&fit=crop",5,2026-02-23,I was so happy and blessed to have Vishnu Singh Shekhawat as my driver through Swastik India Journeys on their Taj Mahal  Wildlife with Royal Stay at ,"I was so happy and blessed to have Vishnu Singh Shekhawat as my driver through Swastik India Journeys on their Taj Mahal  Wildlife with Royal Stay at Castles tour in February of 2026. He did an awesome job of taking care of the many details of the itinerary, communicating and arranging with the many local guides and getting us safely through all of the stops. Plus he shared many details about local culture with a history of India too along the way. We bonded very quickly and enjoyed our time together on the trip. I was a bit worried before the trip as it was to be just me and the guide, but I had the Best driver/guide that I could have had. Thanks much to Vishnu for guiding me safely through my first visit to India and for making it much fun! These are memories that I will enjoy and share for years to come. I highly recommend this tour as it is an excellent experience including, and beyond, the Golden Triangle at a very reasonable price, And I would suggest to request Vishnu as your driver.",https://cdn.tourradar.com/s3/review/original/461647_699cc4c80c5d6.jpg,,,false,https://www.tourradar.com/t/91447,
461647,Taj Mahal and Wildlife with Royal Stay at Castles,Sardargarh,MICHAEL MAIDEN,"https://images.unsplash.com/photo-1472099645785-5658abf4ff4e?w=1
  50&h=150&fit=crop",5,2026-02-23,I was so happy and blessed to have Vishnu Singh Shekhawat as my driver through Swastik India Journeys on their Taj Mahal  Wildlife with Royal Stay at ,"I was so happy and blessed to have Vishnu Singh Shekhawat as my driver through Swastik India Journeys on their Taj Mahal  Wildlife with Royal Stay at Castles tour in February of 2026. He did an awesome job of taking care of the many details of the itinerary, communicating and arranging with the many local guides and getting us safely through all of the stops. Plus he shared many details about local culture with a history of India too along the way. We bonded very quickly and enjoyed our time together on the trip. I was a bit worried before the trip as it was to be just me and the guide, but I had the Best driver/guide that I could have had. Thanks much to Vishnu for guiding me safely through my first visit to India and for making it much fun! These are memories that I will enjoy and share for years to come. I highly recommend this tour as it is an excellent experience including, and beyond, the Golden Triangle at a very reasonable price, And I would suggest to request Vishnu as your driver.",https://cdn.tourradar.com/s3/review/original/461647_699cc52765fa6.jpg,,,false,https://www.tourradar.com/t/91447,
461647,Taj Mahal and Wildlife with Royal Stay at Castles,Jodhpur,MICHAEL MAIDEN,"https://images.unsplash.com/photo-1472099645785-5658abf4ff4e?w=1
  50&h=150&fit=crop",5,2026-02-23,I was so happy and blessed to have Vishnu Singh Shekhawat as my driver through Swastik India Journeys on their Taj Mahal  Wildlife with Royal Stay at ,"I was so happy and blessed to have Vishnu Singh Shekhawat as my driver through Swastik India Journeys on their Taj Mahal  Wildlife with Royal Stay at Castles tour in February of 2026. He did an awesome job of taking care of the many details of the itinerary, communicating and arranging with the many local guides and getting us safely through all of the stops. Plus he shared many details about local culture with a history of India too along the way. We bonded very quickly and enjoyed our time together on the trip. I was a bit worried before the trip as it was to be just me and the guide, but I had the Best driver/guide that I could have had. Thanks much to Vishnu for guiding me safely through my first visit to India and for making it much fun! These are memories that I will enjoy and share for years to come. I highly recommend this tour as it is an excellent experience including, and beyond, the Golden Triangle at a very reasonable price, And I would suggest to request Vishnu as your driver.",https://cdn.tourradar.com/s3/review/original/461647_699cc52765fab.jpg,,,false,https://www.tourradar.com/t/91447,
461647,Taj Mahal and Wildlife with Royal Stay at Castles,Udaipur,MICHAEL MAIDEN,"https://images.unsplash.com/photo-1472099645785-5658abf4ff4e?w=1
  50&h=150&fit=crop",5,2026-02-23,I was so happy and blessed to have Vishnu Singh Shekhawat as my driver through Swastik India Journeys on their Taj Mahal  Wildlife with Royal Stay at ,"I was so happy and blessed to have Vishnu Singh Shekhawat as my driver through Swastik India Journeys on their Taj Mahal  Wildlife with Royal Stay at Castles tour in February of 2026. He did an awesome job of taking care of the many details of the itinerary, communicating and arranging with the many local guides and getting us safely through all of the stops. Plus he shared many details about local culture with a history of India too along the way. We bonded very quickly and enjoyed our time together on the trip. I was a bit worried before the trip as it was to be just me and the guide, but I had the Best driver/guide that I could have had. Thanks much to Vishnu for guiding me safely through my first visit to India and for making it much fun! These are memories that I will enjoy and share for years to come. I highly recommend this tour as it is an excellent experience including, and beyond, the Golden Triangle at a very reasonable price, And I would suggest to request Vishnu as your driver.",https://cdn.tourradar.com/s3/review/original/461647_699cc52765fac.jpg,,,false,https://www.tourradar.com/t/91447,
461647,Taj Mahal and Wildlife with Royal Stay at Castles,Agra,MICHAEL MAIDEN,"https://images.unsplash.com/photo-1472099645785-5658abf4ff4e?w=1
  50&h=150&fit=crop",5,2026-02-23,I was so happy and blessed to have Vishnu Singh Shekhawat as my driver through Swastik India Journeys on their Taj Mahal  Wildlife with Royal Stay at ,"I was so happy and blessed to have Vishnu Singh Shekhawat as my driver through Swastik India Journeys on their Taj Mahal  Wildlife with Royal Stay at Castles tour in February of 2026. He did an awesome job of taking care of the many details of the itinerary, communicating and arranging with the many local guides and getting us safely through all of the stops. Plus he shared many details about local culture with a history of India too along the way. We bonded very quickly and enjoyed our time together on the trip. I was a bit worried before the trip as it was to be just me and the guide, but I had the Best driver/guide that I could have had. Thanks much to Vishnu for guiding me safely through my first visit to India and for making it much fun! These are memories that I will enjoy and share for years to come. I highly recommend this tour as it is an excellent experience including, and beyond, the Golden Triangle at a very reasonable price, And I would suggest to request Vishnu as your driver.",https://cdn.tourradar.com/s3/review/original/461647_699cc52765fad.jpg,,,false,https://www.tourradar.com/t/91447,
461647,Taj Mahal and Wildlife with Royal Stay at Castles,Jodhpur,MICHAEL MAIDEN,"https://images.unsplash.com/photo-1472099645785-5658abf4ff4e?w=1
  50&h=150&fit=crop",5,2026-02-23,I was so happy and blessed to have Vishnu Singh Shekhawat as my driver through Swastik India Journeys on their Taj Mahal  Wildlife with Royal Stay at ,"I was so happy and blessed to have Vishnu Singh Shekhawat as my driver through Swastik India Journeys on their Taj Mahal  Wildlife with Royal Stay at Castles tour in February of 2026. He did an awesome job of taking care of the many details of the itinerary, communicating and arranging with the many local guides and getting us safely through all of the stops. Plus he shared many details about local culture with a history of India too along the way. We bonded very quickly and enjoyed our time together on the trip. I was a bit worried before the trip as it was to be just me and the guide, but I had the Best driver/guide that I could have had. Thanks much to Vishnu for guiding me safely through my first visit to India and for making it much fun! These are memories that I will enjoy and share for years to come. I highly recommend this tour as it is an excellent experience including, and beyond, the Golden Triangle at a very reasonable price, And I would suggest to request Vishnu as your driver.",https://cdn.tourradar.com/s3/review/original/461647_699cc52765fae.jpg,,,false,https://www.tourradar.com/t/91447,
461647,Taj Mahal and Wildlife with Royal Stay at Castles,Jaipur,MICHAEL MAIDEN,"https://images.unsplash.com/photo-1472099645785-5658abf4ff4e?w=1
  50&h=150&fit=crop",5,2026-02-23,I was so happy and blessed to have Vishnu Singh Shekhawat as my driver through Swastik India Journeys on their Taj Mahal  Wildlife with Royal Stay at ,"I was so happy and blessed to have Vishnu Singh Shekhawat as my driver through Swastik India Journeys on their Taj Mahal  Wildlife with Royal Stay at Castles tour in February of 2026. He did an awesome job of taking care of the many details of the itinerary, communicating and arranging with the many local guides and getting us safely through all of the stops. Plus he shared many details about local culture with a history of India too along the way. We bonded very quickly and enjoyed our time together on the trip. I was a bit worried before the trip as it was to be just me and the guide, but I had the Best driver/guide that I could have had. Thanks much to Vishnu for guiding me safely through my first visit to India and for making it much fun! These are memories that I will enjoy and share for years to come. I highly recommend this tour as it is an excellent experience including, and beyond, the Golden Triangle at a very reasonable price, And I would suggest to request Vishnu as your driver.",https://cdn.tourradar.com/s3/review/original/461647_699cc52765faf.jpg,,,false,https://www.tourradar.com/t/91447,
461647,Taj Mahal and Wildlife with Royal Stay at Castles,Udaipur,MICHAEL MAIDEN,"https://images.unsplash.com/photo-1472099645785-5658abf4ff4e?w=1
  50&h=150&fit=crop",5,2026-02-23,I was so happy and blessed to have Vishnu Singh Shekhawat as my driver through Swastik India Journeys on their Taj Mahal  Wildlife with Royal Stay at ,"I was so happy and blessed to have Vishnu Singh Shekhawat as my driver through Swastik India Journeys on their Taj Mahal  Wildlife with Royal Stay at Castles tour in February of 2026. He did an awesome job of taking care of the many details of the itinerary, communicating and arranging with the many local guides and getting us safely through all of the stops. Plus he shared many details about local culture with a history of India too along the way. We bonded very quickly and enjoyed our time together on the trip. I was a bit worried before the trip as it was to be just me and the guide, but I had the Best driver/guide that I could have had. Thanks much to Vishnu for guiding me safely through my first visit to India and for making it much fun! These are memories that I will enjoy and share for years to come. I highly recommend this tour as it is an excellent experience including, and beyond, the Golden Triangle at a very reasonable price, And I would suggest to request Vishnu as your driver.",https://cdn.tourradar.com/s3/review/original/461647_699cc52765fb0.jpg,,,false,https://www.tourradar.com/t/91447,
461647,Taj Mahal and Wildlife with Royal Stay at Castles,Jodhpur,MICHAEL MAIDEN,"https://images.unsplash.com/photo-1472099645785-5658abf4ff4e?w=1
  50&h=150&fit=crop",5,2026-02-23,I was so happy and blessed to have Vishnu Singh Shekhawat as my driver through Swastik India Journeys on their Taj Mahal  Wildlife with Royal Stay at ,"I was so happy and blessed to have Vishnu Singh Shekhawat as my driver through Swastik India Journeys on their Taj Mahal  Wildlife with Royal Stay at Castles tour in February of 2026. He did an awesome job of taking care of the many details of the itinerary, communicating and arranging with the many local guides and getting us safely through all of the stops. Plus he shared many details about local culture with a history of India too along the way. We bonded very quickly and enjoyed our time together on the trip. I was a bit worried before the trip as it was to be just me and the guide, but I had the Best driver/guide that I could have had. Thanks much to Vishnu for guiding me safely through my first visit to India and for making it much fun! These are memories that I will enjoy and share for years to come. I highly recommend this tour as it is an excellent experience including, and beyond, the Golden Triangle at a very reasonable price, And I would suggest to request Vishnu as your driver.",https://cdn.tourradar.com/s3/review/original/461647_699cc52765fb1.jpg,,,false,https://www.tourradar.com/t/91447,
461647,Taj Mahal and Wildlife with Royal Stay at Castles,New Delhi,MICHAEL MAIDEN,"https://images.unsplash.com/photo-1472099645785-5658abf4ff4e?w=1
  50&h=150&fit=crop",5,2026-02-23,I was so happy and blessed to have Vishnu Singh Shekhawat as my driver through Swastik India Journeys on their Taj Mahal  Wildlife with Royal Stay at ,"I was so happy and blessed to have Vishnu Singh Shekhawat as my driver through Swastik India Journeys on their Taj Mahal  Wildlife with Royal Stay at Castles tour in February of 2026. He did an awesome job of taking care of the many details of the itinerary, communicating and arranging with the many local guides and getting us safely through all of the stops. Plus he shared many details about local culture with a history of India too along the way. We bonded very quickly and enjoyed our time together on the trip. I was a bit worried before the trip as it was to be just me and the guide, but I had the Best driver/guide that I could have had. Thanks much to Vishnu for guiding me safely through my first visit to India and for making it much fun! These are memories that I will enjoy and share for years to come. I highly recommend this tour as it is an excellent experience including, and beyond, the Golden Triangle at a very reasonable price, And I would suggest to request Vishnu as your driver.",https://cdn.tourradar.com/s3/review/original/461647_699cc52765fb2.jpg,,,false,https://www.tourradar.com/t/91447,
461647,Taj Mahal and Wildlife with Royal Stay at Castles,Agra,MICHAEL MAIDEN,"https://images.unsplash.com/photo-1472099645785-5658abf4ff4e?w=1
  50&h=150&fit=crop",5,2026-02-23,I was so happy and blessed to have Vishnu Singh Shekhawat as my driver through Swastik India Journeys on their Taj Mahal  Wildlife with Royal Stay at ,"I was so happy and blessed to have Vishnu Singh Shekhawat as my driver through Swastik India Journeys on their Taj Mahal  Wildlife with Royal Stay at Castles tour in February of 2026. He did an awesome job of taking care of the many details of the itinerary, communicating and arranging with the many local guides and getting us safely through all of the stops. Plus he shared many details about local culture with a history of India too along the way. We bonded very quickly and enjoyed our time together on the trip. I was a bit worried before the trip as it was to be just me and the guide, but I had the Best driver/guide that I could have had. Thanks much to Vishnu for guiding me safely through my first visit to India and for making it much fun! These are memories that I will enjoy and share for years to come. I highly recommend this tour as it is an excellent experience including, and beyond, the Golden Triangle at a very reasonable price, And I would suggest to request Vishnu as your driver.",https://cdn.tourradar.com/s3/review/original/461647_699cc52765fb3.jpg,,,false,https://www.tourradar.com/t/91447,
461647,Taj Mahal and Wildlife with Royal Stay at Castles,Sardargarh,MICHAEL MAIDEN,"https://images.unsplash.com/photo-1472099645785-5658abf4ff4e?w=1
  50&h=150&fit=crop",5,2026-02-23,I was so happy and blessed to have Vishnu Singh Shekhawat as my driver through Swastik India Journeys on their Taj Mahal  Wildlife with Royal Stay at ,"I was so happy and blessed to have Vishnu Singh Shekhawat as my driver through Swastik India Journeys on their Taj Mahal  Wildlife with Royal Stay at Castles tour in February of 2026. He did an awesome job of taking care of the many details of the itinerary, communicating and arranging with the many local guides and getting us safely through all of the stops. Plus he shared many details about local culture with a history of India too along the way. We bonded very quickly and enjoyed our time together on the trip. I was a bit worried before the trip as it was to be just me and the guide, but I had the Best driver/guide that I could have had. Thanks much to Vishnu for guiding me safely through my first visit to India and for making it much fun! These are memories that I will enjoy and share for years to come. I highly recommend this tour as it is an excellent experience including, and beyond, the Golden Triangle at a very reasonable price, And I would suggest to request Vishnu as your driver.",https://cdn.tourradar.com/s3/review/original/461647_699cc534b37d8.jpg,,,false,https://www.tourradar.com/t/91447,
461647,Taj Mahal and Wildlife with Royal Stay at Castles,Jodhpur,MICHAEL MAIDEN,"https://images.unsplash.com/photo-1472099645785-5658abf4ff4e?w=1
  50&h=150&fit=crop",5,2026-02-23,I was so happy and blessed to have Vishnu Singh Shekhawat as my driver through Swastik India Journeys on their Taj Mahal  Wildlife with Royal Stay at ,"I was so happy and blessed to have Vishnu Singh Shekhawat as my driver through Swastik India Journeys on their Taj Mahal  Wildlife with Royal Stay at Castles tour in February of 2026. He did an awesome job of taking care of the many details of the itinerary, communicating and arranging with the many local guides and getting us safely through all of the stops. Plus he shared many details about local culture with a history of India too along the way. We bonded very quickly and enjoyed our time together on the trip. I was a bit worried before the trip as it was to be just me and the guide, but I had the Best driver/guide that I could have had. Thanks much to Vishnu for guiding me safely through my first visit to India and for making it much fun! These are memories that I will enjoy and share for years to come. I highly recommend this tour as it is an excellent experience including, and beyond, the Golden Triangle at a very reasonable price, And I would suggest to request Vishnu as your driver.",https://cdn.tourradar.com/s3/review/original/461647_699cc534b37df.jpg,,,false,https://www.tourradar.com/t/91447,
461647,Taj Mahal and Wildlife with Royal Stay at Castles,Udaipur,MICHAEL MAIDEN,"https://images.unsplash.com/photo-1472099645785-5658abf4ff4e?w=1
  50&h=150&fit=crop",5,2026-02-23,I was so happy and blessed to have Vishnu Singh Shekhawat as my driver through Swastik India Journeys on their Taj Mahal  Wildlife with Royal Stay at ,"I was so happy and blessed to have Vishnu Singh Shekhawat as my driver through Swastik India Journeys on their Taj Mahal  Wildlife with Royal Stay at Castles tour in February of 2026. He did an awesome job of taking care of the many details of the itinerary, communicating and arranging with the many local guides and getting us safely through all of the stops. Plus he shared many details about local culture with a history of India too along the way. We bonded very quickly and enjoyed our time together on the trip. I was a bit worried before the trip as it was to be just me and the guide, but I had the Best driver/guide that I could have had. Thanks much to Vishnu for guiding me safely through my first visit to India and for making it much fun! These are memories that I will enjoy and share for years to come. I highly recommend this tour as it is an excellent experience including, and beyond, the Golden Triangle at a very reasonable price, And I would suggest to request Vishnu as your driver.",https://cdn.tourradar.com/s3/review/original/461647_699cc534b37e1.jpg,,,false,https://www.tourradar.com/t/91447,
461647,Taj Mahal and Wildlife with Royal Stay at Castles,Agra,MICHAEL MAIDEN,"https://images.unsplash.com/photo-1472099645785-5658abf4ff4e?w=1
  50&h=150&fit=crop",5,2026-02-23,I was so happy and blessed to have Vishnu Singh Shekhawat as my driver through Swastik India Journeys on their Taj Mahal  Wildlife with Royal Stay at ,"I was so happy and blessed to have Vishnu Singh Shekhawat as my driver through Swastik India Journeys on their Taj Mahal  Wildlife with Royal Stay at Castles tour in February of 2026. He did an awesome job of taking care of the many details of the itinerary, communicating and arranging with the many local guides and getting us safely through all of the stops. Plus he shared many details about local culture with a history of India too along the way. We bonded very quickly and enjoyed our time together on the trip. I was a bit worried before the trip as it was to be just me and the guide, but I had the Best driver/guide that I could have had. Thanks much to Vishnu for guiding me safely through my first visit to India and for making it much fun! These are memories that I will enjoy and share for years to come. I highly recommend this tour as it is an excellent experience including, and beyond, the Golden Triangle at a very reasonable price, And I would suggest to request Vishnu as your driver.",https://cdn.tourradar.com/s3/review/original/461647_699cc534b37e3.jpg,,,false,https://www.tourradar.com/t/91447,
461647,Taj Mahal and Wildlife with Royal Stay at Castles,Jodhpur,MICHAEL MAIDEN,"https://images.unsplash.com/photo-1472099645785-5658abf4ff4e?w=1
  50&h=150&fit=crop",5,2026-02-23,I was so happy and blessed to have Vishnu Singh Shekhawat as my driver through Swastik India Journeys on their Taj Mahal  Wildlife with Royal Stay at ,"I was so happy and blessed to have Vishnu Singh Shekhawat as my driver through Swastik India Journeys on their Taj Mahal  Wildlife with Royal Stay at Castles tour in February of 2026. He did an awesome job of taking care of the many details of the itinerary, communicating and arranging with the many local guides and getting us safely through all of the stops. Plus he shared many details about local culture with a history of India too along the way. We bonded very quickly and enjoyed our time together on the trip. I was a bit worried before the trip as it was to be just me and the guide, but I had the Best driver/guide that I could have had. Thanks much to Vishnu for guiding me safely through my first visit to India and for making it much fun! These are memories that I will enjoy and share for years to come. I highly recommend this tour as it is an excellent experience including, and beyond, the Golden Triangle at a very reasonable price, And I would suggest to request Vishnu as your driver.",https://cdn.tourradar.com/s3/review/original/461647_699cc534b37e4.jpg,,,false,https://www.tourradar.com/t/91447,
461647,Taj Mahal and Wildlife with Royal Stay at Castles,,MICHAEL MAIDEN,"https://images.unsplash.com/photo-1472099645785-5658abf4ff4e?w=1
  50&h=150&fit=crop",5,2026-02-23,I was so happy and blessed to have Vishnu Singh Shekhawat as my driver through Swastik India Journeys on their Taj Mahal  Wildlife with Royal Stay at ,"I was so happy and blessed to have Vishnu Singh Shekhawat as my driver through Swastik India Journeys on their Taj Mahal  Wildlife with Royal Stay at Castles tour in February of 2026. He did an awesome job of taking care of the many details of the itinerary, communicating and arranging with the many local guides and getting us safely through all of the stops. Plus he shared many details about local culture with a history of India too along the way. We bonded very quickly and enjoyed our time together on the trip. I was a bit worried before the trip as it was to be just me and the guide, but I had the Best driver/guide that I could have had. Thanks much to Vishnu for guiding me safely through my first visit to India and for making it much fun! These are memories that I will enjoy and share for years to come. I highly recommend this tour as it is an excellent experience including, and beyond, the Golden Triangle at a very reasonable price, And I would suggest to request Vishnu as your driver.",https://cdn.tourradar.com/s3/review/original/461647_699cc534b37e6.jpg,,,false,https://www.tourradar.com/t/91447,
461647,Taj Mahal and Wildlife with Royal Stay at Castles,,MICHAEL MAIDEN,"https://images.unsplash.com/photo-1472099645785-5658abf4ff4e?w=1
  50&h=150&fit=crop",5,2026-02-23,I was so happy and blessed to have Vishnu Singh Shekhawat as my driver through Swastik India Journeys on their Taj Mahal  Wildlife with Royal Stay at ,"I was so happy and blessed to have Vishnu Singh Shekhawat as my driver through Swastik India Journeys on their Taj Mahal  Wildlife with Royal Stay at Castles tour in February of 2026. He did an awesome job of taking care of the many details of the itinerary, communicating and arranging with the many local guides and getting us safely through all of the stops. Plus he shared many details about local culture with a history of India too along the way. We bonded very quickly and enjoyed our time together on the trip. I was a bit worried before the trip as it was to be just me and the guide, but I had the Best driver/guide that I could have had. Thanks much to Vishnu for guiding me safely through my first visit to India and for making it much fun! These are memories that I will enjoy and share for years to come. I highly recommend this tour as it is an excellent experience including, and beyond, the Golden Triangle at a very reasonable price, And I would suggest to request Vishnu as your driver.",https://cdn.tourradar.com/s3/review/original/461647_699cc534b37e7.jpg,,,false,https://www.tourradar.com/t/91447,
461647,Taj Mahal and Wildlife with Royal Stay at Castles,,MICHAEL MAIDEN,"https://images.unsplash.com/photo-1472099645785-5658abf4ff4e?w=1
  50&h=150&fit=crop",5,2026-02-23,I was so happy and blessed to have Vishnu Singh Shekhawat as my driver through Swastik India Journeys on their Taj Mahal  Wildlife with Royal Stay at ,"I was so happy and blessed to have Vishnu Singh Shekhawat as my driver through Swastik India Journeys on their Taj Mahal  Wildlife with Royal Stay at Castles tour in February of 2026. He did an awesome job of taking care of the many details of the itinerary, communicating and arranging with the many local guides and getting us safely through all of the stops. Plus he shared many details about local culture with a history of India too along the way. We bonded very quickly and enjoyed our time together on the trip. I was a bit worried before the trip as it was to be just me and the guide, but I had the Best driver/guide that I could have had. Thanks much to Vishnu for guiding me safely through my first visit to India and for making it much fun! These are memories that I will enjoy and share for years to come. I highly recommend this tour as it is an excellent experience including, and beyond, the Golden Triangle at a very reasonable price, And I would suggest to request Vishnu as your driver.",https://cdn.tourradar.com/s3/review/original/461647_699cc534b37e9.jpg,,,false,https://www.tourradar.com/t/91447,
461647,Taj Mahal and Wildlife with Royal Stay at Castles,New Delhi,MICHAEL MAIDEN,"https://images.unsplash.com/photo-1472099645785-5658abf4ff4e?w=1
  50&h=150&fit=crop",5,2026-02-23,I was so happy and blessed to have Vishnu Singh Shekhawat as my driver through Swastik India Journeys on their Taj Mahal  Wildlife with Royal Stay at ,"I was so happy and blessed to have Vishnu Singh Shekhawat as my driver through Swastik India Journeys on their Taj Mahal  Wildlife with Royal Stay at Castles tour in February of 2026. He did an awesome job of taking care of the many details of the itinerary, communicating and arranging with the many local guides and getting us safely through all of the stops. Plus he shared many details about local culture with a history of India too along the way. We bonded very quickly and enjoyed our time together on the trip. I was a bit worried before the trip as it was to be just me and the guide, but I had the Best driver/guide that I could have had. Thanks much to Vishnu for guiding me safely through my first visit to India and for making it much fun! These are memories that I will enjoy and share for years to come. I highly recommend this tour as it is an excellent experience including, and beyond, the Golden Triangle at a very reasonable price, And I would suggest to request Vishnu as your driver.",https://cdn.tourradar.com/s3/review/original/461647_699cc534b37ea.jpg,,,false,https://www.tourradar.com/t/91447,
461647,Taj Mahal and Wildlife with Royal Stay at Castles,,MICHAEL MAIDEN,"https://images.unsplash.com/photo-1472099645785-5658abf4ff4e?w=1
  50&h=150&fit=crop",5,2026-02-23,I was so happy and blessed to have Vishnu Singh Shekhawat as my driver through Swastik India Journeys on their Taj Mahal  Wildlife with Royal Stay at ,"I was so happy and blessed to have Vishnu Singh Shekhawat as my driver through Swastik India Journeys on their Taj Mahal  Wildlife with Royal Stay at Castles tour in February of 2026. He did an awesome job of taking care of the many details of the itinerary, communicating and arranging with the many local guides and getting us safely through all of the stops. Plus he shared many details about local culture with a history of India too along the way. We bonded very quickly and enjoyed our time together on the trip. I was a bit worried before the trip as it was to be just me and the guide, but I had the Best driver/guide that I could have had. Thanks much to Vishnu for guiding me safely through my first visit to India and for making it much fun! These are memories that I will enjoy and share for years to come. I highly recommend this tour as it is an excellent experience including, and beyond, the Golden Triangle at a very reasonable price, And I would suggest to request Vishnu as your driver.",https://cdn.tourradar.com/s3/review/original/461647_699cc534b37eb.jpg,,,false,https://www.tourradar.com/t/91447,
461498,West Philippines Classic 10 Day - One Life Adventures,Palawan,Charlotte  McL ,"https://images.unsplash.com/photo-1472099645785-5658abf4ff4e?w=1
  50&h=150&fit=crop",5,2026-02-23,"This tour was a fantastic educational experience. Our tour guide Sheena, radiated positive vibes and brought a wealth of knowledge about Philippine hi","This tour was a fantastic educational experience. Our tour guide Sheena, radiated positive vibes and brought a wealth of knowledge about Philippine history. Sheena made the trip run so smoothly and happily answered any questions we had. The tour was filled with the right amount of exploring, island hopping, relaxation and cultural activities.",https://cdn.tourradar.com/s3/review/original/461498_699c5af50a946.jpg,,,false,https://www.tourradar.com/t/85982,
461498,West Philippines Classic 10 Day - One Life Adventures,El Nido,Charlotte  McL ,"https://images.unsplash.com/photo-1472099645785-5658abf4ff4e?w=1
  50&h=150&fit=crop",5,2026-02-23,"This tour was a fantastic educational experience. Our tour guide Sheena, radiated positive vibes and brought a wealth of knowledge about Philippine hi","This tour was a fantastic educational experience. Our tour guide Sheena, radiated positive vibes and brought a wealth of knowledge about Philippine history. Sheena made the trip run so smoothly and happily answered any questions we had. The tour was filled with the right amount of exploring, island hopping, relaxation and cultural activities.",https://cdn.tourradar.com/s3/review/original/461498_699c5af50a949.jpg,,,false,https://www.tourradar.com/t/85982,
461498,West Philippines Classic 10 Day - One Life Adventures,Manila,Charlotte  McL ,"https://images.unsplash.com/photo-1472099645785-5658abf4ff4e?w=1
  50&h=150&fit=crop",5,2026-02-23,"This tour was a fantastic educational experience. Our tour guide Sheena, radiated positive vibes and brought a wealth of knowledge about Philippine hi","This tour was a fantastic educational experience. Our tour guide Sheena, radiated positive vibes and brought a wealth of knowledge about Philippine history. Sheena made the trip run so smoothly and happily answered any questions we had. The tour was filled with the right amount of exploring, island hopping, relaxation and cultural activities.",https://cdn.tourradar.com/s3/review/original/461498_699c5af50a94b.jpg,,,false,https://www.tourradar.com/t/85982,
461498,West Philippines Classic 10 Day - One Life Adventures,Puerto Princesa,Charlotte  McL ,"https://images.unsplash.com/photo-1472099645785-5658abf4ff4e?w=1
  50&h=150&fit=crop",5,2026-02-23,"This tour was a fantastic educational experience. Our tour guide Sheena, radiated positive vibes and brought a wealth of knowledge about Philippine hi","This tour was a fantastic educational experience. Our tour guide Sheena, radiated positive vibes and brought a wealth of knowledge about Philippine history. Sheena made the trip run so smoothly and happily answered any questions we had. The tour was filled with the right amount of exploring, island hopping, relaxation and cultural activities.",https://cdn.tourradar.com/s3/review/original/461498_699c5af50a94c.jpg,,,false,https://www.tourradar.com/t/85982,
461498,West Philippines Classic 10 Day - One Life Adventures,Port Barton,Charlotte  McL ,"https://images.unsplash.com/photo-1472099645785-5658abf4ff4e?w=1
  50&h=150&fit=crop",5,2026-02-23,"This tour was a fantastic educational experience. Our tour guide Sheena, radiated positive vibes and brought a wealth of knowledge about Philippine hi","This tour was a fantastic educational experience. Our tour guide Sheena, radiated positive vibes and brought a wealth of knowledge about Philippine history. Sheena made the trip run so smoothly and happily answered any questions we had. The tour was filled with the right amount of exploring, island hopping, relaxation and cultural activities.",https://cdn.tourradar.com/s3/review/original/461498_699c5af50a94d.jpg,,,false,https://www.tourradar.com/t/85982,
461498,West Philippines Classic 10 Day - One Life Adventures,Palawan,Charlotte  McL ,"https://images.unsplash.com/photo-1472099645785-5658abf4ff4e?w=1
  50&h=150&fit=crop",5,2026-02-23,"This tour was a fantastic educational experience. Our tour guide Sheena, radiated positive vibes and brought a wealth of knowledge about Philippine hi","This tour was a fantastic educational experience. Our tour guide Sheena, radiated positive vibes and brought a wealth of knowledge about Philippine history. Sheena made the trip run so smoothly and happily answered any questions we had. The tour was filled with the right amount of exploring, island hopping, relaxation and cultural activities.",https://cdn.tourradar.com/s3/review/original/461498_699c5af50a94e.jpg,,,false,https://www.tourradar.com/t/85982,
461498,West Philippines Classic 10 Day - One Life Adventures,Port Barton,Charlotte  McL ,"https://images.unsplash.com/photo-1472099645785-5658abf4ff4e?w=1
  50&h=150&fit=crop",5,2026-02-23,"This tour was a fantastic educational experience. Our tour guide Sheena, radiated positive vibes and brought a wealth of knowledge about Philippine hi","This tour was a fantastic educational experience. Our tour guide Sheena, radiated positive vibes and brought a wealth of knowledge about Philippine history. Sheena made the trip run so smoothly and happily answered any questions we had. The tour was filled with the right amount of exploring, island hopping, relaxation and cultural activities.",https://cdn.tourradar.com/s3/review/original/461498_699c5af50a94f.jpg,,,false,https://www.tourradar.com/t/85982,
461498,West Philippines Classic 10 Day - One Life Adventures,Port Barton,Charlotte  McL ,"https://images.unsplash.com/photo-1472099645785-5658abf4ff4e?w=1
  50&h=150&fit=crop",5,2026-02-23,"This tour was a fantastic educational experience. Our tour guide Sheena, radiated positive vibes and brought a wealth of knowledge about Philippine hi","This tour was a fantastic educational experience. Our tour guide Sheena, radiated positive vibes and brought a wealth of knowledge about Philippine history. Sheena made the trip run so smoothly and happily answered any questions we had. The tour was filled with the right amount of exploring, island hopping, relaxation and cultural activities.",https://cdn.tourradar.com/s3/review/original/461498_699c5af50a950.jpg,,,false,https://www.tourradar.com/t/85982,
461498,West Philippines Classic 10 Day - One Life Adventures,Port Barton,Charlotte  McL ,"https://images.unsplash.com/photo-1472099645785-5658abf4ff4e?w=1
  50&h=150&fit=crop",5,2026-02-23,"This tour was a fantastic educational experience. Our tour guide Sheena, radiated positive vibes and brought a wealth of knowledge about Philippine hi","This tour was a fantastic educational experience. Our tour guide Sheena, radiated positive vibes and brought a wealth of knowledge about Philippine history. Sheena made the trip run so smoothly and happily answered any questions we had. The tour was filled with the right amount of exploring, island hopping, relaxation and cultural activities.",https://cdn.tourradar.com/s3/review/original/461498_699c5af50a951.jpg,,,false,https://www.tourradar.com/t/85982,
461498,West Philippines Classic 10 Day - One Life Adventures,El Nido,Charlotte  McL ,"https://images.unsplash.com/photo-1472099645785-5658abf4ff4e?w=1
  50&h=150&fit=crop",5,2026-02-23,"This tour was a fantastic educational experience. Our tour guide Sheena, radiated positive vibes and brought a wealth of knowledge about Philippine hi","This tour was a fantastic educational experience. Our tour guide Sheena, radiated positive vibes and brought a wealth of knowledge about Philippine history. Sheena made the trip run so smoothly and happily answered any questions we had. The tour was filled with the right amount of exploring, island hopping, relaxation and cultural activities.",https://cdn.tourradar.com/s3/review/original/461498_699c5af50a952.jpg,,,false,https://www.tourradar.com/t/85982,
461498,West Philippines Classic 10 Day - One Life Adventures,Port Barton,Charlotte  McL ,"https://images.unsplash.com/photo-1472099645785-5658abf4ff4e?w=1
  50&h=150&fit=crop",5,2026-02-23,"This tour was a fantastic educational experience. Our tour guide Sheena, radiated positive vibes and brought a wealth of knowledge about Philippine hi","This tour was a fantastic educational experience. Our tour guide Sheena, radiated positive vibes and brought a wealth of knowledge about Philippine history. Sheena made the trip run so smoothly and happily answered any questions we had. The tour was filled with the right amount of exploring, island hopping, relaxation and cultural activities.",https://cdn.tourradar.com/s3/review/original/461498_699c5af50a953.jpg,,,false,https://www.tourradar.com/t/85982,
461498,West Philippines Classic 10 Day - One Life Adventures,Port Barton,Charlotte  McL ,"https://images.unsplash.com/photo-1472099645785-5658abf4ff4e?w=1
  50&h=150&fit=crop",5,2026-02-23,"This tour was a fantastic educational experience. Our tour guide Sheena, radiated positive vibes and brought a wealth of knowledge about Philippine hi","This tour was a fantastic educational experience. Our tour guide Sheena, radiated positive vibes and brought a wealth of knowledge about Philippine history. Sheena made the trip run so smoothly and happily answered any questions we had. The tour was filled with the right amount of exploring, island hopping, relaxation and cultural activities.",https://cdn.tourradar.com/s3/review/original/461498_699c5af50a954.jpg,,,false,https://www.tourradar.com/t/85982,
461498,West Philippines Classic 10 Day - One Life Adventures,Port Barton,Charlotte  McL ,"https://images.unsplash.com/photo-1472099645785-5658abf4ff4e?w=1
  50&h=150&fit=crop",5,2026-02-23,"This tour was a fantastic educational experience. Our tour guide Sheena, radiated positive vibes and brought a wealth of knowledge about Philippine hi","This tour was a fantastic educational experience. Our tour guide Sheena, radiated positive vibes and brought a wealth of knowledge about Philippine history. Sheena made the trip run so smoothly and happily answered any questions we had. The tour was filled with the right amount of exploring, island hopping, relaxation and cultural activities.",https://cdn.tourradar.com/s3/review/original/461498_699c5af50a955.jpg,,,false,https://www.tourradar.com/t/85982,
461498,West Philippines Classic 10 Day - One Life Adventures,Port Barton,Charlotte  McL ,"https://images.unsplash.com/photo-1472099645785-5658abf4ff4e?w=1
  50&h=150&fit=crop",5,2026-02-23,"This tour was a fantastic educational experience. Our tour guide Sheena, radiated positive vibes and brought a wealth of knowledge about Philippine hi","This tour was a fantastic educational experience. Our tour guide Sheena, radiated positive vibes and brought a wealth of knowledge about Philippine history. Sheena made the trip run so smoothly and happily answered any questions we had. The tour was filled with the right amount of exploring, island hopping, relaxation and cultural activities.",https://cdn.tourradar.com/s3/review/original/461498_699c5af50a956.jpg,,,false,https://www.tourradar.com/t/85982,
461498,West Philippines Classic 10 Day - One Life Adventures,Port Barton,Charlotte  McL ,"https://images.unsplash.com/photo-1472099645785-5658abf4ff4e?w=1
  50&h=150&fit=crop",5,2026-02-23,"This tour was a fantastic educational experience. Our tour guide Sheena, radiated positive vibes and brought a wealth of knowledge about Philippine hi","This tour was a fantastic educational experience. Our tour guide Sheena, radiated positive vibes and brought a wealth of knowledge about Philippine history. Sheena made the trip run so smoothly and happily answered any questions we had. The tour was filled with the right amount of exploring, island hopping, relaxation and cultural activities.",https://cdn.tourradar.com/s3/review/original/461498_699c5af50a957.jpg,,,false,https://www.tourradar.com/t/85982,
461485,Pharaohs Nile Cruise Adventure - Grand GEM Visit – Return Flights Included,Cairo,Jacene Dickson,"https://images.unsplash.com/photo-1472099645785-5658abf4ff4e?w=1
  50&h=150&fit=crop",5,2026-02-23,"This tour was FABULOUS!  Having never visited Egypt, we got a taste of everything  I highly recommend this tour!","This tour was FABULOUS!  Having never visited Egypt, we got a taste of everything  I highly recommend this tour!",https://cdn.tourradar.com/s3/review/original/461485_699c2dc29d83d.jpg,,,false,https://www.tourradar.com/t/111022,
461485,Pharaohs Nile Cruise Adventure - Grand GEM Visit – Return Flights Included,Cairo,Jacene Dickson,"https://images.unsplash.com/photo-1472099645785-5658abf4ff4e?w=1
  50&h=150&fit=crop",5,2026-02-23,"This tour was FABULOUS!  Having never visited Egypt, we got a taste of everything  I highly recommend this tour!","This tour was FABULOUS!  Having never visited Egypt, we got a taste of everything  I highly recommend this tour!",https://cdn.tourradar.com/s3/review/original/461485_699c2ded14356.jpg,,,false,https://www.tourradar.com/t/111022,
461483,Pharaohs Nile Cruise Adventure - Grand GEM Visit – Return Flights Included,Kom Ombo,Janice Mcbain,"https://images.unsplash.com/photo-1472099645785-5658abf4ff4e?w=1
  50&h=150&fit=crop",5,2026-02-23,"Medhat was-absolutely fantastic 
Very helpful and knowledgeable!!! Would definately recommend","Medhat was-absolutely fantastic 
Very helpful and knowledgeable!!! Would definately recommend",https://cdn.tourradar.com/s3/review/original/461483_699c2d7cded18.jpg,,,false,https://www.tourradar.com/t/111022,
461483,Pharaohs Nile Cruise Adventure - Grand GEM Visit – Return Flights Included,Luxor,Janice Mcbain,"https://images.unsplash.com/photo-1472099645785-5658abf4ff4e?w=1
  50&h=150&fit=crop",5,2026-02-23,"Medhat was-absolutely fantastic 
Very helpful and knowledgeable!!! Would definately recommend","Medhat was-absolutely fantastic 
Very helpful and knowledgeable!!! Would definately recommend",https://cdn.tourradar.com/s3/review/original/461483_699c2d7cded1c.jpg,,,false,https://www.tourradar.com/t/111022,
461483,Pharaohs Nile Cruise Adventure - Grand GEM Visit – Return Flights Included,Aswan,Janice Mcbain,"https://images.unsplash.com/photo-1472099645785-5658abf4ff4e?w=1
  50&h=150&fit=crop",5,2026-02-23,"Medhat was-absolutely fantastic 
Very helpful and knowledgeable!!! Would definately recommend","Medhat was-absolutely fantastic 
Very helpful and knowledgeable!!! Would definately recommend",https://cdn.tourradar.com/s3/review/original/461483_699c2d7cded1d.jpg,,,false,https://www.tourradar.com/t/111022,
461483,Pharaohs Nile Cruise Adventure - Grand GEM Visit – Return Flights Included,Cairo,Janice Mcbain,"https://images.unsplash.com/photo-1472099645785-5658abf4ff4e?w=1
  50&h=150&fit=crop",5,2026-02-23,"Medhat was-absolutely fantastic 
Very helpful and knowledgeable!!! Would definately recommend","Medhat was-absolutely fantastic 
Very helpful and knowledgeable!!! Would definately recommend",https://cdn.tourradar.com/s3/review/original/461483_699c2d7cded1e.jpg,,,false,https://www.tourradar.com/t/111022,
461483,Pharaohs Nile Cruise Adventure - Grand GEM Visit – Return Flights Included,Giza,Janice Mcbain,"https://images.unsplash.com/photo-1472099645785-5658abf4ff4e?w=1
  50&h=150&fit=crop",5,2026-02-23,"Medhat was-absolutely fantastic 
Very helpful and knowledgeable!!! Would definately recommend","Medhat was-absolutely fantastic 
Very helpful and knowledgeable!!! Would definately recommend",https://cdn.tourradar.com/s3/review/original/461483_699c2d7cded1f.jpg,,,false,https://www.tourradar.com/t/111022,
461480,"9 Day Italy by Train from Milan, Venice Mestre, Florence to Rome",Rome,Say Lee Khoo,"https://images.unsplash.com/photo-1472099645785-5658abf4ff4e?w=1
  50&h=150&fit=crop",5,2026-02-23,"The 9-Day Italy by Train tour from Milan to Venice Mestre, Florence, and Rome is an enjoyable and affordable way to experience some of Italy’s most ic","The 9-Day Italy by Train tour from Milan to Venice Mestre, Florence, and Rome is an enjoyable and affordable way to experience some of Italy’s most iconic cities. Traveling by train made the journey scenic and the itinerary was thoughtfully paced, allowing me to explore all four destinations over 9 days without feeling rushed.

Communication from the tour operator was clear and prompt, which made the entire experience stress-free and easy to navigate. Since the tour is partially guided, it strikes a great balance between structure and flexibility. It’s especially well suited for independent travelers who like having key arrangements organised while still enjoying the freedom to explore and sightsee at their own pace.",https://cdn.tourradar.com/s3/review/original/461480_699c2b7a3fd43.jpg,,,false,https://www.tourradar.com/t/274876,
461480,"9 Day Italy by Train from Milan, Venice Mestre, Florence to Rome",Rome,Say Lee Khoo,"https://images.unsplash.com/photo-1472099645785-5658abf4ff4e?w=1
  50&h=150&fit=crop",5,2026-02-23,"The 9-Day Italy by Train tour from Milan to Venice Mestre, Florence, and Rome is an enjoyable and affordable way to experience some of Italy’s most ic","The 9-Day Italy by Train tour from Milan to Venice Mestre, Florence, and Rome is an enjoyable and affordable way to experience some of Italy’s most iconic cities. Traveling by train made the journey scenic and the itinerary was thoughtfully paced, allowing me to explore all four destinations over 9 days without feeling rushed.

Communication from the tour operator was clear and prompt, which made the entire experience stress-free and easy to navigate. Since the tour is partially guided, it strikes a great balance between structure and flexibility. It’s especially well suited for independent travelers who like having key arrangements organised while still enjoying the freedom to explore and sightsee at their own pace.",https://cdn.tourradar.com/s3/review/original/461480_699c2b7a3fd47.jpg,,,false,https://www.tourradar.com/t/274876,
461480,"9 Day Italy by Train from Milan, Venice Mestre, Florence to Rome",Rome,Say Lee Khoo,"https://images.unsplash.com/photo-1472099645785-5658abf4ff4e?w=1
  50&h=150&fit=crop",5,2026-02-23,"The 9-Day Italy by Train tour from Milan to Venice Mestre, Florence, and Rome is an enjoyable and affordable way to experience some of Italy’s most ic","The 9-Day Italy by Train tour from Milan to Venice Mestre, Florence, and Rome is an enjoyable and affordable way to experience some of Italy’s most iconic cities. Traveling by train made the journey scenic and the itinerary was thoughtfully paced, allowing me to explore all four destinations over 9 days without feeling rushed.

Communication from the tour operator was clear and prompt, which made the entire experience stress-free and easy to navigate. Since the tour is partially guided, it strikes a great balance between structure and flexibility. It’s especially well suited for independent travelers who like having key arrangements organised while still enjoying the freedom to explore and sightsee at their own pace.",https://cdn.tourradar.com/s3/review/original/461480_699c2b7a3fd48.jpg,,,false,https://www.tourradar.com/t/274876,
461480,"9 Day Italy by Train from Milan, Venice Mestre, Florence to Rome",Pisa,Say Lee Khoo,"https://images.unsplash.com/photo-1472099645785-5658abf4ff4e?w=1
  50&h=150&fit=crop",5,2026-02-23,"The 9-Day Italy by Train tour from Milan to Venice Mestre, Florence, and Rome is an enjoyable and affordable way to experience some of Italy’s most ic","The 9-Day Italy by Train tour from Milan to Venice Mestre, Florence, and Rome is an enjoyable and affordable way to experience some of Italy’s most iconic cities. Traveling by train made the journey scenic and the itinerary was thoughtfully paced, allowing me to explore all four destinations over 9 days without feeling rushed.

Communication from the tour operator was clear and prompt, which made the entire experience stress-free and easy to navigate. Since the tour is partially guided, it strikes a great balance between structure and flexibility. It’s especially well suited for independent travelers who like having key arrangements organised while still enjoying the freedom to explore and sightsee at their own pace.",https://cdn.tourradar.com/s3/review/original/461480_699c2b7a3fd49.jpg,,,false,https://www.tourradar.com/t/274876,
461480,"9 Day Italy by Train from Milan, Venice Mestre, Florence to Rome",Venice,Say Lee Khoo,"https://images.unsplash.com/photo-1472099645785-5658abf4ff4e?w=1
  50&h=150&fit=crop",5,2026-02-23,"The 9-Day Italy by Train tour from Milan to Venice Mestre, Florence, and Rome is an enjoyable and affordable way to experience some of Italy’s most ic","The 9-Day Italy by Train tour from Milan to Venice Mestre, Florence, and Rome is an enjoyable and affordable way to experience some of Italy’s most iconic cities. Traveling by train made the journey scenic and the itinerary was thoughtfully paced, allowing me to explore all four destinations over 9 days without feeling rushed.

Communication from the tour operator was clear and prompt, which made the entire experience stress-free and easy to navigate. Since the tour is partially guided, it strikes a great balance between structure and flexibility. It’s especially well suited for independent travelers who like having key arrangements organised while still enjoying the freedom to explore and sightsee at their own pace.",https://cdn.tourradar.com/s3/review/original/461480_699c2b7a3fd4a.jpg,,,false,https://www.tourradar.com/t/274876,
461452,Taj Mahal and Wildlife with Royal Stay at Castles,Udaipur,Jeanette  Steiner ,"https://images.unsplash.com/photo-1472099645785-5658abf4ff4e?w=1
  50&h=150&fit=crop",5,2026-02-23,"A great tour
Fascinating places to visit transported in an air conditioned car
The palace stays were something very special and allowed us to rechar","A great tour
Fascinating places to visit transported in an air conditioned car
The palace stays were something very special and allowed us to recharge the batteries after the hustle and bustle of visiting cities in Rajasthan",https://cdn.tourradar.com/s3/review/original/461452_699be337e92a1.jpg,,,false,https://www.tourradar.com/t/91447,
461452,Taj Mahal and Wildlife with Royal Stay at Castles,Jaipur,Jeanette  Steiner ,"https://images.unsplash.com/photo-1472099645785-5658abf4ff4e?w=1
  50&h=150&fit=crop",5,2026-02-23,"A great tour
Fascinating places to visit transported in an air conditioned car
The palace stays were something very special and allowed us to rechar","A great tour
Fascinating places to visit transported in an air conditioned car
The palace stays were something very special and allowed us to recharge the batteries after the hustle and bustle of visiting cities in Rajasthan",https://cdn.tourradar.com/s3/review/original/461452_699be337e92aa.jpg,,,false,https://www.tourradar.com/t/91447,
461452,Taj Mahal and Wildlife with Royal Stay at Castles,Udaipur,Jeanette  Steiner ,"https://images.unsplash.com/photo-1472099645785-5658abf4ff4e?w=1
  50&h=150&fit=crop",5,2026-02-23,"A great tour
Fascinating places to visit transported in an air conditioned car
The palace stays were something very special and allowed us to rechar","A great tour
Fascinating places to visit transported in an air conditioned car
The palace stays were something very special and allowed us to recharge the batteries after the hustle and bustle of visiting cities in Rajasthan",https://cdn.tourradar.com/s3/review/original/461452_699be337e92ab.jpg,,,false,https://www.tourradar.com/t/91447,
461452,Taj Mahal and Wildlife with Royal Stay at Castles,Udaipur,Jeanette  Steiner ,"https://images.unsplash.com/photo-1472099645785-5658abf4ff4e?w=1
  50&h=150&fit=crop",5,2026-02-23,"A great tour
Fascinating places to visit transported in an air conditioned car
The palace stays were something very special and allowed us to rechar","A great tour
Fascinating places to visit transported in an air conditioned car
The palace stays were something very special and allowed us to recharge the batteries after the hustle and bustle of visiting cities in Rajasthan",https://cdn.tourradar.com/s3/review/original/461452_699be337e92ac.jpg,,,false,https://www.tourradar.com/t/91447,
461452,Taj Mahal and Wildlife with Royal Stay at Castles,Pushkar,Jeanette  Steiner ,"https://images.unsplash.com/photo-1472099645785-5658abf4ff4e?w=1
  50&h=150&fit=crop",5,2026-02-23,"A great tour
Fascinating places to visit transported in an air conditioned car
The palace stays were something very special and allowed us to rechar","A great tour
Fascinating places to visit transported in an air conditioned car
The palace stays were something very special and allowed us to recharge the batteries after the hustle and bustle of visiting cities in Rajasthan",https://cdn.tourradar.com/s3/review/original/461452_699be337e92ad.jpg,,,false,https://www.tourradar.com/t/91447,
461452,Taj Mahal and Wildlife with Royal Stay at Castles,Jodhpur,Jeanette  Steiner ,"https://images.unsplash.com/photo-1472099645785-5658abf4ff4e?w=1
  50&h=150&fit=crop",5,2026-02-23,"A great tour
Fascinating places to visit transported in an air conditioned car
The palace stays were something very special and allowed us to rechar","A great tour
Fascinating places to visit transported in an air conditioned car
The palace stays were something very special and allowed us to recharge the batteries after the hustle and bustle of visiting cities in Rajasthan",https://cdn.tourradar.com/s3/review/original/461452_699be337e92ae.jpg,,,false,https://www.tourradar.com/t/91447,
461452,Taj Mahal and Wildlife with Royal Stay at Castles,Jodhpur,Jeanette  Steiner ,"https://images.unsplash.com/photo-1472099645785-5658abf4ff4e?w=1
  50&h=150&fit=crop",5,2026-02-23,"A great tour
Fascinating places to visit transported in an air conditioned car
The palace stays were something very special and allowed us to rechar","A great tour
Fascinating places to visit transported in an air conditioned car
The palace stays were something very special and allowed us to recharge the batteries after the hustle and bustle of visiting cities in Rajasthan",https://cdn.tourradar.com/s3/review/original/461452_699be337e92af.jpg,,,false,https://www.tourradar.com/t/91447,
461452,Taj Mahal and Wildlife with Royal Stay at Castles,Jodhpur,Jeanette  Steiner ,"https://images.unsplash.com/photo-1472099645785-5658abf4ff4e?w=1
  50&h=150&fit=crop",5,2026-02-23,"A great tour
Fascinating places to visit transported in an air conditioned car
The palace stays were something very special and allowed us to rechar","A great tour
Fascinating places to visit transported in an air conditioned car
The palace stays were something very special and allowed us to recharge the batteries after the hustle and bustle of visiting cities in Rajasthan",https://cdn.tourradar.com/s3/review/original/461452_699be337e92b0.jpg,,,false,https://www.tourradar.com/t/91447,
461452,Taj Mahal and Wildlife with Royal Stay at Castles,Jodhpur,Jeanette  Steiner ,"https://images.unsplash.com/photo-1472099645785-5658abf4ff4e?w=1
  50&h=150&fit=crop",5,2026-02-23,"A great tour
Fascinating places to visit transported in an air conditioned car
The palace stays were something very special and allowed us to rechar","A great tour
Fascinating places to visit transported in an air conditioned car
The palace stays were something very special and allowed us to recharge the batteries after the hustle and bustle of visiting cities in Rajasthan",https://cdn.tourradar.com/s3/review/original/461452_699be337e92b1.jpg,,,false,https://www.tourradar.com/t/91447,
461451,The Magical Kingdom of Bhutan,Paro,Rachel Smyth,"https://images.unsplash.com/photo-1472099645785-5658abf4ff4e?w=1
  50&h=150&fit=crop",5,2026-02-23,"I truly could not recommend this trip enough- it was one of the best weeks of my life! I have always dreamed of going to Bhutan, but it totally exceed","I truly could not recommend this trip enough- it was one of the best weeks of my life! I have always dreamed of going to Bhutan, but it totally exceeded my expectations... the food, the people, the jaw-dropping views on every corner, the peaceful atmosphere, the spirituality... it was perfect! My guide (Tashi) and driver (Gyeltshen) were so kind and accommodating and I felt so safe and cared for with them (especially as a solo female traveller). Tashi was so knowledgable, interesting and supportive, really considering my needs and interests throughout the trip (by the end of the trip, I really felt like I was travelling with a friend, not just a guide), and Gyeltshen was fantastic at driving on some of the crazy mountain roads! The whole trip ran with complete ease, with a spectacular itinerary allowing for hikes, culture, history , eating and shopping. The hotels were all lovely, with beautiful views, yummy food and amazing staff. Bhutan is an incredibly special place, and this wonderful tour really allowed me to enjoy it to the fullest!",https://cdn.tourradar.com/s3/review/original/461451_699bdfa1a6f6d.jpg,,,false,https://www.tourradar.com/t/155571,
461451,The Magical Kingdom of Bhutan,,Rachel Smyth,"https://images.unsplash.com/photo-1472099645785-5658abf4ff4e?w=1
  50&h=150&fit=crop",5,2026-02-23,"I truly could not recommend this trip enough- it was one of the best weeks of my life! I have always dreamed of going to Bhutan, but it totally exceed","I truly could not recommend this trip enough- it was one of the best weeks of my life! I have always dreamed of going to Bhutan, but it totally exceeded my expectations... the food, the people, the jaw-dropping views on every corner, the peaceful atmosphere, the spirituality... it was perfect! My guide (Tashi) and driver (Gyeltshen) were so kind and accommodating and I felt so safe and cared for with them (especially as a solo female traveller). Tashi was so knowledgable, interesting and supportive, really considering my needs and interests throughout the trip (by the end of the trip, I really felt like I was travelling with a friend, not just a guide), and Gyeltshen was fantastic at driving on some of the crazy mountain roads! The whole trip ran with complete ease, with a spectacular itinerary allowing for hikes, culture, history , eating and shopping. The hotels were all lovely, with beautiful views, yummy food and amazing staff. Bhutan is an incredibly special place, and this wonderful tour really allowed me to enjoy it to the fullest!",https://cdn.tourradar.com/s3/review/original/461451_699bdfa1a6f71.jpg,,,false,https://www.tourradar.com/t/155571,
461451,The Magical Kingdom of Bhutan,Paro,Rachel Smyth,"https://images.unsplash.com/photo-1472099645785-5658abf4ff4e?w=1
  50&h=150&fit=crop",5,2026-02-23,"I truly could not recommend this trip enough- it was one of the best weeks of my life! I have always dreamed of going to Bhutan, but it totally exceed","I truly could not recommend this trip enough- it was one of the best weeks of my life! I have always dreamed of going to Bhutan, but it totally exceeded my expectations... the food, the people, the jaw-dropping views on every corner, the peaceful atmosphere, the spirituality... it was perfect! My guide (Tashi) and driver (Gyeltshen) were so kind and accommodating and I felt so safe and cared for with them (especially as a solo female traveller). Tashi was so knowledgable, interesting and supportive, really considering my needs and interests throughout the trip (by the end of the trip, I really felt like I was travelling with a friend, not just a guide), and Gyeltshen was fantastic at driving on some of the crazy mountain roads! The whole trip ran with complete ease, with a spectacular itinerary allowing for hikes, culture, history , eating and shopping. The hotels were all lovely, with beautiful views, yummy food and amazing staff. Bhutan is an incredibly special place, and this wonderful tour really allowed me to enjoy it to the fullest!",https://cdn.tourradar.com/s3/review/original/461451_699bdfa1a6f72.jpg,,,false,https://www.tourradar.com/t/155571,
461451,The Magical Kingdom of Bhutan,Punakha,Rachel Smyth,"https://images.unsplash.com/photo-1472099645785-5658abf4ff4e?w=1
  50&h=150&fit=crop",5,2026-02-23,"I truly could not recommend this trip enough- it was one of the best weeks of my life! I have always dreamed of going to Bhutan, but it totally exceed","I truly could not recommend this trip enough- it was one of the best weeks of my life! I have always dreamed of going to Bhutan, but it totally exceeded my expectations... the food, the people, the jaw-dropping views on every corner, the peaceful atmosphere, the spirituality... it was perfect! My guide (Tashi) and driver (Gyeltshen) were so kind and accommodating and I felt so safe and cared for with them (especially as a solo female traveller). Tashi was so knowledgable, interesting and supportive, really considering my needs and interests throughout the trip (by the end of the trip, I really felt like I was travelling with a friend, not just a guide), and Gyeltshen was fantastic at driving on some of the crazy mountain roads! The whole trip ran with complete ease, with a spectacular itinerary allowing for hikes, culture, history , eating and shopping. The hotels were all lovely, with beautiful views, yummy food and amazing staff. Bhutan is an incredibly special place, and this wonderful tour really allowed me to enjoy it to the fullest!",https://cdn.tourradar.com/s3/review/original/461451_699bdfa1a6f73.jpg,,,false,https://www.tourradar.com/t/155571,
461451,The Magical Kingdom of Bhutan,Thimphu,Rachel Smyth,"https://images.unsplash.com/photo-1472099645785-5658abf4ff4e?w=1
  50&h=150&fit=crop",5,2026-02-23,"I truly could not recommend this trip enough- it was one of the best weeks of my life! I have always dreamed of going to Bhutan, but it totally exceed","I truly could not recommend this trip enough- it was one of the best weeks of my life! I have always dreamed of going to Bhutan, but it totally exceeded my expectations... the food, the people, the jaw-dropping views on every corner, the peaceful atmosphere, the spirituality... it was perfect! My guide (Tashi) and driver (Gyeltshen) were so kind and accommodating and I felt so safe and cared for with them (especially as a solo female traveller). Tashi was so knowledgable, interesting and supportive, really considering my needs and interests throughout the trip (by the end of the trip, I really felt like I was travelling with a friend, not just a guide), and Gyeltshen was fantastic at driving on some of the crazy mountain roads! The whole trip ran with complete ease, with a spectacular itinerary allowing for hikes, culture, history , eating and shopping. The hotels were all lovely, with beautiful views, yummy food and amazing staff. Bhutan is an incredibly special place, and this wonderful tour really allowed me to enjoy it to the fullest!",https://cdn.tourradar.com/s3/review/original/461451_699bdfa1a6f74.jpg,,,false,https://www.tourradar.com/t/155571,
461451,The Magical Kingdom of Bhutan,,Rachel Smyth,"https://images.unsplash.com/photo-1472099645785-5658abf4ff4e?w=1
  50&h=150&fit=crop",5,2026-02-23,"I truly could not recommend this trip enough- it was one of the best weeks of my life! I have always dreamed of going to Bhutan, but it totally exceed","I truly could not recommend this trip enough- it was one of the best weeks of my life! I have always dreamed of going to Bhutan, but it totally exceeded my expectations... the food, the people, the jaw-dropping views on every corner, the peaceful atmosphere, the spirituality... it was perfect! My guide (Tashi) and driver (Gyeltshen) were so kind and accommodating and I felt so safe and cared for with them (especially as a solo female traveller). Tashi was so knowledgable, interesting and supportive, really considering my needs and interests throughout the trip (by the end of the trip, I really felt like I was travelling with a friend, not just a guide), and Gyeltshen was fantastic at driving on some of the crazy mountain roads! The whole trip ran with complete ease, with a spectacular itinerary allowing for hikes, culture, history , eating and shopping. The hotels were all lovely, with beautiful views, yummy food and amazing staff. Bhutan is an incredibly special place, and this wonderful tour really allowed me to enjoy it to the fullest!",https://cdn.tourradar.com/s3/review/original/461451_699bdfa1a6f75.jpg,,,false,https://www.tourradar.com/t/155571,
461451,The Magical Kingdom of Bhutan,,Rachel Smyth,"https://images.unsplash.com/photo-1472099645785-5658abf4ff4e?w=1
  50&h=150&fit=crop",5,2026-02-23,"I truly could not recommend this trip enough- it was one of the best weeks of my life! I have always dreamed of going to Bhutan, but it totally exceed","I truly could not recommend this trip enough- it was one of the best weeks of my life! I have always dreamed of going to Bhutan, but it totally exceeded my expectations... the food, the people, the jaw-dropping views on every corner, the peaceful atmosphere, the spirituality... it was perfect! My guide (Tashi) and driver (Gyeltshen) were so kind and accommodating and I felt so safe and cared for with them (especially as a solo female traveller). Tashi was so knowledgable, interesting and supportive, really considering my needs and interests throughout the trip (by the end of the trip, I really felt like I was travelling with a friend, not just a guide), and Gyeltshen was fantastic at driving on some of the crazy mountain roads! The whole trip ran with complete ease, with a spectacular itinerary allowing for hikes, culture, history , eating and shopping. The hotels were all lovely, with beautiful views, yummy food and amazing staff. Bhutan is an incredibly special place, and this wonderful tour really allowed me to enjoy it to the fullest!",https://cdn.tourradar.com/s3/review/original/461451_699bdfa1a6f76.jpg,,,false,https://www.tourradar.com/t/155571,
461414,India Golden Triangle Tour,New Delhi,Eric Metzner,"https://images.unsplash.com/photo-1472099645785-5658abf4ff4e?w=1
  50&h=150&fit=crop",5,2026-02-22,We had a lovely 7 day Tour with the highlights of the golden Triangle. Everything worked out really well. The driver of our small bus was very experie,"We had a lovely 7 day Tour with the highlights of the golden Triangle. Everything worked out really well. The driver of our small bus was very experienced in the dense traffic. We always felt completely safe. 
Our Tour Guide Suresh managed our tour of 8 travellers perfectly. He was very handsome, had a good feeling for a balance of giving information and entertainment of the group. 

We strongly recommend this tour to everyone! There was nothing regarding the organization or tour which we would complain about.",https://cdn.tourradar.com/s3/review/original/461414_699b1ae334167.jpg,,,false,https://www.tourradar.com/t/186607,
461414,India Golden Triangle Tour,Agra,Eric Metzner,"https://images.unsplash.com/photo-1472099645785-5658abf4ff4e?w=1
  50&h=150&fit=crop",5,2026-02-22,We had a lovely 7 day Tour with the highlights of the golden Triangle. Everything worked out really well. The driver of our small bus was very experie,"We had a lovely 7 day Tour with the highlights of the golden Triangle. Everything worked out really well. The driver of our small bus was very experienced in the dense traffic. We always felt completely safe. 
Our Tour Guide Suresh managed our tour of 8 travellers perfectly. He was very handsome, had a good feeling for a balance of giving information and entertainment of the group. 

We strongly recommend this tour to everyone! There was nothing regarding the organization or tour which we would complain about.",https://cdn.tourradar.com/s3/review/original/461414_699b1ae33416c.jpg,,,false,https://www.tourradar.com/t/186607,
461414,India Golden Triangle Tour,Jaipur,Eric Metzner,"https://images.unsplash.com/photo-1472099645785-5658abf4ff4e?w=1
  50&h=150&fit=crop",5,2026-02-22,We had a lovely 7 day Tour with the highlights of the golden Triangle. Everything worked out really well. The driver of our small bus was very experie,"We had a lovely 7 day Tour with the highlights of the golden Triangle. Everything worked out really well. The driver of our small bus was very experienced in the dense traffic. We always felt completely safe. 
Our Tour Guide Suresh managed our tour of 8 travellers perfectly. He was very handsome, had a good feeling for a balance of giving information and entertainment of the group. 

We strongly recommend this tour to everyone! There was nothing regarding the organization or tour which we would complain about.",https://cdn.tourradar.com/s3/review/original/461414_699b1ae33416e.jpg,,,false,https://www.tourradar.com/t/186607,
461414,India Golden Triangle Tour,New Delhi,Eric Metzner,"https://images.unsplash.com/photo-1472099645785-5658abf4ff4e?w=1
  50&h=150&fit=crop",5,2026-02-22,We had a lovely 7 day Tour with the highlights of the golden Triangle. Everything worked out really well. The driver of our small bus was very experie,"We had a lovely 7 day Tour with the highlights of the golden Triangle. Everything worked out really well. The driver of our small bus was very experienced in the dense traffic. We always felt completely safe. 
Our Tour Guide Suresh managed our tour of 8 travellers perfectly. He was very handsome, had a good feeling for a balance of giving information and entertainment of the group. 

We strongly recommend this tour to everyone! There was nothing regarding the organization or tour which we would complain about.",https://cdn.tourradar.com/s3/review/original/461414_699b1ae33416f.jpg,,,false,https://www.tourradar.com/t/186607,
461414,India Golden Triangle Tour,Agra,Eric Metzner,"https://images.unsplash.com/photo-1472099645785-5658abf4ff4e?w=1
  50&h=150&fit=crop",5,2026-02-22,We had a lovely 7 day Tour with the highlights of the golden Triangle. Everything worked out really well. The driver of our small bus was very experie,"We had a lovely 7 day Tour with the highlights of the golden Triangle. Everything worked out really well. The driver of our small bus was very experienced in the dense traffic. We always felt completely safe. 
Our Tour Guide Suresh managed our tour of 8 travellers perfectly. He was very handsome, had a good feeling for a balance of giving information and entertainment of the group. 

We strongly recommend this tour to everyone! There was nothing regarding the organization or tour which we would complain about.",https://cdn.tourradar.com/s3/review/original/461414_699b1ae334170.jpg,,,false,https://www.tourradar.com/t/186607,
461414,India Golden Triangle Tour,Fatehpur Sikri,Eric Metzner,"https://images.unsplash.com/photo-1472099645785-5658abf4ff4e?w=1
  50&h=150&fit=crop",5,2026-02-22,We had a lovely 7 day Tour with the highlights of the golden Triangle. Everything worked out really well. The driver of our small bus was very experie,"We had a lovely 7 day Tour with the highlights of the golden Triangle. Everything worked out really well. The driver of our small bus was very experienced in the dense traffic. We always felt completely safe. 
Our Tour Guide Suresh managed our tour of 8 travellers perfectly. He was very handsome, had a good feeling for a balance of giving information and entertainment of the group. 

We strongly recommend this tour to everyone! There was nothing regarding the organization or tour which we would complain about.",https://cdn.tourradar.com/s3/review/original/461414_699b1ae334171.jpg,,,false,https://www.tourradar.com/t/186607,
461414,India Golden Triangle Tour,Jaipur,Eric Metzner,"https://images.unsplash.com/photo-1472099645785-5658abf4ff4e?w=1
  50&h=150&fit=crop",5,2026-02-22,We had a lovely 7 day Tour with the highlights of the golden Triangle. Everything worked out really well. The driver of our small bus was very experie,"We had a lovely 7 day Tour with the highlights of the golden Triangle. Everything worked out really well. The driver of our small bus was very experienced in the dense traffic. We always felt completely safe. 
Our Tour Guide Suresh managed our tour of 8 travellers perfectly. He was very handsome, had a good feeling for a balance of giving information and entertainment of the group. 

We strongly recommend this tour to everyone! There was nothing regarding the organization or tour which we would complain about.",https://cdn.tourradar.com/s3/review/original/461414_699b1ae334172.jpg,,,false,https://www.tourradar.com/t/186607,
461414,India Golden Triangle Tour,Agra,Eric Metzner,"https://images.unsplash.com/photo-1472099645785-5658abf4ff4e?w=1
  50&h=150&fit=crop",5,2026-02-22,We had a lovely 7 day Tour with the highlights of the golden Triangle. Everything worked out really well. The driver of our small bus was very experie,"We had a lovely 7 day Tour with the highlights of the golden Triangle. Everything worked out really well. The driver of our small bus was very experienced in the dense traffic. We always felt completely safe. 
Our Tour Guide Suresh managed our tour of 8 travellers perfectly. He was very handsome, had a good feeling for a balance of giving information and entertainment of the group. 

We strongly recommend this tour to everyone! There was nothing regarding the organization or tour which we would complain about.",https://cdn.tourradar.com/s3/review/original/461414_699b1ae334173.jpg,,,false,https://www.tourradar.com/t/186607,
461414,India Golden Triangle Tour,Jaipur,Eric Metzner,"https://images.unsplash.com/photo-1472099645785-5658abf4ff4e?w=1
  50&h=150&fit=crop",5,2026-02-22,We had a lovely 7 day Tour with the highlights of the golden Triangle. Everything worked out really well. The driver of our small bus was very experie,"We had a lovely 7 day Tour with the highlights of the golden Triangle. Everything worked out really well. The driver of our small bus was very experienced in the dense traffic. We always felt completely safe. 
Our Tour Guide Suresh managed our tour of 8 travellers perfectly. He was very handsome, had a good feeling for a balance of giving information and entertainment of the group. 

We strongly recommend this tour to everyone! There was nothing regarding the organization or tour which we would complain about.",https://cdn.tourradar.com/s3/review/original/461414_699b1ae334174.jpg,,,false,https://www.tourradar.com/t/186607,
461232,The Great Ocean Road Melbourne - Adelaide 4 day 3 night Tour,Great Ocean Road,Kathleen Fischer,"https://images.unsplash.com/photo-1472099645785-5658abf4ff4e?w=1
  50&h=150&fit=crop",5,2026-02-21,"I loved the Great Ocean Road tour. 
I really enjoyed the stops, especially the ones 
with fewer tourists. 
Jens is very knowledgeable and was a rea","I loved the Great Ocean Road tour. 
I really enjoyed the stops, especially the ones 
with fewer tourists. 
Jens is very knowledgeable and was a really 
excellent guide.",https://cdn.tourradar.com/s3/review/original/461232_69999d3e62d77.jpg,,,false,https://www.tourradar.com/t/157597,
461232,The Great Ocean Road Melbourne - Adelaide 4 day 3 night Tour,Great Ocean Road,Kathleen Fischer,"https://images.unsplash.com/photo-1472099645785-5658abf4ff4e?w=1
  50&h=150&fit=crop",5,2026-02-21,"I loved the Great Ocean Road tour. 
I really enjoyed the stops, especially the ones 
with fewer tourists. 
Jens is very knowledgeable and was a rea","I loved the Great Ocean Road tour. 
I really enjoyed the stops, especially the ones 
with fewer tourists. 
Jens is very knowledgeable and was a really 
excellent guide.",https://cdn.tourradar.com/s3/review/original/461232_69999d3e62d7c.jpg,,,false,https://www.tourradar.com/t/157597,
461232,The Great Ocean Road Melbourne - Adelaide 4 day 3 night Tour,Great Ocean Road,Kathleen Fischer,"https://images.unsplash.com/photo-1472099645785-5658abf4ff4e?w=1
  50&h=150&fit=crop",5,2026-02-21,"I loved the Great Ocean Road tour. 
I really enjoyed the stops, especially the ones 
with fewer tourists. 
Jens is very knowledgeable and was a rea","I loved the Great Ocean Road tour. 
I really enjoyed the stops, especially the ones 
with fewer tourists. 
Jens is very knowledgeable and was a really 
excellent guide.",https://cdn.tourradar.com/s3/review/original/461232_69999d3e62d7d.jpg,,,false,https://www.tourradar.com/t/157597,
461232,The Great Ocean Road Melbourne - Adelaide 4 day 3 night Tour,Great Ocean Road,Kathleen Fischer,"https://images.unsplash.com/photo-1472099645785-5658abf4ff4e?w=1
  50&h=150&fit=crop",5,2026-02-21,"I loved the Great Ocean Road tour. 
I really enjoyed the stops, especially the ones 
with fewer tourists. 
Jens is very knowledgeable and was a rea","I loved the Great Ocean Road tour. 
I really enjoyed the stops, especially the ones 
with fewer tourists. 
Jens is very knowledgeable and was a really 
excellent guide.",https://cdn.tourradar.com/s3/review/original/461232_69999d6a61daa.jpg,,,false,https://www.tourradar.com/t/157597,
461232,The Great Ocean Road Melbourne - Adelaide 4 day 3 night Tour,Great Ocean Road,Kathleen Fischer,"https://images.unsplash.com/photo-1472099645785-5658abf4ff4e?w=1
  50&h=150&fit=crop",5,2026-02-21,"I loved the Great Ocean Road tour. 
I really enjoyed the stops, especially the ones 
with fewer tourists. 
Jens is very knowledgeable and was a rea","I loved the Great Ocean Road tour. 
I really enjoyed the stops, especially the ones 
with fewer tourists. 
Jens is very knowledgeable and was a really 
excellent guide.",https://cdn.tourradar.com/s3/review/original/461232_69999d6a61daf.jpg,,,false,https://www.tourradar.com/t/157597,
461232,The Great Ocean Road Melbourne - Adelaide 4 day 3 night Tour,Great Ocean Road,Kathleen Fischer,"https://images.unsplash.com/photo-1472099645785-5658abf4ff4e?w=1
  50&h=150&fit=crop",5,2026-02-21,"I loved the Great Ocean Road tour. 
I really enjoyed the stops, especially the ones 
with fewer tourists. 
Jens is very knowledgeable and was a rea","I loved the Great Ocean Road tour. 
I really enjoyed the stops, especially the ones 
with fewer tourists. 
Jens is very knowledgeable and was a really 
excellent guide.",https://cdn.tourradar.com/s3/review/original/461232_69999d6a61db0.jpg,,,false,https://www.tourradar.com/t/157597,
461192,Essence of Bhutan,Dochula,Maggie Tsoi,"https://images.unsplash.com/photo-1472099645785-5658abf4ff4e?w=1
  50&h=150&fit=crop",5,2026-02-21,"Bhutan was on my Bucket List - Nobu and Nedup from Bhutan Acorn made my stay absolutely perfect and memorable.

 I am used to travelling alone but s","Bhutan was on my Bucket List - Nobu and Nedup from Bhutan Acorn made my stay absolutely perfect and memorable.

 I am used to travelling alone but since this is not possible for Bhutan, I had to hire an agency - wanting a more local and authentic experience (comparing to joining tours operated from Hong Kong) I trusted my trip with Bhutan Acorn. It was a decision well made and I have not regretted my choice for a second.

From early communication with the agency (they are very responsive in whatsapp) to planning my own schedule (yes you can tailor make), to the actual travel experience, everything is very well organized and taken care of. The food, accommodation, transport (ie ur own car), and the daily schedule are all very decent so I could just relax and enjoy every second without worrying about a single thing.

Being a solo female traveller, I felt incredibly safe and comfortable during my stay in Bhutan. Nobu (my guide) and Nedup (my driver) constantly went out of their way to make sure that i felt comfortable (and happy - they always asked me whether im happy) and for that im eternally grateful.

Thank you for sharing with me your lives, your culture, your knowledge, as well as your open heart and mind.

Thank you for treating me as a friend. :)",https://cdn.tourradar.com/s3/review/original/461192_699937f3050ea.jpg,,,false,https://www.tourradar.com/t/204747,
461192,Essence of Bhutan,Dochula,Maggie Tsoi,"https://images.unsplash.com/photo-1472099645785-5658abf4ff4e?w=1
  50&h=150&fit=crop",5,2026-02-21,"Bhutan was on my Bucket List - Nobu and Nedup from Bhutan Acorn made my stay absolutely perfect and memorable.

 I am used to travelling alone but s","Bhutan was on my Bucket List - Nobu and Nedup from Bhutan Acorn made my stay absolutely perfect and memorable.

 I am used to travelling alone but since this is not possible for Bhutan, I had to hire an agency - wanting a more local and authentic experience (comparing to joining tours operated from Hong Kong) I trusted my trip with Bhutan Acorn. It was a decision well made and I have not regretted my choice for a second.

From early communication with the agency (they are very responsive in whatsapp) to planning my own schedule (yes you can tailor make), to the actual travel experience, everything is very well organized and taken care of. The food, accommodation, transport (ie ur own car), and the daily schedule are all very decent so I could just relax and enjoy every second without worrying about a single thing.

Being a solo female traveller, I felt incredibly safe and comfortable during my stay in Bhutan. Nobu (my guide) and Nedup (my driver) constantly went out of their way to make sure that i felt comfortable (and happy - they always asked me whether im happy) and for that im eternally grateful.

Thank you for sharing with me your lives, your culture, your knowledge, as well as your open heart and mind.

Thank you for treating me as a friend. :)",https://cdn.tourradar.com/s3/review/original/461192_699937f3050ee.jpg,,,false,https://www.tourradar.com/t/204747,
461192,Essence of Bhutan,Dochula,Maggie Tsoi,"https://images.unsplash.com/photo-1472099645785-5658abf4ff4e?w=1
  50&h=150&fit=crop",5,2026-02-21,"Bhutan was on my Bucket List - Nobu and Nedup from Bhutan Acorn made my stay absolutely perfect and memorable.

 I am used to travelling alone but s","Bhutan was on my Bucket List - Nobu and Nedup from Bhutan Acorn made my stay absolutely perfect and memorable.

 I am used to travelling alone but since this is not possible for Bhutan, I had to hire an agency - wanting a more local and authentic experience (comparing to joining tours operated from Hong Kong) I trusted my trip with Bhutan Acorn. It was a decision well made and I have not regretted my choice for a second.

From early communication with the agency (they are very responsive in whatsapp) to planning my own schedule (yes you can tailor make), to the actual travel experience, everything is very well organized and taken care of. The food, accommodation, transport (ie ur own car), and the daily schedule are all very decent so I could just relax and enjoy every second without worrying about a single thing.

Being a solo female traveller, I felt incredibly safe and comfortable during my stay in Bhutan. Nobu (my guide) and Nedup (my driver) constantly went out of their way to make sure that i felt comfortable (and happy - they always asked me whether im happy) and for that im eternally grateful.

Thank you for sharing with me your lives, your culture, your knowledge, as well as your open heart and mind.

Thank you for treating me as a friend. :)",https://cdn.tourradar.com/s3/review/original/461192_69993815bcdfd.jpg,,,false,https://www.tourradar.com/t/204747,
461192,Essence of Bhutan,Dochula,Maggie Tsoi,"https://images.unsplash.com/photo-1472099645785-5658abf4ff4e?w=1
  50&h=150&fit=crop",5,2026-02-21,"Bhutan was on my Bucket List - Nobu and Nedup from Bhutan Acorn made my stay absolutely perfect and memorable.

 I am used to travelling alone but s","Bhutan was on my Bucket List - Nobu and Nedup from Bhutan Acorn made my stay absolutely perfect and memorable.

 I am used to travelling alone but since this is not possible for Bhutan, I had to hire an agency - wanting a more local and authentic experience (comparing to joining tours operated from Hong Kong) I trusted my trip with Bhutan Acorn. It was a decision well made and I have not regretted my choice for a second.

From early communication with the agency (they are very responsive in whatsapp) to planning my own schedule (yes you can tailor make), to the actual travel experience, everything is very well organized and taken care of. The food, accommodation, transport (ie ur own car), and the daily schedule are all very decent so I could just relax and enjoy every second without worrying about a single thing.

Being a solo female traveller, I felt incredibly safe and comfortable during my stay in Bhutan. Nobu (my guide) and Nedup (my driver) constantly went out of their way to make sure that i felt comfortable (and happy - they always asked me whether im happy) and for that im eternally grateful.

Thank you for sharing with me your lives, your culture, your knowledge, as well as your open heart and mind.

Thank you for treating me as a friend. :)",https://cdn.tourradar.com/s3/review/original/461192_69993815bce02.jpg,,,false,https://www.tourradar.com/t/204747,
461095,Sri Lanka Solo Journey Group,Dambulla,Barb Ha,"https://images.unsplash.com/photo-1472099645785-5658abf4ff4e?w=1
  50&h=150&fit=crop",5,2026-02-20,"The tour was well organized, the itinerary thought through. Our guide was very professional and considerate. He spoke very good English. Also he was a","The tour was well organized, the itinerary thought through. Our guide was very professional and considerate. He spoke very good English. Also he was a careful and safe driver. The car was comfortable and the hotels of good quality. Everything was perfect.",https://cdn.tourradar.com/s3/review/original/461095_699892ba199b9.jpg,,,false,https://www.tourradar.com/t/156034,
461095,Sri Lanka Solo Journey Group,Dambulla,Barb Ha,"https://images.unsplash.com/photo-1472099645785-5658abf4ff4e?w=1
  50&h=150&fit=crop",5,2026-02-20,"The tour was well organized, the itinerary thought through. Our guide was very professional and considerate. He spoke very good English. Also he was a","The tour was well organized, the itinerary thought through. Our guide was very professional and considerate. He spoke very good English. Also he was a careful and safe driver. The car was comfortable and the hotels of good quality. Everything was perfect.",https://cdn.tourradar.com/s3/review/original/461095_69989321550c5.jpg,,,false,https://www.tourradar.com/t/156034,
461031,Ganges Tour,Varanasi,MARIA SINITSINA,"https://images.unsplash.com/photo-1472099645785-5658abf4ff4e?w=1
  50&h=150&fit=crop",5,2026-02-20,Поездка прошла замечательно. Всё было организовано на высшем уровне. Абхинав всегда на связи и готов помочь. получили удовольствие от путешествия и ос,Поездка прошла замечательно. Всё было организовано на высшем уровне. Абхинав всегда на связи и готов помочь. получили удовольствие от путешествия и остались очень доволены,https://cdn.tourradar.com/s3/review/original/461031_699857b3c38ab.jpg,,,false,https://www.tourradar.com/t/242635,
461031,Ganges Tour,Agra,MARIA SINITSINA,"https://images.unsplash.com/photo-1472099645785-5658abf4ff4e?w=1
  50&h=150&fit=crop",5,2026-02-20,Поездка прошла замечательно. Всё было организовано на высшем уровне. Абхинав всегда на связи и готов помочь. получили удовольствие от путешествия и ос,Поездка прошла замечательно. Всё было организовано на высшем уровне. Абхинав всегда на связи и готов помочь. получили удовольствие от путешествия и остались очень доволены,https://cdn.tourradar.com/s3/review/original/461031_699857b3c38b0.jpg,,,false,https://www.tourradar.com/t/242635,
461031,Ganges Tour,,MARIA SINITSINA,"https://images.unsplash.com/photo-1472099645785-5658abf4ff4e?w=1
  50&h=150&fit=crop",5,2026-02-20,Поездка прошла замечательно. Всё было организовано на высшем уровне. Абхинав всегда на связи и готов помочь. получили удовольствие от путешествия и ос,Поездка прошла замечательно. Всё было организовано на высшем уровне. Абхинав всегда на связи и готов помочь. получили удовольствие от путешествия и остались очень доволены,https://cdn.tourradar.com/s3/review/original/461031_699857b3c38b1.jpg,,,false,https://www.tourradar.com/t/242635,
461031,Ganges Tour,Jaipur,MARIA SINITSINA,"https://images.unsplash.com/photo-1472099645785-5658abf4ff4e?w=1
  50&h=150&fit=crop",5,2026-02-20,Поездка прошла замечательно. Всё было организовано на высшем уровне. Абхинав всегда на связи и готов помочь. получили удовольствие от путешествия и ос,Поездка прошла замечательно. Всё было организовано на высшем уровне. Абхинав всегда на связи и готов помочь. получили удовольствие от путешествия и остались очень доволены,https://cdn.tourradar.com/s3/review/original/461031_699857b3c38b2.jpg,,,false,https://www.tourradar.com/t/242635,
461031,Ganges Tour,Varanasi,MARIA SINITSINA,"https://images.unsplash.com/photo-1472099645785-5658abf4ff4e?w=1
  50&h=150&fit=crop",5,2026-02-20,Поездка прошла замечательно. Всё было организовано на высшем уровне. Абхинав всегда на связи и готов помочь. получили удовольствие от путешествия и ос,Поездка прошла замечательно. Всё было организовано на высшем уровне. Абхинав всегда на связи и готов помочь. получили удовольствие от путешествия и остались очень доволены,https://cdn.tourradar.com/s3/review/original/461031_699857b3c38b3.jpg,,,false,https://www.tourradar.com/t/242635,
461031,Ganges Tour,Agra,MARIA SINITSINA,"https://images.unsplash.com/photo-1472099645785-5658abf4ff4e?w=1
  50&h=150&fit=crop",5,2026-02-20,Поездка прошла замечательно. Всё было организовано на высшем уровне. Абхинав всегда на связи и готов помочь. получили удовольствие от путешествия и ос,Поездка прошла замечательно. Всё было организовано на высшем уровне. Абхинав всегда на связи и готов помочь. получили удовольствие от путешествия и остались очень доволены,https://cdn.tourradar.com/s3/review/original/461031_699857b3c38b4.jpg,,,false,https://www.tourradar.com/t/242635,
461031,Ganges Tour,Jaipur,MARIA SINITSINA,"https://images.unsplash.com/photo-1472099645785-5658abf4ff4e?w=1
  50&h=150&fit=crop",5,2026-02-20,Поездка прошла замечательно. Всё было организовано на высшем уровне. Абхинав всегда на связи и готов помочь. получили удовольствие от путешествия и ос,Поездка прошла замечательно. Всё было организовано на высшем уровне. Абхинав всегда на связи и готов помочь. получили удовольствие от путешествия и остались очень доволены,https://cdn.tourradar.com/s3/review/original/461031_699857b3c38b5.jpg,,,false,https://www.tourradar.com/t/242635,
461031,Ganges Tour,New Delhi,MARIA SINITSINA,"https://images.unsplash.com/photo-1472099645785-5658abf4ff4e?w=1
  50&h=150&fit=crop",5,2026-02-20,Поездка прошла замечательно. Всё было организовано на высшем уровне. Абхинав всегда на связи и готов помочь. получили удовольствие от путешествия и ос,Поездка прошла замечательно. Всё было организовано на высшем уровне. Абхинав всегда на связи и готов помочь. получили удовольствие от путешествия и остались очень доволены,https://cdn.tourradar.com/s3/review/original/461031_699857b3c38b6.jpg,,,false,https://www.tourradar.com/t/242635,
461031,Ganges Tour,Jaipur,MARIA SINITSINA,"https://images.unsplash.com/photo-1472099645785-5658abf4ff4e?w=1
  50&h=150&fit=crop",5,2026-02-20,Поездка прошла замечательно. Всё было организовано на высшем уровне. Абхинав всегда на связи и готов помочь. получили удовольствие от путешествия и ос,Поездка прошла замечательно. Всё было организовано на высшем уровне. Абхинав всегда на связи и готов помочь. получили удовольствие от путешествия и остались очень доволены,https://cdn.tourradar.com/s3/review/original/461031_699857b3c38b7.jpg,,,false,https://www.tourradar.com/t/242635,
461031,Ganges Tour,,MARIA SINITSINA,"https://images.unsplash.com/photo-1472099645785-5658abf4ff4e?w=1
  50&h=150&fit=crop",5,2026-02-20,Поездка прошла замечательно. Всё было организовано на высшем уровне. Абхинав всегда на связи и готов помочь. получили удовольствие от путешествия и ос,Поездка прошла замечательно. Всё было организовано на высшем уровне. Абхинав всегда на связи и готов помочь. получили удовольствие от путешествия и остались очень доволены,https://cdn.tourradar.com/s3/review/original/461031_699857b3c38b8.jpg,,,false,https://www.tourradar.com/t/242635,
460963,"10 Days Across Vietnam, Cambodia & Thailand - Private Tour",Hoi An,Carmen Mackie,"https://images.unsplash.com/photo-1472099645785-5658abf4ff4e?w=1
  50&h=150&fit=crop",5,2026-02-19,"Overall, a wonderful tour to see everything we wanted-appreciate every step along the way from Responsible Asia to make the most amazing memories.","Overall, a wonderful tour to see everything we wanted-appreciate every step along the way from Responsible Asia to make the most amazing memories.",https://cdn.tourradar.com/s3/review/original/460963_699723085dd5e.jpg,,,false,https://www.tourradar.com/t/285228,
460963,"10 Days Across Vietnam, Cambodia & Thailand - Private Tour",Halong Bay,Carmen Mackie,"https://images.unsplash.com/photo-1472099645785-5658abf4ff4e?w=1
  50&h=150&fit=crop",5,2026-02-19,"Overall, a wonderful tour to see everything we wanted-appreciate every step along the way from Responsible Asia to make the most amazing memories.","Overall, a wonderful tour to see everything we wanted-appreciate every step along the way from Responsible Asia to make the most amazing memories.",https://cdn.tourradar.com/s3/review/original/460963_699723085dd62.jpg,,,false,https://www.tourradar.com/t/285228,
460963,"10 Days Across Vietnam, Cambodia & Thailand - Private Tour",Hoi An,Carmen Mackie,"https://images.unsplash.com/photo-1472099645785-5658abf4ff4e?w=1
  50&h=150&fit=crop",5,2026-02-19,"Overall, a wonderful tour to see everything we wanted-appreciate every step along the way from Responsible Asia to make the most amazing memories.","Overall, a wonderful tour to see everything we wanted-appreciate every step along the way from Responsible Asia to make the most amazing memories.",https://cdn.tourradar.com/s3/review/original/460963_699723085dd63.jpg,,,false,https://www.tourradar.com/t/285228,
460963,"10 Days Across Vietnam, Cambodia & Thailand - Private Tour",Halong Bay,Carmen Mackie,"https://images.unsplash.com/photo-1472099645785-5658abf4ff4e?w=1
  50&h=150&fit=crop",5,2026-02-19,"Overall, a wonderful tour to see everything we wanted-appreciate every step along the way from Responsible Asia to make the most amazing memories.","Overall, a wonderful tour to see everything we wanted-appreciate every step along the way from Responsible Asia to make the most amazing memories.",https://cdn.tourradar.com/s3/review/original/460963_699723085dd64.jpg,,,false,https://www.tourradar.com/t/285228,
460963,"10 Days Across Vietnam, Cambodia & Thailand - Private Tour",Halong Bay,Carmen Mackie,"https://images.unsplash.com/photo-1472099645785-5658abf4ff4e?w=1
  50&h=150&fit=crop",5,2026-02-19,"Overall, a wonderful tour to see everything we wanted-appreciate every step along the way from Responsible Asia to make the most amazing memories.","Overall, a wonderful tour to see everything we wanted-appreciate every step along the way from Responsible Asia to make the most amazing memories.",https://cdn.tourradar.com/s3/review/original/460963_699723085dd65.jpg,,,false,https://www.tourradar.com/t/285228,
460932,"2 Day South Coast Iceland, Black Sand Beach & Glacier Lagoon Small Group Tour with Optional Ice Cave",Vatnajokull National Park,Janny Polak,"https://images.unsplash.com/photo-1472099645785-5658abf4ff4e?w=1
  50&h=150&fit=crop",5,2026-02-19,"We enjoyed the tour very much. The guide and driver Kamal drove us safely to the most beautyful spots of South Iceland. Black beaches, glaciers, lavaf","We enjoyed the tour very much. The guide and driver Kamal drove us safely to the most beautyful spots of South Iceland. Black beaches, glaciers, lavafields, waterfalls. As being on another planet for 2 days. The hotel was also good, with good beds and breakfast. The cherry on the cake: northern light!",https://cdn.tourradar.com/s3/review/original/460932_6996d7494b168.jpg,,,false,https://www.tourradar.com/t/304793,
460932,"2 Day South Coast Iceland, Black Sand Beach & Glacier Lagoon Small Group Tour with Optional Ice Cave",Jokulsarlon,Janny Polak,"https://images.unsplash.com/photo-1472099645785-5658abf4ff4e?w=1
  50&h=150&fit=crop",5,2026-02-19,"We enjoyed the tour very much. The guide and driver Kamal drove us safely to the most beautyful spots of South Iceland. Black beaches, glaciers, lavaf","We enjoyed the tour very much. The guide and driver Kamal drove us safely to the most beautyful spots of South Iceland. Black beaches, glaciers, lavafields, waterfalls. As being on another planet for 2 days. The hotel was also good, with good beds and breakfast. The cherry on the cake: northern light!",https://cdn.tourradar.com/s3/review/original/460932_6996d7494b16c.jpg,,,false,https://www.tourradar.com/t/304793,
460932,"2 Day South Coast Iceland, Black Sand Beach & Glacier Lagoon Small Group Tour with Optional Ice Cave",,Janny Polak,"https://images.unsplash.com/photo-1472099645785-5658abf4ff4e?w=1
  50&h=150&fit=crop",5,2026-02-19,"We enjoyed the tour very much. The guide and driver Kamal drove us safely to the most beautyful spots of South Iceland. Black beaches, glaciers, lavaf","We enjoyed the tour very much. The guide and driver Kamal drove us safely to the most beautyful spots of South Iceland. Black beaches, glaciers, lavafields, waterfalls. As being on another planet for 2 days. The hotel was also good, with good beds and breakfast. The cherry on the cake: northern light!",https://cdn.tourradar.com/s3/review/original/460932_6996d7494b16d.jpg,,,false,https://www.tourradar.com/t/304793,
460932,"2 Day South Coast Iceland, Black Sand Beach & Glacier Lagoon Small Group Tour with Optional Ice Cave",,Janny Polak,"https://images.unsplash.com/photo-1472099645785-5658abf4ff4e?w=1
  50&h=150&fit=crop",5,2026-02-19,"We enjoyed the tour very much. The guide and driver Kamal drove us safely to the most beautyful spots of South Iceland. Black beaches, glaciers, lavaf","We enjoyed the tour very much. The guide and driver Kamal drove us safely to the most beautyful spots of South Iceland. Black beaches, glaciers, lavafields, waterfalls. As being on another planet for 2 days. The hotel was also good, with good beds and breakfast. The cherry on the cake: northern light!",https://cdn.tourradar.com/s3/review/original/460932_6996d7494b16e.jpg,,,false,https://www.tourradar.com/t/304793,
460932,"2 Day South Coast Iceland, Black Sand Beach & Glacier Lagoon Small Group Tour with Optional Ice Cave",Skogafoss,Janny Polak,"https://images.unsplash.com/photo-1472099645785-5658abf4ff4e?w=1
  50&h=150&fit=crop",5,2026-02-19,"We enjoyed the tour very much. The guide and driver Kamal drove us safely to the most beautyful spots of South Iceland. Black beaches, glaciers, lavaf","We enjoyed the tour very much. The guide and driver Kamal drove us safely to the most beautyful spots of South Iceland. Black beaches, glaciers, lavafields, waterfalls. As being on another planet for 2 days. The hotel was also good, with good beds and breakfast. The cherry on the cake: northern light!",https://cdn.tourradar.com/s3/review/original/460932_6996d7494b16f.jpg,,,false,https://www.tourradar.com/t/304793,
460932,"2 Day South Coast Iceland, Black Sand Beach & Glacier Lagoon Small Group Tour with Optional Ice Cave",,Janny Polak,"https://images.unsplash.com/photo-1472099645785-5658abf4ff4e?w=1
  50&h=150&fit=crop",5,2026-02-19,"We enjoyed the tour very much. The guide and driver Kamal drove us safely to the most beautyful spots of South Iceland. Black beaches, glaciers, lavaf","We enjoyed the tour very much. The guide and driver Kamal drove us safely to the most beautyful spots of South Iceland. Black beaches, glaciers, lavafields, waterfalls. As being on another planet for 2 days. The hotel was also good, with good beds and breakfast. The cherry on the cake: northern light!",https://cdn.tourradar.com/s3/review/original/460932_6996d7494b170.jpg,,,false,https://www.tourradar.com/t/304793,
460869,Pharaohs Nile Cruise Adventure - Grand GEM Visit – Return Flights Included,Philae,Maansi Bhardwaj,"https://images.unsplash.com/photo-1472099645785-5658abf4ff4e?w=1
  50&h=150&fit=crop",5,2026-02-18,"This tour was incredibly well organized from start to finish. Someone from the company was with us from the moment we landed at the airport, which mad","This tour was incredibly well organized from start to finish. Someone from the company was with us from the moment we landed at the airport, which made everything feel smooth and stress-free. The hotels and the Nile cruise were first class, and the food on the cruise was absolutely delicious.

Our tour guide from Luxor to Aswan, Mr. Ashraf, was truly the highlight of the trip. He was so well spoken, explained everything clearly and passionately, and made the history come alive. He also went above and beyond to take care of everyone in the group…from helping people sort out SIM cards to arranging special excursions seamlessly.

The Egyptian hospitality was amazing throughout. The hot air balloon ride and Abu Simbel excursion are absolute must-dos. It’s astounding how many historic sites we were able to visit in one trip. the entire experience is awe-inspiring.

And most importantly, as a solo female traveler, the country feels safe. I would highly recommend this experience to anyone considering Egypt.",https://cdn.tourradar.com/s3/review/original/460869_6995c31d583ee.jpg,,,false,https://www.tourradar.com/t/111022,
460869,Pharaohs Nile Cruise Adventure - Grand GEM Visit – Return Flights Included,Aswan,Maansi Bhardwaj,"https://images.unsplash.com/photo-1472099645785-5658abf4ff4e?w=1
  50&h=150&fit=crop",5,2026-02-18,"This tour was incredibly well organized from start to finish. Someone from the company was with us from the moment we landed at the airport, which mad","This tour was incredibly well organized from start to finish. Someone from the company was with us from the moment we landed at the airport, which made everything feel smooth and stress-free. The hotels and the Nile cruise were first class, and the food on the cruise was absolutely delicious.

Our tour guide from Luxor to Aswan, Mr. Ashraf, was truly the highlight of the trip. He was so well spoken, explained everything clearly and passionately, and made the history come alive. He also went above and beyond to take care of everyone in the group…from helping people sort out SIM cards to arranging special excursions seamlessly.

The Egyptian hospitality was amazing throughout. The hot air balloon ride and Abu Simbel excursion are absolute must-dos. It’s astounding how many historic sites we were able to visit in one trip. the entire experience is awe-inspiring.

And most importantly, as a solo female traveler, the country feels safe. I would highly recommend this experience to anyone considering Egypt.",https://cdn.tourradar.com/s3/review/original/460869_6995c31d583f3.jpg,,,false,https://www.tourradar.com/t/111022,
460856,Pharaohs Nile Cruise Adventure - Grand GEM Visit – Return Flights Included,Cairo,Jignesh  Bhatt,"https://images.unsplash.com/photo-1472099645785-5658abf4ff4e?w=1
  50&h=150&fit=crop",5,2026-02-18,We had a great time with the Beyond the Nile tour in Egypt. All the attractions were very well explained. The main organiser  Mohammed took care of al,We had a great time with the Beyond the Nile tour in Egypt. All the attractions were very well explained. The main organiser  Mohammed took care of all the main bookings and was very helpful with overall planning. Our Cairo guide was Abdul and he was very knowledgeable and explained things in detail. Our guide from Luxor to Aswan (in the Nile cruise) was Ashraf and he was truly awesome and gave us perfect balance of information and free time to explore the place. We got the luxury cruise of Cleopatra and had a very good experience with the staff there as well. Overall highly recommend the tour. Way to go !!! Thanks for the memories!!!,https://cdn.tourradar.com/s3/review/original/460856_6995a67c0dd6b.jpg,,,false,https://www.tourradar.com/t/111022,
460856,Pharaohs Nile Cruise Adventure - Grand GEM Visit – Return Flights Included,Philae,Jignesh  Bhatt,"https://images.unsplash.com/photo-1472099645785-5658abf4ff4e?w=1
  50&h=150&fit=crop",5,2026-02-18,We had a great time with the Beyond the Nile tour in Egypt. All the attractions were very well explained. The main organiser  Mohammed took care of al,We had a great time with the Beyond the Nile tour in Egypt. All the attractions were very well explained. The main organiser  Mohammed took care of all the main bookings and was very helpful with overall planning. Our Cairo guide was Abdul and he was very knowledgeable and explained things in detail. Our guide from Luxor to Aswan (in the Nile cruise) was Ashraf and he was truly awesome and gave us perfect balance of information and free time to explore the place. We got the luxury cruise of Cleopatra and had a very good experience with the staff there as well. Overall highly recommend the tour. Way to go !!! Thanks for the memories!!!,https://cdn.tourradar.com/s3/review/original/460856_6995a67c0dd6f.jpg,,,false,https://www.tourradar.com/t/111022,
460844,Oman’s Premier Private Experience,Muscat,christina sauer,"https://images.unsplash.com/photo-1472099645785-5658abf4ff4e?w=1
  50&h=150&fit=crop",5,2026-02-18,As a senior citizen I was unsure of how much I would be able to manage in Oman. Gidoman arranged the perfect tailormade tour and I enjoyed every minut,"As a senior citizen I was unsure of how much I would be able to manage in Oman. Gidoman arranged the perfect tailormade tour and I enjoyed every minute of my short stay in this welcoming, beautiful country. Our driver and guide, Jamal, made our tour extra special, answering our questions, sharing his knowledge and always making me feel comfortable and safe. His big smile was there every morning to greet us!",https://cdn.tourradar.com/s3/review/original/460844_69956e2320785.jpg,,,false,https://www.tourradar.com/t/229616,
460844,Oman’s Premier Private Experience,Muscat,christina sauer,"https://images.unsplash.com/photo-1472099645785-5658abf4ff4e?w=1
  50&h=150&fit=crop",5,2026-02-18,As a senior citizen I was unsure of how much I would be able to manage in Oman. Gidoman arranged the perfect tailormade tour and I enjoyed every minut,"As a senior citizen I was unsure of how much I would be able to manage in Oman. Gidoman arranged the perfect tailormade tour and I enjoyed every minute of my short stay in this welcoming, beautiful country. Our driver and guide, Jamal, made our tour extra special, answering our questions, sharing his knowledge and always making me feel comfortable and safe. His big smile was there every morning to greet us!",https://cdn.tourradar.com/s3/review/original/460844_69956e2320788.jpg,,,false,https://www.tourradar.com/t/229616,
460844,Oman’s Premier Private Experience,Nizwa,christina sauer,"https://images.unsplash.com/photo-1472099645785-5658abf4ff4e?w=1
  50&h=150&fit=crop",5,2026-02-18,As a senior citizen I was unsure of how much I would be able to manage in Oman. Gidoman arranged the perfect tailormade tour and I enjoyed every minut,"As a senior citizen I was unsure of how much I would be able to manage in Oman. Gidoman arranged the perfect tailormade tour and I enjoyed every minute of my short stay in this welcoming, beautiful country. Our driver and guide, Jamal, made our tour extra special, answering our questions, sharing his knowledge and always making me feel comfortable and safe. His big smile was there every morning to greet us!",https://cdn.tourradar.com/s3/review/original/460844_69956e2320789.jpg,,,false,https://www.tourradar.com/t/229616,
460844,Oman’s Premier Private Experience,Nizwa,christina sauer,"https://images.unsplash.com/photo-1472099645785-5658abf4ff4e?w=1
  50&h=150&fit=crop",5,2026-02-18,As a senior citizen I was unsure of how much I would be able to manage in Oman. Gidoman arranged the perfect tailormade tour and I enjoyed every minut,"As a senior citizen I was unsure of how much I would be able to manage in Oman. Gidoman arranged the perfect tailormade tour and I enjoyed every minute of my short stay in this welcoming, beautiful country. Our driver and guide, Jamal, made our tour extra special, answering our questions, sharing his knowledge and always making me feel comfortable and safe. His big smile was there every morning to greet us!",https://cdn.tourradar.com/s3/review/original/460844_69956e232078a.jpg,,,false,https://www.tourradar.com/t/229616,
460814,7-Day Rwanda Uganda Wildlife and Primate Safari Adventure,Akagera National Park,Shannon McCully,"https://images.unsplash.com/photo-1472099645785-5658abf4ff4e?w=1
  50&h=150&fit=crop",5,2026-02-18,"We modified this tour a bit but this was the closest match for this review. 

We're very glad we chose Safari to Gorilla Tours and had a wonderful e","We modified this tour a bit but this was the closest match for this review. 

We're very glad we chose Safari to Gorilla Tours and had a wonderful experience from start to finish. After researching Safari Bookings to compare companies and itineraries we chose S2G because we liked the itinerary options, price point, and they have great reviews. Aron made it very easy to arrange and happily accommodated a change to fit our schedule. Our trip had 2 gorilla treks, one in Rwanda and one in Uganda, a safari in Queen Elizabeth National Park, the Kazinga River Channel safari and the Mabamba Swamp to see the Shoebill stork, with mid-range accommodations (most were beautiful with stunning settings and views). They can provide high-end accommodation if preferred. Our 8 day tour began in Kigali, Rwanda and ended at the Entebbe airport in Uganda. Aron was incredibly responsive throughout the process and responded to my questions with good guidance and kindness. Our driver guide Obed was wonderful. He was warm, friendly, very knowledgeable, a former National Park Ranger, and made sure we had a very enjoyable and easy experience all along the way. We would gladly book with Aron and Safari to Gorilla Tours again. A couple of points that might be helpful to know is 1) to take more money for miscellaneous tips than you think you need. There are many helpful people along the way that you will want to tip and it makes a big difference in their lives, 2) our schedule was ambitious but if we had more time it would have been lovely to stay longer at some of the places and soak in the experience. Happy travels!",https://cdn.tourradar.com/s3/review/original/460814_699508e6d1ce4.jpg,,,false,https://www.tourradar.com/t/328152,
460814,7-Day Rwanda Uganda Wildlife and Primate Safari Adventure,Bwindi Impenetrable National Park,Shannon McCully,"https://images.unsplash.com/photo-1472099645785-5658abf4ff4e?w=1
  50&h=150&fit=crop",5,2026-02-18,"We modified this tour a bit but this was the closest match for this review. 

We're very glad we chose Safari to Gorilla Tours and had a wonderful e","We modified this tour a bit but this was the closest match for this review. 

We're very glad we chose Safari to Gorilla Tours and had a wonderful experience from start to finish. After researching Safari Bookings to compare companies and itineraries we chose S2G because we liked the itinerary options, price point, and they have great reviews. Aron made it very easy to arrange and happily accommodated a change to fit our schedule. Our trip had 2 gorilla treks, one in Rwanda and one in Uganda, a safari in Queen Elizabeth National Park, the Kazinga River Channel safari and the Mabamba Swamp to see the Shoebill stork, with mid-range accommodations (most were beautiful with stunning settings and views). They can provide high-end accommodation if preferred. Our 8 day tour began in Kigali, Rwanda and ended at the Entebbe airport in Uganda. Aron was incredibly responsive throughout the process and responded to my questions with good guidance and kindness. Our driver guide Obed was wonderful. He was warm, friendly, very knowledgeable, a former National Park Ranger, and made sure we had a very enjoyable and easy experience all along the way. We would gladly book with Aron and Safari to Gorilla Tours again. A couple of points that might be helpful to know is 1) to take more money for miscellaneous tips than you think you need. There are many helpful people along the way that you will want to tip and it makes a big difference in their lives, 2) our schedule was ambitious but if we had more time it would have been lovely to stay longer at some of the places and soak in the experience. Happy travels!",https://cdn.tourradar.com/s3/review/original/460814_699508e6d1ce8.jpg,,,false,https://www.tourradar.com/t/328152,
460814,7-Day Rwanda Uganda Wildlife and Primate Safari Adventure,Queen Elizabeth National Park,Shannon McCully,"https://images.unsplash.com/photo-1472099645785-5658abf4ff4e?w=1
  50&h=150&fit=crop",5,2026-02-18,"We modified this tour a bit but this was the closest match for this review. 

We're very glad we chose Safari to Gorilla Tours and had a wonderful e","We modified this tour a bit but this was the closest match for this review. 

We're very glad we chose Safari to Gorilla Tours and had a wonderful experience from start to finish. After researching Safari Bookings to compare companies and itineraries we chose S2G because we liked the itinerary options, price point, and they have great reviews. Aron made it very easy to arrange and happily accommodated a change to fit our schedule. Our trip had 2 gorilla treks, one in Rwanda and one in Uganda, a safari in Queen Elizabeth National Park, the Kazinga River Channel safari and the Mabamba Swamp to see the Shoebill stork, with mid-range accommodations (most were beautiful with stunning settings and views). They can provide high-end accommodation if preferred. Our 8 day tour began in Kigali, Rwanda and ended at the Entebbe airport in Uganda. Aron was incredibly responsive throughout the process and responded to my questions with good guidance and kindness. Our driver guide Obed was wonderful. He was warm, friendly, very knowledgeable, a former National Park Ranger, and made sure we had a very enjoyable and easy experience all along the way. We would gladly book with Aron and Safari to Gorilla Tours again. A couple of points that might be helpful to know is 1) to take more money for miscellaneous tips than you think you need. There are many helpful people along the way that you will want to tip and it makes a big difference in their lives, 2) our schedule was ambitious but if we had more time it would have been lovely to stay longer at some of the places and soak in the experience. Happy travels!",https://cdn.tourradar.com/s3/review/original/460814_699508e6d1ce9.jpg,,,false,https://www.tourradar.com/t/328152,
460814,7-Day Rwanda Uganda Wildlife and Primate Safari Adventure,Akagera National Park,Shannon McCully,"https://images.unsplash.com/photo-1472099645785-5658abf4ff4e?w=1
  50&h=150&fit=crop",5,2026-02-18,"We modified this tour a bit but this was the closest match for this review. 

We're very glad we chose Safari to Gorilla Tours and had a wonderful e","We modified this tour a bit but this was the closest match for this review. 

We're very glad we chose Safari to Gorilla Tours and had a wonderful experience from start to finish. After researching Safari Bookings to compare companies and itineraries we chose S2G because we liked the itinerary options, price point, and they have great reviews. Aron made it very easy to arrange and happily accommodated a change to fit our schedule. Our trip had 2 gorilla treks, one in Rwanda and one in Uganda, a safari in Queen Elizabeth National Park, the Kazinga River Channel safari and the Mabamba Swamp to see the Shoebill stork, with mid-range accommodations (most were beautiful with stunning settings and views). They can provide high-end accommodation if preferred. Our 8 day tour began in Kigali, Rwanda and ended at the Entebbe airport in Uganda. Aron was incredibly responsive throughout the process and responded to my questions with good guidance and kindness. Our driver guide Obed was wonderful. He was warm, friendly, very knowledgeable, a former National Park Ranger, and made sure we had a very enjoyable and easy experience all along the way. We would gladly book with Aron and Safari to Gorilla Tours again. A couple of points that might be helpful to know is 1) to take more money for miscellaneous tips than you think you need. There are many helpful people along the way that you will want to tip and it makes a big difference in their lives, 2) our schedule was ambitious but if we had more time it would have been lovely to stay longer at some of the places and soak in the experience. Happy travels!",https://cdn.tourradar.com/s3/review/original/460814_699508e6d1cea.jpg,,,false,https://www.tourradar.com/t/328152,
460814,7-Day Rwanda Uganda Wildlife and Primate Safari Adventure,Akagera National Park,Shannon McCully,"https://images.unsplash.com/photo-1472099645785-5658abf4ff4e?w=1
  50&h=150&fit=crop",5,2026-02-18,"We modified this tour a bit but this was the closest match for this review. 

We're very glad we chose Safari to Gorilla Tours and had a wonderful e","We modified this tour a bit but this was the closest match for this review. 

We're very glad we chose Safari to Gorilla Tours and had a wonderful experience from start to finish. After researching Safari Bookings to compare companies and itineraries we chose S2G because we liked the itinerary options, price point, and they have great reviews. Aron made it very easy to arrange and happily accommodated a change to fit our schedule. Our trip had 2 gorilla treks, one in Rwanda and one in Uganda, a safari in Queen Elizabeth National Park, the Kazinga River Channel safari and the Mabamba Swamp to see the Shoebill stork, with mid-range accommodations (most were beautiful with stunning settings and views). They can provide high-end accommodation if preferred. Our 8 day tour began in Kigali, Rwanda and ended at the Entebbe airport in Uganda. Aron was incredibly responsive throughout the process and responded to my questions with good guidance and kindness. Our driver guide Obed was wonderful. He was warm, friendly, very knowledgeable, a former National Park Ranger, and made sure we had a very enjoyable and easy experience all along the way. We would gladly book with Aron and Safari to Gorilla Tours again. A couple of points that might be helpful to know is 1) to take more money for miscellaneous tips than you think you need. There are many helpful people along the way that you will want to tip and it makes a big difference in their lives, 2) our schedule was ambitious but if we had more time it would have been lovely to stay longer at some of the places and soak in the experience. Happy travels!",https://cdn.tourradar.com/s3/review/original/460814_699508e6d1ceb.jpg,,,false,https://www.tourradar.com/t/328152,
460814,7-Day Rwanda Uganda Wildlife and Primate Safari Adventure,Bwindi Impenetrable National Park,Shannon McCully,"https://images.unsplash.com/photo-1472099645785-5658abf4ff4e?w=1
  50&h=150&fit=crop",5,2026-02-18,"We modified this tour a bit but this was the closest match for this review. 

We're very glad we chose Safari to Gorilla Tours and had a wonderful e","We modified this tour a bit but this was the closest match for this review. 

We're very glad we chose Safari to Gorilla Tours and had a wonderful experience from start to finish. After researching Safari Bookings to compare companies and itineraries we chose S2G because we liked the itinerary options, price point, and they have great reviews. Aron made it very easy to arrange and happily accommodated a change to fit our schedule. Our trip had 2 gorilla treks, one in Rwanda and one in Uganda, a safari in Queen Elizabeth National Park, the Kazinga River Channel safari and the Mabamba Swamp to see the Shoebill stork, with mid-range accommodations (most were beautiful with stunning settings and views). They can provide high-end accommodation if preferred. Our 8 day tour began in Kigali, Rwanda and ended at the Entebbe airport in Uganda. Aron was incredibly responsive throughout the process and responded to my questions with good guidance and kindness. Our driver guide Obed was wonderful. He was warm, friendly, very knowledgeable, a former National Park Ranger, and made sure we had a very enjoyable and easy experience all along the way. We would gladly book with Aron and Safari to Gorilla Tours again. A couple of points that might be helpful to know is 1) to take more money for miscellaneous tips than you think you need. There are many helpful people along the way that you will want to tip and it makes a big difference in their lives, 2) our schedule was ambitious but if we had more time it would have been lovely to stay longer at some of the places and soak in the experience. Happy travels!",https://cdn.tourradar.com/s3/review/original/460814_699508e6d1cec.jpg,,,false,https://www.tourradar.com/t/328152,
460792,5 Days Private Golden Triangle India tour from New Delhi,Taj Mahal,Walter Barnes,"https://images.unsplash.com/photo-1472099645785-5658abf4ff4e?w=1
  50&h=150&fit=crop",5,2026-02-17,We were a bit nervous about touring in India but our experience with Taj Tours made it a magical and flawless experience.  We booked the tour after a ,"We were a bit nervous about touring in India but our experience with Taj Tours made it a magical and flawless experience.  We booked the tour after a 2 week cruise ending in Mumbai.  We flew to Delhi and were picked up at our hotel by Mr. Danish, our driver for the week.  Our sedan was clean and new and Mr. Danish was friendly and was so polite and helpful. He opened doors, handled our luggage, made sure we always had water


and was super sharp and professional in his uniform.  Driving is crazy in India, but MR. Danish was super and took good care of us.  Our accommodations for the week were wonderful.  We chose 5 star and weren’t disappointed. All hotels had good restaurants so after long days of sightseeing and travel, we were able to enjoy really good meals.  Excellent guides were provided in each city and all were knowledgeable and personable.  Saeed, in Agra was amazing. He had 35 years of experience and shared it with us, down to knowing where to get the best pictures at the Taj Mahal. He gave us a wonderful history lesson about the the 16th and 17th century India. All guides were very knowledgeable and courteous. Aahil, the Taj principal met with us during the week and constantly kept in touch to ensure all was going well.  
   I was very pleased with Taj Tours and our adventure was seamless and worry free.  I would recommend this tour company to anyone wanting a great travel experience.",https://cdn.tourradar.com/s3/review/original/460792_6994b55911d45.jpg,,,false,https://www.tourradar.com/t/138268,
460792,5 Days Private Golden Triangle India tour from New Delhi,Taj Mahal,Walter Barnes,"https://images.unsplash.com/photo-1472099645785-5658abf4ff4e?w=1
  50&h=150&fit=crop",5,2026-02-17,We were a bit nervous about touring in India but our experience with Taj Tours made it a magical and flawless experience.  We booked the tour after a ,"We were a bit nervous about touring in India but our experience with Taj Tours made it a magical and flawless experience.  We booked the tour after a 2 week cruise ending in Mumbai.  We flew to Delhi and were picked up at our hotel by Mr. Danish, our driver for the week.  Our sedan was clean and new and Mr. Danish was friendly and was so polite and helpful. He opened doors, handled our luggage, made sure we always had water


and was super sharp and professional in his uniform.  Driving is crazy in India, but MR. Danish was super and took good care of us.  Our accommodations for the week were wonderful.  We chose 5 star and weren’t disappointed. All hotels had good restaurants so after long days of sightseeing and travel, we were able to enjoy really good meals.  Excellent guides were provided in each city and all were knowledgeable and personable.  Saeed, in Agra was amazing. He had 35 years of experience and shared it with us, down to knowing where to get the best pictures at the Taj Mahal. He gave us a wonderful history lesson about the the 16th and 17th century India. All guides were very knowledgeable and courteous. Aahil, the Taj principal met with us during the week and constantly kept in touch to ensure all was going well.  
   I was very pleased with Taj Tours and our adventure was seamless and worry free.  I would recommend this tour company to anyone wanting a great travel experience.",https://cdn.tourradar.com/s3/review/original/460792_6994b55911d4a.jpg,,,false,https://www.tourradar.com/t/138268,
460792,5 Days Private Golden Triangle India tour from New Delhi,,Walter Barnes,"https://images.unsplash.com/photo-1472099645785-5658abf4ff4e?w=1
  50&h=150&fit=crop",5,2026-02-17,We were a bit nervous about touring in India but our experience with Taj Tours made it a magical and flawless experience.  We booked the tour after a ,"We were a bit nervous about touring in India but our experience with Taj Tours made it a magical and flawless experience.  We booked the tour after a 2 week cruise ending in Mumbai.  We flew to Delhi and were picked up at our hotel by Mr. Danish, our driver for the week.  Our sedan was clean and new and Mr. Danish was friendly and was so polite and helpful. He opened doors, handled our luggage, made sure we always had water


and was super sharp and professional in his uniform.  Driving is crazy in India, but MR. Danish was super and took good care of us.  Our accommodations for the week were wonderful.  We chose 5 star and weren’t disappointed. All hotels had good restaurants so after long days of sightseeing and travel, we were able to enjoy really good meals.  Excellent guides were provided in each city and all were knowledgeable and personable.  Saeed, in Agra was amazing. He had 35 years of experience and shared it with us, down to knowing where to get the best pictures at the Taj Mahal. He gave us a wonderful history lesson about the the 16th and 17th century India. All guides were very knowledgeable and courteous. Aahil, the Taj principal met with us during the week and constantly kept in touch to ensure all was going well.  
   I was very pleased with Taj Tours and our adventure was seamless and worry free.  I would recommend this tour company to anyone wanting a great travel experience.",https://cdn.tourradar.com/s3/review/original/460792_6994b55911d4b.jpg,,,false,https://www.tourradar.com/t/138268,
460792,5 Days Private Golden Triangle India tour from New Delhi,Jaipur,Walter Barnes,"https://images.unsplash.com/photo-1472099645785-5658abf4ff4e?w=1
  50&h=150&fit=crop",5,2026-02-17,We were a bit nervous about touring in India but our experience with Taj Tours made it a magical and flawless experience.  We booked the tour after a ,"We were a bit nervous about touring in India but our experience with Taj Tours made it a magical and flawless experience.  We booked the tour after a 2 week cruise ending in Mumbai.  We flew to Delhi and were picked up at our hotel by Mr. Danish, our driver for the week.  Our sedan was clean and new and Mr. Danish was friendly and was so polite and helpful. He opened doors, handled our luggage, made sure we always had water


and was super sharp and professional in his uniform.  Driving is crazy in India, but MR. Danish was super and took good care of us.  Our accommodations for the week were wonderful.  We chose 5 star and weren’t disappointed. All hotels had good restaurants so after long days of sightseeing and travel, we were able to enjoy really good meals.  Excellent guides were provided in each city and all were knowledgeable and personable.  Saeed, in Agra was amazing. He had 35 years of experience and shared it with us, down to knowing where to get the best pictures at the Taj Mahal. He gave us a wonderful history lesson about the the 16th and 17th century India. All guides were very knowledgeable and courteous. Aahil, the Taj principal met with us during the week and constantly kept in touch to ensure all was going well.  
   I was very pleased with Taj Tours and our adventure was seamless and worry free.  I would recommend this tour company to anyone wanting a great travel experience.",https://cdn.tourradar.com/s3/review/original/460792_6994b55911d4c.jpg,,,false,https://www.tourradar.com/t/138268,
460792,5 Days Private Golden Triangle India tour from New Delhi,Taj Mahal,Walter Barnes,"https://images.unsplash.com/photo-1472099645785-5658abf4ff4e?w=1
  50&h=150&fit=crop",5,2026-02-17,We were a bit nervous about touring in India but our experience with Taj Tours made it a magical and flawless experience.  We booked the tour after a ,"We were a bit nervous about touring in India but our experience with Taj Tours made it a magical and flawless experience.  We booked the tour after a 2 week cruise ending in Mumbai.  We flew to Delhi and were picked up at our hotel by Mr. Danish, our driver for the week.  Our sedan was clean and new and Mr. Danish was friendly and was so polite and helpful. He opened doors, handled our luggage, made sure we always had water


and was super sharp and professional in his uniform.  Driving is crazy in India, but MR. Danish was super and took good care of us.  Our accommodations for the week were wonderful.  We chose 5 star and weren’t disappointed. All hotels had good restaurants so after long days of sightseeing and travel, we were able to enjoy really good meals.  Excellent guides were provided in each city and all were knowledgeable and personable.  Saeed, in Agra was amazing. He had 35 years of experience and shared it with us, down to knowing where to get the best pictures at the Taj Mahal. He gave us a wonderful history lesson about the the 16th and 17th century India. All guides were very knowledgeable and courteous. Aahil, the Taj principal met with us during the week and constantly kept in touch to ensure all was going well.  
   I was very pleased with Taj Tours and our adventure was seamless and worry free.  I would recommend this tour company to anyone wanting a great travel experience.",https://cdn.tourradar.com/s3/review/original/460792_6994b55911d4d.jpg,,,false,https://www.tourradar.com/t/138268,
460792,5 Days Private Golden Triangle India tour from New Delhi,,Walter Barnes,"https://images.unsplash.com/photo-1472099645785-5658abf4ff4e?w=1
  50&h=150&fit=crop",5,2026-02-17,We were a bit nervous about touring in India but our experience with Taj Tours made it a magical and flawless experience.  We booked the tour after a ,"We were a bit nervous about touring in India but our experience with Taj Tours made it a magical and flawless experience.  We booked the tour after a 2 week cruise ending in Mumbai.  We flew to Delhi and were picked up at our hotel by Mr. Danish, our driver for the week.  Our sedan was clean and new and Mr. Danish was friendly and was so polite and helpful. He opened doors, handled our luggage, made sure we always had water


and was super sharp and professional in his uniform.  Driving is crazy in India, but MR. Danish was super and took good care of us.  Our accommodations for the week were wonderful.  We chose 5 star and weren’t disappointed. All hotels had good restaurants so after long days of sightseeing and travel, we were able to enjoy really good meals.  Excellent guides were provided in each city and all were knowledgeable and personable.  Saeed, in Agra was amazing. He had 35 years of experience and shared it with us, down to knowing where to get the best pictures at the Taj Mahal. He gave us a wonderful history lesson about the the 16th and 17th century India. All guides were very knowledgeable and courteous. Aahil, the Taj principal met with us during the week and constantly kept in touch to ensure all was going well.  
   I was very pleased with Taj Tours and our adventure was seamless and worry free.  I would recommend this tour company to anyone wanting a great travel experience.",https://cdn.tourradar.com/s3/review/original/460792_6994b55911d4e.jpg,,,false,https://www.tourradar.com/t/138268,
460792,5 Days Private Golden Triangle India tour from New Delhi,Jaipur,Walter Barnes,"https://images.unsplash.com/photo-1472099645785-5658abf4ff4e?w=1
  50&h=150&fit=crop",5,2026-02-17,We were a bit nervous about touring in India but our experience with Taj Tours made it a magical and flawless experience.  We booked the tour after a ,"We were a bit nervous about touring in India but our experience with Taj Tours made it a magical and flawless experience.  We booked the tour after a 2 week cruise ending in Mumbai.  We flew to Delhi and were picked up at our hotel by Mr. Danish, our driver for the week.  Our sedan was clean and new and Mr. Danish was friendly and was so polite and helpful. He opened doors, handled our luggage, made sure we always had water


and was super sharp and professional in his uniform.  Driving is crazy in India, but MR. Danish was super and took good care of us.  Our accommodations for the week were wonderful.  We chose 5 star and weren’t disappointed. All hotels had good restaurants so after long days of sightseeing and travel, we were able to enjoy really good meals.  Excellent guides were provided in each city and all were knowledgeable and personable.  Saeed, in Agra was amazing. He had 35 years of experience and shared it with us, down to knowing where to get the best pictures at the Taj Mahal. He gave us a wonderful history lesson about the the 16th and 17th century India. All guides were very knowledgeable and courteous. Aahil, the Taj principal met with us during the week and constantly kept in touch to ensure all was going well.  
   I was very pleased with Taj Tours and our adventure was seamless and worry free.  I would recommend this tour company to anyone wanting a great travel experience.",https://cdn.tourradar.com/s3/review/original/460792_6994b55911d4f.jpg,,,false,https://www.tourradar.com/t/138268,
460792,5 Days Private Golden Triangle India tour from New Delhi,New Delhi,Walter Barnes,"https://images.unsplash.com/photo-1472099645785-5658abf4ff4e?w=1
  50&h=150&fit=crop",5,2026-02-17,We were a bit nervous about touring in India but our experience with Taj Tours made it a magical and flawless experience.  We booked the tour after a ,"We were a bit nervous about touring in India but our experience with Taj Tours made it a magical and flawless experience.  We booked the tour after a 2 week cruise ending in Mumbai.  We flew to Delhi and were picked up at our hotel by Mr. Danish, our driver for the week.  Our sedan was clean and new and Mr. Danish was friendly and was so polite and helpful. He opened doors, handled our luggage, made sure we always had water


and was super sharp and professional in his uniform.  Driving is crazy in India, but MR. Danish was super and took good care of us.  Our accommodations for the week were wonderful.  We chose 5 star and weren’t disappointed. All hotels had good restaurants so after long days of sightseeing and travel, we were able to enjoy really good meals.  Excellent guides were provided in each city and all were knowledgeable and personable.  Saeed, in Agra was amazing. He had 35 years of experience and shared it with us, down to knowing where to get the best pictures at the Taj Mahal. He gave us a wonderful history lesson about the the 16th and 17th century India. All guides were very knowledgeable and courteous. Aahil, the Taj principal met with us during the week and constantly kept in touch to ensure all was going well.  
   I was very pleased with Taj Tours and our adventure was seamless and worry free.  I would recommend this tour company to anyone wanting a great travel experience.",https://cdn.tourradar.com/s3/review/original/460792_6994b55911d50.jpg,,,false,https://www.tourradar.com/t/138268,
460792,5 Days Private Golden Triangle India tour from New Delhi,Agra,Walter Barnes,"https://images.unsplash.com/photo-1472099645785-5658abf4ff4e?w=1
  50&h=150&fit=crop",5,2026-02-17,We were a bit nervous about touring in India but our experience with Taj Tours made it a magical and flawless experience.  We booked the tour after a ,"We were a bit nervous about touring in India but our experience with Taj Tours made it a magical and flawless experience.  We booked the tour after a 2 week cruise ending in Mumbai.  We flew to Delhi and were picked up at our hotel by Mr. Danish, our driver for the week.  Our sedan was clean and new and Mr. Danish was friendly and was so polite and helpful. He opened doors, handled our luggage, made sure we always had water


and was super sharp and professional in his uniform.  Driving is crazy in India, but MR. Danish was super and took good care of us.  Our accommodations for the week were wonderful.  We chose 5 star and weren’t disappointed. All hotels had good restaurants so after long days of sightseeing and travel, we were able to enjoy really good meals.  Excellent guides were provided in each city and all were knowledgeable and personable.  Saeed, in Agra was amazing. He had 35 years of experience and shared it with us, down to knowing where to get the best pictures at the Taj Mahal. He gave us a wonderful history lesson about the the 16th and 17th century India. All guides were very knowledgeable and courteous. Aahil, the Taj principal met with us during the week and constantly kept in touch to ensure all was going well.  
   I was very pleased with Taj Tours and our adventure was seamless and worry free.  I would recommend this tour company to anyone wanting a great travel experience.",https://cdn.tourradar.com/s3/review/original/460792_6994b55911d51.jpg,,,false,https://www.tourradar.com/t/138268,
460736,All-in-One Sri Lanka Expedition,Colombo,Sarah Joyce,"https://images.unsplash.com/photo-1472099645785-5658abf4ff4e?w=1
  50&h=150&fit=crop",5,2026-02-17,"A comprehensive tour of Sri Lanka with a knowledgeable guide and driver, Buddhika.

Buddhika made sure we were safe and comfortable at all times. He","A comprehensive tour of Sri Lanka with a knowledgeable guide and driver, Buddhika.

Buddhika made sure we were safe and comfortable at all times. He ensured there was flexibility in our program and we really enjoyed the range of activities that were offered. 
Hotel accomodation was generally very good, well located with very good standard of service.
Thank-you for our very special and memorable tour of Sri Lanka.
Ayubowan 
Sarah",https://cdn.tourradar.com/s3/review/original/460736_69942fc73a092.jpg,,,false,https://www.tourradar.com/t/305003,
460736,All-in-One Sri Lanka Expedition,Colombo,Sarah Joyce,"https://images.unsplash.com/photo-1472099645785-5658abf4ff4e?w=1
  50&h=150&fit=crop",5,2026-02-17,"A comprehensive tour of Sri Lanka with a knowledgeable guide and driver, Buddhika.

Buddhika made sure we were safe and comfortable at all times. He","A comprehensive tour of Sri Lanka with a knowledgeable guide and driver, Buddhika.

Buddhika made sure we were safe and comfortable at all times. He ensured there was flexibility in our program and we really enjoyed the range of activities that were offered. 
Hotel accomodation was generally very good, well located with very good standard of service.
Thank-you for our very special and memorable tour of Sri Lanka.
Ayubowan 
Sarah",https://cdn.tourradar.com/s3/review/original/460736_69942fc73a096.jpg,,,false,https://www.tourradar.com/t/305003,
460736,All-in-One Sri Lanka Expedition,Ella,Sarah Joyce,"https://images.unsplash.com/photo-1472099645785-5658abf4ff4e?w=1
  50&h=150&fit=crop",5,2026-02-17,"A comprehensive tour of Sri Lanka with a knowledgeable guide and driver, Buddhika.

Buddhika made sure we were safe and comfortable at all times. He","A comprehensive tour of Sri Lanka with a knowledgeable guide and driver, Buddhika.

Buddhika made sure we were safe and comfortable at all times. He ensured there was flexibility in our program and we really enjoyed the range of activities that were offered. 
Hotel accomodation was generally very good, well located with very good standard of service.
Thank-you for our very special and memorable tour of Sri Lanka.
Ayubowan 
Sarah",https://cdn.tourradar.com/s3/review/original/460736_69942fc73a098.jpg,,,false,https://www.tourradar.com/t/305003,
460703,5 Days – 4 Nights Nile Cruise 5 Star  From Cairo by Flight,,Jodi Niebla,"https://images.unsplash.com/photo-1472099645785-5658abf4ff4e?w=1
  50&h=150&fit=crop",5,2026-02-16,Overall it was an excellent time! There was some things that could be improved on like communication. We came in a day early. Our driver was there for,"Overall it was an excellent time! There was some things that could be improved on like communication. We came in a day early. Our driver was there for pick up but when we got to the hotel we had no reservation and no place to spend the night. After 36 hours of flying it wasn’t great news. We had to handle the situation ourselves at 3:30 in the morning. Luckily lots of hotels in the area. 
But the tours of Cairo began and we had the great opportunity to meet our first tour guide Sohaila. A lovely young lady with tons of knowledge and patience. With a talent for herding cats that our group certainly was especially in the Grand Egyptian museum. Answer of our all questions and kept us on the schedule so we could see and experiments the pyramids and Giza plateau. Much appreciated.
Then off to Aswan! Some train , some plane. We are all meant by our second guide/ babysitter ( lol) Hassan. Who was unfortunate stuck with us for the next 3 to 4 days. We are very lucky and had started to become a little family by then. People from all over the world and it was quite lovely. And Hassan was our mentor. 
He gave us the schedule and our lessons, with great enthusiasm, knowledge, and care for the subject matter. And sometimes not sure if he was joking or not. No we not really getting up at 4:00 am to go to a site, are we? Yes you are. And he will have the wake up call sent to your room to make sure you make it. If you don’t it’s on you. He wants you to see all of the sites learn about them. He also cares about the preservation of them. Kind, sweet, funny, man, you’d be lucky to have him. 
Then the sad part the group broke off into different tours! We went to Hurghada. Others to different destinations. We absolutely loved Hurghada! All inclusive resort on the Red Sea to get really really spoiled for a few days. Nice end to the trip.",https://cdn.tourradar.com/s3/review/original/460703_6993942f4a373.jpg,,,false,https://www.tourradar.com/t/230926,
460703,5 Days – 4 Nights Nile Cruise 5 Star  From Cairo by Flight,,Jodi Niebla,"https://images.unsplash.com/photo-1472099645785-5658abf4ff4e?w=1
  50&h=150&fit=crop",5,2026-02-16,Overall it was an excellent time! There was some things that could be improved on like communication. We came in a day early. Our driver was there for,"Overall it was an excellent time! There was some things that could be improved on like communication. We came in a day early. Our driver was there for pick up but when we got to the hotel we had no reservation and no place to spend the night. After 36 hours of flying it wasn’t great news. We had to handle the situation ourselves at 3:30 in the morning. Luckily lots of hotels in the area. 
But the tours of Cairo began and we had the great opportunity to meet our first tour guide Sohaila. A lovely young lady with tons of knowledge and patience. With a talent for herding cats that our group certainly was especially in the Grand Egyptian museum. Answer of our all questions and kept us on the schedule so we could see and experiments the pyramids and Giza plateau. Much appreciated.
Then off to Aswan! Some train , some plane. We are all meant by our second guide/ babysitter ( lol) Hassan. Who was unfortunate stuck with us for the next 3 to 4 days. We are very lucky and had started to become a little family by then. People from all over the world and it was quite lovely. And Hassan was our mentor. 
He gave us the schedule and our lessons, with great enthusiasm, knowledge, and care for the subject matter. And sometimes not sure if he was joking or not. No we not really getting up at 4:00 am to go to a site, are we? Yes you are. And he will have the wake up call sent to your room to make sure you make it. If you don’t it’s on you. He wants you to see all of the sites learn about them. He also cares about the preservation of them. Kind, sweet, funny, man, you’d be lucky to have him. 
Then the sad part the group broke off into different tours! We went to Hurghada. Others to different destinations. We absolutely loved Hurghada! All inclusive resort on the Red Sea to get really really spoiled for a few days. Nice end to the trip.",https://cdn.tourradar.com/s3/review/original/460703_6993942f4a378.jpg,,,false,https://www.tourradar.com/t/230926,
460703,5 Days – 4 Nights Nile Cruise 5 Star  From Cairo by Flight,Philae,Jodi Niebla,"https://images.unsplash.com/photo-1472099645785-5658abf4ff4e?w=1
  50&h=150&fit=crop",5,2026-02-16,Overall it was an excellent time! There was some things that could be improved on like communication. We came in a day early. Our driver was there for,"Overall it was an excellent time! There was some things that could be improved on like communication. We came in a day early. Our driver was there for pick up but when we got to the hotel we had no reservation and no place to spend the night. After 36 hours of flying it wasn’t great news. We had to handle the situation ourselves at 3:30 in the morning. Luckily lots of hotels in the area. 
But the tours of Cairo began and we had the great opportunity to meet our first tour guide Sohaila. A lovely young lady with tons of knowledge and patience. With a talent for herding cats that our group certainly was especially in the Grand Egyptian museum. Answer of our all questions and kept us on the schedule so we could see and experiments the pyramids and Giza plateau. Much appreciated.
Then off to Aswan! Some train , some plane. We are all meant by our second guide/ babysitter ( lol) Hassan. Who was unfortunate stuck with us for the next 3 to 4 days. We are very lucky and had started to become a little family by then. People from all over the world and it was quite lovely. And Hassan was our mentor. 
He gave us the schedule and our lessons, with great enthusiasm, knowledge, and care for the subject matter. And sometimes not sure if he was joking or not. No we not really getting up at 4:00 am to go to a site, are we? Yes you are. And he will have the wake up call sent to your room to make sure you make it. If you don’t it’s on you. He wants you to see all of the sites learn about them. He also cares about the preservation of them. Kind, sweet, funny, man, you’d be lucky to have him. 
Then the sad part the group broke off into different tours! We went to Hurghada. Others to different destinations. We absolutely loved Hurghada! All inclusive resort on the Red Sea to get really really spoiled for a few days. Nice end to the trip.",https://cdn.tourradar.com/s3/review/original/460703_6993942f4a37a.jpg,,,false,https://www.tourradar.com/t/230926,
460703,5 Days – 4 Nights Nile Cruise 5 Star  From Cairo by Flight,,Jodi Niebla,"https://images.unsplash.com/photo-1472099645785-5658abf4ff4e?w=1
  50&h=150&fit=crop",5,2026-02-16,Overall it was an excellent time! There was some things that could be improved on like communication. We came in a day early. Our driver was there for,"Overall it was an excellent time! There was some things that could be improved on like communication. We came in a day early. Our driver was there for pick up but when we got to the hotel we had no reservation and no place to spend the night. After 36 hours of flying it wasn’t great news. We had to handle the situation ourselves at 3:30 in the morning. Luckily lots of hotels in the area. 
But the tours of Cairo began and we had the great opportunity to meet our first tour guide Sohaila. A lovely young lady with tons of knowledge and patience. With a talent for herding cats that our group certainly was especially in the Grand Egyptian museum. Answer of our all questions and kept us on the schedule so we could see and experiments the pyramids and Giza plateau. Much appreciated.
Then off to Aswan! Some train , some plane. We are all meant by our second guide/ babysitter ( lol) Hassan. Who was unfortunate stuck with us for the next 3 to 4 days. We are very lucky and had started to become a little family by then. People from all over the world and it was quite lovely. And Hassan was our mentor. 
He gave us the schedule and our lessons, with great enthusiasm, knowledge, and care for the subject matter. And sometimes not sure if he was joking or not. No we not really getting up at 4:00 am to go to a site, are we? Yes you are. And he will have the wake up call sent to your room to make sure you make it. If you don’t it’s on you. He wants you to see all of the sites learn about them. He also cares about the preservation of them. Kind, sweet, funny, man, you’d be lucky to have him. 
Then the sad part the group broke off into different tours! We went to Hurghada. Others to different destinations. We absolutely loved Hurghada! All inclusive resort on the Red Sea to get really really spoiled for a few days. Nice end to the trip.",https://cdn.tourradar.com/s3/review/original/460703_6993942f4a37b.jpg,,,false,https://www.tourradar.com/t/230926,
460703,5 Days – 4 Nights Nile Cruise 5 Star  From Cairo by Flight,Abu Simbel,Jodi Niebla,"https://images.unsplash.com/photo-1472099645785-5658abf4ff4e?w=1
  50&h=150&fit=crop",5,2026-02-16,Overall it was an excellent time! There was some things that could be improved on like communication. We came in a day early. Our driver was there for,"Overall it was an excellent time! There was some things that could be improved on like communication. We came in a day early. Our driver was there for pick up but when we got to the hotel we had no reservation and no place to spend the night. After 36 hours of flying it wasn’t great news. We had to handle the situation ourselves at 3:30 in the morning. Luckily lots of hotels in the area. 
But the tours of Cairo began and we had the great opportunity to meet our first tour guide Sohaila. A lovely young lady with tons of knowledge and patience. With a talent for herding cats that our group certainly was especially in the Grand Egyptian museum. Answer of our all questions and kept us on the schedule so we could see and experiments the pyramids and Giza plateau. Much appreciated.
Then off to Aswan! Some train , some plane. We are all meant by our second guide/ babysitter ( lol) Hassan. Who was unfortunate stuck with us for the next 3 to 4 days. We are very lucky and had started to become a little family by then. People from all over the world and it was quite lovely. And Hassan was our mentor. 
He gave us the schedule and our lessons, with great enthusiasm, knowledge, and care for the subject matter. And sometimes not sure if he was joking or not. No we not really getting up at 4:00 am to go to a site, are we? Yes you are. And he will have the wake up call sent to your room to make sure you make it. If you don’t it’s on you. He wants you to see all of the sites learn about them. He also cares about the preservation of them. Kind, sweet, funny, man, you’d be lucky to have him. 
Then the sad part the group broke off into different tours! We went to Hurghada. Others to different destinations. We absolutely loved Hurghada! All inclusive resort on the Red Sea to get really really spoiled for a few days. Nice end to the trip.",https://cdn.tourradar.com/s3/review/original/460703_6993942f4a37c.jpg,,,false,https://www.tourradar.com/t/230926,
460703,5 Days – 4 Nights Nile Cruise 5 Star  From Cairo by Flight,Philae,Jodi Niebla,"https://images.unsplash.com/photo-1472099645785-5658abf4ff4e?w=1
  50&h=150&fit=crop",5,2026-02-16,Overall it was an excellent time! There was some things that could be improved on like communication. We came in a day early. Our driver was there for,"Overall it was an excellent time! There was some things that could be improved on like communication. We came in a day early. Our driver was there for pick up but when we got to the hotel we had no reservation and no place to spend the night. After 36 hours of flying it wasn’t great news. We had to handle the situation ourselves at 3:30 in the morning. Luckily lots of hotels in the area. 
But the tours of Cairo began and we had the great opportunity to meet our first tour guide Sohaila. A lovely young lady with tons of knowledge and patience. With a talent for herding cats that our group certainly was especially in the Grand Egyptian museum. Answer of our all questions and kept us on the schedule so we could see and experiments the pyramids and Giza plateau. Much appreciated.
Then off to Aswan! Some train , some plane. We are all meant by our second guide/ babysitter ( lol) Hassan. Who was unfortunate stuck with us for the next 3 to 4 days. We are very lucky and had started to become a little family by then. People from all over the world and it was quite lovely. And Hassan was our mentor. 
He gave us the schedule and our lessons, with great enthusiasm, knowledge, and care for the subject matter. And sometimes not sure if he was joking or not. No we not really getting up at 4:00 am to go to a site, are we? Yes you are. And he will have the wake up call sent to your room to make sure you make it. If you don’t it’s on you. He wants you to see all of the sites learn about them. He also cares about the preservation of them. Kind, sweet, funny, man, you’d be lucky to have him. 
Then the sad part the group broke off into different tours! We went to Hurghada. Others to different destinations. We absolutely loved Hurghada! All inclusive resort on the Red Sea to get really really spoiled for a few days. Nice end to the trip.",https://cdn.tourradar.com/s3/review/original/460703_6993942f4a37e.jpg,,,false,https://www.tourradar.com/t/230926,
460703,5 Days – 4 Nights Nile Cruise 5 Star  From Cairo by Flight,,Jodi Niebla,"https://images.unsplash.com/photo-1472099645785-5658abf4ff4e?w=1
  50&h=150&fit=crop",5,2026-02-16,Overall it was an excellent time! There was some things that could be improved on like communication. We came in a day early. Our driver was there for,"Overall it was an excellent time! There was some things that could be improved on like communication. We came in a day early. Our driver was there for pick up but when we got to the hotel we had no reservation and no place to spend the night. After 36 hours of flying it wasn’t great news. We had to handle the situation ourselves at 3:30 in the morning. Luckily lots of hotels in the area. 
But the tours of Cairo began and we had the great opportunity to meet our first tour guide Sohaila. A lovely young lady with tons of knowledge and patience. With a talent for herding cats that our group certainly was especially in the Grand Egyptian museum. Answer of our all questions and kept us on the schedule so we could see and experiments the pyramids and Giza plateau. Much appreciated.
Then off to Aswan! Some train , some plane. We are all meant by our second guide/ babysitter ( lol) Hassan. Who was unfortunate stuck with us for the next 3 to 4 days. We are very lucky and had started to become a little family by then. People from all over the world and it was quite lovely. And Hassan was our mentor. 
He gave us the schedule and our lessons, with great enthusiasm, knowledge, and care for the subject matter. And sometimes not sure if he was joking or not. No we not really getting up at 4:00 am to go to a site, are we? Yes you are. And he will have the wake up call sent to your room to make sure you make it. If you don’t it’s on you. He wants you to see all of the sites learn about them. He also cares about the preservation of them. Kind, sweet, funny, man, you’d be lucky to have him. 
Then the sad part the group broke off into different tours! We went to Hurghada. Others to different destinations. We absolutely loved Hurghada! All inclusive resort on the Red Sea to get really really spoiled for a few days. Nice end to the trip.",https://cdn.tourradar.com/s3/review/original/460703_6993942f4a37f.jpg,,,false,https://www.tourradar.com/t/230926,
460703,5 Days – 4 Nights Nile Cruise 5 Star  From Cairo by Flight,,Jodi Niebla,"https://images.unsplash.com/photo-1472099645785-5658abf4ff4e?w=1
  50&h=150&fit=crop",5,2026-02-16,Overall it was an excellent time! There was some things that could be improved on like communication. We came in a day early. Our driver was there for,"Overall it was an excellent time! There was some things that could be improved on like communication. We came in a day early. Our driver was there for pick up but when we got to the hotel we had no reservation and no place to spend the night. After 36 hours of flying it wasn’t great news. We had to handle the situation ourselves at 3:30 in the morning. Luckily lots of hotels in the area. 
But the tours of Cairo began and we had the great opportunity to meet our first tour guide Sohaila. A lovely young lady with tons of knowledge and patience. With a talent for herding cats that our group certainly was especially in the Grand Egyptian museum. Answer of our all questions and kept us on the schedule so we could see and experiments the pyramids and Giza plateau. Much appreciated.
Then off to Aswan! Some train , some plane. We are all meant by our second guide/ babysitter ( lol) Hassan. Who was unfortunate stuck with us for the next 3 to 4 days. We are very lucky and had started to become a little family by then. People from all over the world and it was quite lovely. And Hassan was our mentor. 
He gave us the schedule and our lessons, with great enthusiasm, knowledge, and care for the subject matter. And sometimes not sure if he was joking or not. No we not really getting up at 4:00 am to go to a site, are we? Yes you are. And he will have the wake up call sent to your room to make sure you make it. If you don’t it’s on you. He wants you to see all of the sites learn about them. He also cares about the preservation of them. Kind, sweet, funny, man, you’d be lucky to have him. 
Then the sad part the group broke off into different tours! We went to Hurghada. Others to different destinations. We absolutely loved Hurghada! All inclusive resort on the Red Sea to get really really spoiled for a few days. Nice end to the trip.",https://cdn.tourradar.com/s3/review/original/460703_6993942f4a38c.jpg,,,false,https://www.tourradar.com/t/230926,
460703,5 Days – 4 Nights Nile Cruise 5 Star  From Cairo by Flight,Luxor,Jodi Niebla,"https://images.unsplash.com/photo-1472099645785-5658abf4ff4e?w=1
  50&h=150&fit=crop",5,2026-02-16,Overall it was an excellent time! There was some things that could be improved on like communication. We came in a day early. Our driver was there for,"Overall it was an excellent time! There was some things that could be improved on like communication. We came in a day early. Our driver was there for pick up but when we got to the hotel we had no reservation and no place to spend the night. After 36 hours of flying it wasn’t great news. We had to handle the situation ourselves at 3:30 in the morning. Luckily lots of hotels in the area. 
But the tours of Cairo began and we had the great opportunity to meet our first tour guide Sohaila. A lovely young lady with tons of knowledge and patience. With a talent for herding cats that our group certainly was especially in the Grand Egyptian museum. Answer of our all questions and kept us on the schedule so we could see and experiments the pyramids and Giza plateau. Much appreciated.
Then off to Aswan! Some train , some plane. We are all meant by our second guide/ babysitter ( lol) Hassan. Who was unfortunate stuck with us for the next 3 to 4 days. We are very lucky and had started to become a little family by then. People from all over the world and it was quite lovely. And Hassan was our mentor. 
He gave us the schedule and our lessons, with great enthusiasm, knowledge, and care for the subject matter. And sometimes not sure if he was joking or not. No we not really getting up at 4:00 am to go to a site, are we? Yes you are. And he will have the wake up call sent to your room to make sure you make it. If you don’t it’s on you. He wants you to see all of the sites learn about them. He also cares about the preservation of them. Kind, sweet, funny, man, you’d be lucky to have him. 
Then the sad part the group broke off into different tours! We went to Hurghada. Others to different destinations. We absolutely loved Hurghada! All inclusive resort on the Red Sea to get really really spoiled for a few days. Nice end to the trip.",https://cdn.tourradar.com/s3/review/original/460703_6993942f4a38d.jpg,,,false,https://www.tourradar.com/t/230926,
460703,5 Days – 4 Nights Nile Cruise 5 Star  From Cairo by Flight,Kom Ombo,Jodi Niebla,"https://images.unsplash.com/photo-1472099645785-5658abf4ff4e?w=1
  50&h=150&fit=crop",5,2026-02-16,Overall it was an excellent time! There was some things that could be improved on like communication. We came in a day early. Our driver was there for,"Overall it was an excellent time! There was some things that could be improved on like communication. We came in a day early. Our driver was there for pick up but when we got to the hotel we had no reservation and no place to spend the night. After 36 hours of flying it wasn’t great news. We had to handle the situation ourselves at 3:30 in the morning. Luckily lots of hotels in the area. 
But the tours of Cairo began and we had the great opportunity to meet our first tour guide Sohaila. A lovely young lady with tons of knowledge and patience. With a talent for herding cats that our group certainly was especially in the Grand Egyptian museum. Answer of our all questions and kept us on the schedule so we could see and experiments the pyramids and Giza plateau. Much appreciated.
Then off to Aswan! Some train , some plane. We are all meant by our second guide/ babysitter ( lol) Hassan. Who was unfortunate stuck with us for the next 3 to 4 days. We are very lucky and had started to become a little family by then. People from all over the world and it was quite lovely. And Hassan was our mentor. 
He gave us the schedule and our lessons, with great enthusiasm, knowledge, and care for the subject matter. And sometimes not sure if he was joking or not. No we not really getting up at 4:00 am to go to a site, are we? Yes you are. And he will have the wake up call sent to your room to make sure you make it. If you don’t it’s on you. He wants you to see all of the sites learn about them. He also cares about the preservation of them. Kind, sweet, funny, man, you’d be lucky to have him. 
Then the sad part the group broke off into different tours! We went to Hurghada. Others to different destinations. We absolutely loved Hurghada! All inclusive resort on the Red Sea to get really really spoiled for a few days. Nice end to the trip.",https://cdn.tourradar.com/s3/review/original/460703_6993942f4a38e.jpg,,,false,https://www.tourradar.com/t/230926,
460703,5 Days – 4 Nights Nile Cruise 5 Star  From Cairo by Flight,Abu Simbel,Jodi Niebla,"https://images.unsplash.com/photo-1472099645785-5658abf4ff4e?w=1
  50&h=150&fit=crop",5,2026-02-16,Overall it was an excellent time! There was some things that could be improved on like communication. We came in a day early. Our driver was there for,"Overall it was an excellent time! There was some things that could be improved on like communication. We came in a day early. Our driver was there for pick up but when we got to the hotel we had no reservation and no place to spend the night. After 36 hours of flying it wasn’t great news. We had to handle the situation ourselves at 3:30 in the morning. Luckily lots of hotels in the area. 
But the tours of Cairo began and we had the great opportunity to meet our first tour guide Sohaila. A lovely young lady with tons of knowledge and patience. With a talent for herding cats that our group certainly was especially in the Grand Egyptian museum. Answer of our all questions and kept us on the schedule so we could see and experiments the pyramids and Giza plateau. Much appreciated.
Then off to Aswan! Some train , some plane. We are all meant by our second guide/ babysitter ( lol) Hassan. Who was unfortunate stuck with us for the next 3 to 4 days. We are very lucky and had started to become a little family by then. People from all over the world and it was quite lovely. And Hassan was our mentor. 
He gave us the schedule and our lessons, with great enthusiasm, knowledge, and care for the subject matter. And sometimes not sure if he was joking or not. No we not really getting up at 4:00 am to go to a site, are we? Yes you are. And he will have the wake up call sent to your room to make sure you make it. If you don’t it’s on you. He wants you to see all of the sites learn about them. He also cares about the preservation of them. Kind, sweet, funny, man, you’d be lucky to have him. 
Then the sad part the group broke off into different tours! We went to Hurghada. Others to different destinations. We absolutely loved Hurghada! All inclusive resort on the Red Sea to get really really spoiled for a few days. Nice end to the trip.",https://cdn.tourradar.com/s3/review/original/460703_6993942f4a390.jpg,,,false,https://www.tourradar.com/t/230926,
460703,5 Days – 4 Nights Nile Cruise 5 Star  From Cairo by Flight,,Jodi Niebla,"https://images.unsplash.com/photo-1472099645785-5658abf4ff4e?w=1
  50&h=150&fit=crop",5,2026-02-16,Overall it was an excellent time! There was some things that could be improved on like communication. We came in a day early. Our driver was there for,"Overall it was an excellent time! There was some things that could be improved on like communication. We came in a day early. Our driver was there for pick up but when we got to the hotel we had no reservation and no place to spend the night. After 36 hours of flying it wasn’t great news. We had to handle the situation ourselves at 3:30 in the morning. Luckily lots of hotels in the area. 
But the tours of Cairo began and we had the great opportunity to meet our first tour guide Sohaila. A lovely young lady with tons of knowledge and patience. With a talent for herding cats that our group certainly was especially in the Grand Egyptian museum. Answer of our all questions and kept us on the schedule so we could see and experiments the pyramids and Giza plateau. Much appreciated.
Then off to Aswan! Some train , some plane. We are all meant by our second guide/ babysitter ( lol) Hassan. Who was unfortunate stuck with us for the next 3 to 4 days. We are very lucky and had started to become a little family by then. People from all over the world and it was quite lovely. And Hassan was our mentor. 
He gave us the schedule and our lessons, with great enthusiasm, knowledge, and care for the subject matter. And sometimes not sure if he was joking or not. No we not really getting up at 4:00 am to go to a site, are we? Yes you are. And he will have the wake up call sent to your room to make sure you make it. If you don’t it’s on you. He wants you to see all of the sites learn about them. He also cares about the preservation of them. Kind, sweet, funny, man, you’d be lucky to have him. 
Then the sad part the group broke off into different tours! We went to Hurghada. Others to different destinations. We absolutely loved Hurghada! All inclusive resort on the Red Sea to get really really spoiled for a few days. Nice end to the trip.",https://cdn.tourradar.com/s3/review/original/460703_6993942f4a391.jpg,,,false,https://www.tourradar.com/t/230926,
460695,4 Days – 3 Nights  5 Star Nile Cruise From Cairo by Flight,Aswan,Eufemia Loprete ,"https://images.unsplash.com/photo-1472099645785-5658abf4ff4e?w=1
  50&h=150&fit=crop",5,2026-02-16,An unforgettable Nile cruise experience. Sailing along the Nile while visiting the majestic temples was simply breathtaking — every stop felt like ste,"An unforgettable Nile cruise experience. Sailing along the Nile while visiting the majestic temples was simply breathtaking — every stop felt like stepping into living history.
A special mention goes to our guide, Ahmed. He was knowledgeable, passionate, and genuinely caring throughout the journey. He explained everything clearly, answered every question with patience, and made sure everyone felt comfortable and included. 
Yes, be prepared for a few very early wake-up calls to visit the temples, they are so many! — but it’s absolutely worth it also you want to avoid the crowd.
On the cruise the food was delicious with plenty of variety, the rooms were clean and comfortable, and the staff were consistently friendly and attentive. Overall, a beautiful cruise that I would highly recommend.",https://cdn.tourradar.com/s3/review/original/460695_699341c2bec54.jpg,,,false,https://www.tourradar.com/t/170634,
460610,The UAE Complete - Escorted Tour in 4* Hotels – Full Board Plan,Dubai,Christian Jahn,"https://images.unsplash.com/photo-1472099645785-5658abf4ff4e?w=1
  50&h=150&fit=crop",5,2026-02-15,"Die Reiseroute war sehr interessant und abwechslungsreich ausgewählt, die Unterkünfte waren hervorragend, es gibt keinerlei Alass für Kritik! Ein groß","Die Reiseroute war sehr interessant und abwechslungsreich ausgewählt, die Unterkünfte waren hervorragend, es gibt keinerlei Alass für Kritik! Ein großes Lob gilt auch unserem Reiseleiter, dessen Namen wir leider vergessen haben. Er hat uns gut informiert, war stets hilfsbereit und freudlich, obwohl es für ihn nicht leicht war, die Gruppe zusammenzuhalten!

Einzig der Begleiter bei der Buss- und Bootstour in den Oman war desinteressiert und unfreundlich, sein ""Kommandoton"" war unhöflich!",https://cdn.tourradar.com/s3/review/original/460610_6992159d085aa.jpg,,,false,https://www.tourradar.com/t/219445,
460610,The UAE Complete - Escorted Tour in 4* Hotels – Full Board Plan,Dubai,Christian Jahn,"https://images.unsplash.com/photo-1472099645785-5658abf4ff4e?w=1
  50&h=150&fit=crop",5,2026-02-15,"Die Reiseroute war sehr interessant und abwechslungsreich ausgewählt, die Unterkünfte waren hervorragend, es gibt keinerlei Alass für Kritik! Ein groß","Die Reiseroute war sehr interessant und abwechslungsreich ausgewählt, die Unterkünfte waren hervorragend, es gibt keinerlei Alass für Kritik! Ein großes Lob gilt auch unserem Reiseleiter, dessen Namen wir leider vergessen haben. Er hat uns gut informiert, war stets hilfsbereit und freudlich, obwohl es für ihn nicht leicht war, die Gruppe zusammenzuhalten!

Einzig der Begleiter bei der Buss- und Bootstour in den Oman war desinteressiert und unfreundlich, sein ""Kommandoton"" war unhöflich!",https://cdn.tourradar.com/s3/review/original/460610_6992159d085ae.jpg,,,false,https://www.tourradar.com/t/219445,
460610,The UAE Complete - Escorted Tour in 4* Hotels – Full Board Plan,Abu Dhabi,Christian Jahn,"https://images.unsplash.com/photo-1472099645785-5658abf4ff4e?w=1
  50&h=150&fit=crop",5,2026-02-15,"Die Reiseroute war sehr interessant und abwechslungsreich ausgewählt, die Unterkünfte waren hervorragend, es gibt keinerlei Alass für Kritik! Ein groß","Die Reiseroute war sehr interessant und abwechslungsreich ausgewählt, die Unterkünfte waren hervorragend, es gibt keinerlei Alass für Kritik! Ein großes Lob gilt auch unserem Reiseleiter, dessen Namen wir leider vergessen haben. Er hat uns gut informiert, war stets hilfsbereit und freudlich, obwohl es für ihn nicht leicht war, die Gruppe zusammenzuhalten!

Einzig der Begleiter bei der Buss- und Bootstour in den Oman war desinteressiert und unfreundlich, sein ""Kommandoton"" war unhöflich!",https://cdn.tourradar.com/s3/review/original/460610_6992159d085af.jpg,,,false,https://www.tourradar.com/t/219445,
460610,The UAE Complete - Escorted Tour in 4* Hotels – Full Board Plan,Abu Dhabi,Christian Jahn,"https://images.unsplash.com/photo-1472099645785-5658abf4ff4e?w=1
  50&h=150&fit=crop",5,2026-02-15,"Die Reiseroute war sehr interessant und abwechslungsreich ausgewählt, die Unterkünfte waren hervorragend, es gibt keinerlei Alass für Kritik! Ein groß","Die Reiseroute war sehr interessant und abwechslungsreich ausgewählt, die Unterkünfte waren hervorragend, es gibt keinerlei Alass für Kritik! Ein großes Lob gilt auch unserem Reiseleiter, dessen Namen wir leider vergessen haben. Er hat uns gut informiert, war stets hilfsbereit und freudlich, obwohl es für ihn nicht leicht war, die Gruppe zusammenzuhalten!

Einzig der Begleiter bei der Buss- und Bootstour in den Oman war desinteressiert und unfreundlich, sein ""Kommandoton"" war unhöflich!",https://cdn.tourradar.com/s3/review/original/460610_6992159d085b0.jpg,,,false,https://www.tourradar.com/t/219445,
460610,The UAE Complete - Escorted Tour in 4* Hotels – Full Board Plan,Dubai,Christian Jahn,"https://images.unsplash.com/photo-1472099645785-5658abf4ff4e?w=1
  50&h=150&fit=crop",5,2026-02-15,"Die Reiseroute war sehr interessant und abwechslungsreich ausgewählt, die Unterkünfte waren hervorragend, es gibt keinerlei Alass für Kritik! Ein groß","Die Reiseroute war sehr interessant und abwechslungsreich ausgewählt, die Unterkünfte waren hervorragend, es gibt keinerlei Alass für Kritik! Ein großes Lob gilt auch unserem Reiseleiter, dessen Namen wir leider vergessen haben. Er hat uns gut informiert, war stets hilfsbereit und freudlich, obwohl es für ihn nicht leicht war, die Gruppe zusammenzuhalten!

Einzig der Begleiter bei der Buss- und Bootstour in den Oman war desinteressiert und unfreundlich, sein ""Kommandoton"" war unhöflich!",https://cdn.tourradar.com/s3/review/original/460610_6992159d085b1.jpg,,,false,https://www.tourradar.com/t/219445,
460610,The UAE Complete - Escorted Tour in 4* Hotels – Full Board Plan,Dubai,Christian Jahn,"https://images.unsplash.com/photo-1472099645785-5658abf4ff4e?w=1
  50&h=150&fit=crop",5,2026-02-15,"Die Reiseroute war sehr interessant und abwechslungsreich ausgewählt, die Unterkünfte waren hervorragend, es gibt keinerlei Alass für Kritik! Ein groß","Die Reiseroute war sehr interessant und abwechslungsreich ausgewählt, die Unterkünfte waren hervorragend, es gibt keinerlei Alass für Kritik! Ein großes Lob gilt auch unserem Reiseleiter, dessen Namen wir leider vergessen haben. Er hat uns gut informiert, war stets hilfsbereit und freudlich, obwohl es für ihn nicht leicht war, die Gruppe zusammenzuhalten!

Einzig der Begleiter bei der Buss- und Bootstour in den Oman war desinteressiert und unfreundlich, sein ""Kommandoton"" war unhöflich!",https://cdn.tourradar.com/s3/review/original/460610_6992159d085b2.jpg,,,false,https://www.tourradar.com/t/219445,
460610,The UAE Complete - Escorted Tour in 4* Hotels – Full Board Plan,Dubai,Christian Jahn,"https://images.unsplash.com/photo-1472099645785-5658abf4ff4e?w=1
  50&h=150&fit=crop",5,2026-02-15,"Die Reiseroute war sehr interessant und abwechslungsreich ausgewählt, die Unterkünfte waren hervorragend, es gibt keinerlei Alass für Kritik! Ein groß","Die Reiseroute war sehr interessant und abwechslungsreich ausgewählt, die Unterkünfte waren hervorragend, es gibt keinerlei Alass für Kritik! Ein großes Lob gilt auch unserem Reiseleiter, dessen Namen wir leider vergessen haben. Er hat uns gut informiert, war stets hilfsbereit und freudlich, obwohl es für ihn nicht leicht war, die Gruppe zusammenzuhalten!

Einzig der Begleiter bei der Buss- und Bootstour in den Oman war desinteressiert und unfreundlich, sein ""Kommandoton"" war unhöflich!",https://cdn.tourradar.com/s3/review/original/460610_6992159d085b3.jpg,,,false,https://www.tourradar.com/t/219445,
460610,The UAE Complete - Escorted Tour in 4* Hotels – Full Board Plan,Abu Dhabi,Christian Jahn,"https://images.unsplash.com/photo-1472099645785-5658abf4ff4e?w=1
  50&h=150&fit=crop",5,2026-02-15,"Die Reiseroute war sehr interessant und abwechslungsreich ausgewählt, die Unterkünfte waren hervorragend, es gibt keinerlei Alass für Kritik! Ein groß","Die Reiseroute war sehr interessant und abwechslungsreich ausgewählt, die Unterkünfte waren hervorragend, es gibt keinerlei Alass für Kritik! Ein großes Lob gilt auch unserem Reiseleiter, dessen Namen wir leider vergessen haben. Er hat uns gut informiert, war stets hilfsbereit und freudlich, obwohl es für ihn nicht leicht war, die Gruppe zusammenzuhalten!

Einzig der Begleiter bei der Buss- und Bootstour in den Oman war desinteressiert und unfreundlich, sein ""Kommandoton"" war unhöflich!",https://cdn.tourradar.com/s3/review/original/460610_6992159d085b4.jpg,,,false,https://www.tourradar.com/t/219445,
460610,The UAE Complete - Escorted Tour in 4* Hotels – Full Board Plan,Abu Dhabi,Christian Jahn,"https://images.unsplash.com/photo-1472099645785-5658abf4ff4e?w=1
  50&h=150&fit=crop",5,2026-02-15,"Die Reiseroute war sehr interessant und abwechslungsreich ausgewählt, die Unterkünfte waren hervorragend, es gibt keinerlei Alass für Kritik! Ein groß","Die Reiseroute war sehr interessant und abwechslungsreich ausgewählt, die Unterkünfte waren hervorragend, es gibt keinerlei Alass für Kritik! Ein großes Lob gilt auch unserem Reiseleiter, dessen Namen wir leider vergessen haben. Er hat uns gut informiert, war stets hilfsbereit und freudlich, obwohl es für ihn nicht leicht war, die Gruppe zusammenzuhalten!

Einzig der Begleiter bei der Buss- und Bootstour in den Oman war desinteressiert und unfreundlich, sein ""Kommandoton"" war unhöflich!",https://cdn.tourradar.com/s3/review/original/460610_6992159d085b5.jpg,,,false,https://www.tourradar.com/t/219445,
460610,The UAE Complete - Escorted Tour in 4* Hotels – Full Board Plan,Dubai,Christian Jahn,"https://images.unsplash.com/photo-1472099645785-5658abf4ff4e?w=1
  50&h=150&fit=crop",5,2026-02-15,"Die Reiseroute war sehr interessant und abwechslungsreich ausgewählt, die Unterkünfte waren hervorragend, es gibt keinerlei Alass für Kritik! Ein groß","Die Reiseroute war sehr interessant und abwechslungsreich ausgewählt, die Unterkünfte waren hervorragend, es gibt keinerlei Alass für Kritik! Ein großes Lob gilt auch unserem Reiseleiter, dessen Namen wir leider vergessen haben. Er hat uns gut informiert, war stets hilfsbereit und freudlich, obwohl es für ihn nicht leicht war, die Gruppe zusammenzuhalten!

Einzig der Begleiter bei der Buss- und Bootstour in den Oman war desinteressiert und unfreundlich, sein ""Kommandoton"" war unhöflich!",https://cdn.tourradar.com/s3/review/original/460610_6992159d085b6.jpg,,,false,https://www.tourradar.com/t/219445,
460610,The UAE Complete - Escorted Tour in 4* Hotels – Full Board Plan,Dubai,Christian Jahn,"https://images.unsplash.com/photo-1472099645785-5658abf4ff4e?w=1
  50&h=150&fit=crop",5,2026-02-15,"Die Reiseroute war sehr interessant und abwechslungsreich ausgewählt, die Unterkünfte waren hervorragend, es gibt keinerlei Alass für Kritik! Ein groß","Die Reiseroute war sehr interessant und abwechslungsreich ausgewählt, die Unterkünfte waren hervorragend, es gibt keinerlei Alass für Kritik! Ein großes Lob gilt auch unserem Reiseleiter, dessen Namen wir leider vergessen haben. Er hat uns gut informiert, war stets hilfsbereit und freudlich, obwohl es für ihn nicht leicht war, die Gruppe zusammenzuhalten!

Einzig der Begleiter bei der Buss- und Bootstour in den Oman war desinteressiert und unfreundlich, sein ""Kommandoton"" war unhöflich!",https://cdn.tourradar.com/s3/review/original/460610_6992159d085b7.jpg,,,false,https://www.tourradar.com/t/219445,
460610,The UAE Complete - Escorted Tour in 4* Hotels – Full Board Plan,Abu Dhabi,Christian Jahn,"https://images.unsplash.com/photo-1472099645785-5658abf4ff4e?w=1
  50&h=150&fit=crop",5,2026-02-15,"Die Reiseroute war sehr interessant und abwechslungsreich ausgewählt, die Unterkünfte waren hervorragend, es gibt keinerlei Alass für Kritik! Ein groß","Die Reiseroute war sehr interessant und abwechslungsreich ausgewählt, die Unterkünfte waren hervorragend, es gibt keinerlei Alass für Kritik! Ein großes Lob gilt auch unserem Reiseleiter, dessen Namen wir leider vergessen haben. Er hat uns gut informiert, war stets hilfsbereit und freudlich, obwohl es für ihn nicht leicht war, die Gruppe zusammenzuhalten!

Einzig der Begleiter bei der Buss- und Bootstour in den Oman war desinteressiert und unfreundlich, sein ""Kommandoton"" war unhöflich!",https://cdn.tourradar.com/s3/review/original/460610_6992159d085b8.jpg,,,false,https://www.tourradar.com/t/219445,
460610,The UAE Complete - Escorted Tour in 4* Hotels – Full Board Plan,Dubai,Christian Jahn,"https://images.unsplash.com/photo-1472099645785-5658abf4ff4e?w=1
  50&h=150&fit=crop",5,2026-02-15,"Die Reiseroute war sehr interessant und abwechslungsreich ausgewählt, die Unterkünfte waren hervorragend, es gibt keinerlei Alass für Kritik! Ein groß","Die Reiseroute war sehr interessant und abwechslungsreich ausgewählt, die Unterkünfte waren hervorragend, es gibt keinerlei Alass für Kritik! Ein großes Lob gilt auch unserem Reiseleiter, dessen Namen wir leider vergessen haben. Er hat uns gut informiert, war stets hilfsbereit und freudlich, obwohl es für ihn nicht leicht war, die Gruppe zusammenzuhalten!

Einzig der Begleiter bei der Buss- und Bootstour in den Oman war desinteressiert und unfreundlich, sein ""Kommandoton"" war unhöflich!",https://cdn.tourradar.com/s3/review/original/460610_6992159d085b9.jpg,,,false,https://www.tourradar.com/t/219445,
460605,"3 Nights Cruise Aswan to Luxor, Abu Simbel, Nubian Village and Air Balloon with Flights From Cairo",Luxor,Thomas  Delaney ,"https://images.unsplash.com/photo-1472099645785-5658abf4ff4e?w=1
  50&h=150&fit=crop",5,2026-02-15,Excellent tour. Well organized and amazing sights. Great way to see sights in upper Egypt.,Excellent tour. Well organized and amazing sights. Great way to see sights in upper Egypt.,https://cdn.tourradar.com/s3/review/original/460605_6991fe9d73722.jpg,,,false,https://www.tourradar.com/t/275111,
460605,"3 Nights Cruise Aswan to Luxor, Abu Simbel, Nubian Village and Air Balloon with Flights From Cairo",Luxor,Thomas  Delaney ,"https://images.unsplash.com/photo-1472099645785-5658abf4ff4e?w=1
  50&h=150&fit=crop",5,2026-02-15,Excellent tour. Well organized and amazing sights. Great way to see sights in upper Egypt.,Excellent tour. Well organized and amazing sights. Great way to see sights in upper Egypt.,https://cdn.tourradar.com/s3/review/original/460605_6991fe9d73727.jpg,,,false,https://www.tourradar.com/t/275111,
460553,"Spanish Delights, 7 days",Granada,Alison Brayford,"https://images.unsplash.com/photo-1472099645785-5658abf4ff4e?w=1
  50&h=150&fit=crop",5,2026-02-15,"Vanessa our tour guide was very knowlegable, informative and also fun. We felt well cared for. The hotels were great, meals included were huge and man","Vanessa our tour guide was very knowlegable, informative and also fun. We felt well cared for. The hotels were great, meals included were huge and many local guides for the short day tours. We thought this tour was excellent value and we had a great time. People did get on and off at different points of the trip but that was fine for us. Would reccommend!",https://cdn.tourradar.com/s3/review/original/460553_69916abad986f.jpg,,,false,https://www.tourradar.com/t/209266,
460553,"Spanish Delights, 7 days",Cordoba,Alison Brayford,"https://images.unsplash.com/photo-1472099645785-5658abf4ff4e?w=1
  50&h=150&fit=crop",5,2026-02-15,"Vanessa our tour guide was very knowlegable, informative and also fun. We felt well cared for. The hotels were great, meals included were huge and man","Vanessa our tour guide was very knowlegable, informative and also fun. We felt well cared for. The hotels were great, meals included were huge and many local guides for the short day tours. We thought this tour was excellent value and we had a great time. People did get on and off at different points of the trip but that was fine for us. Would reccommend!",https://cdn.tourradar.com/s3/review/original/460553_69916abad9874.jpg,,,false,https://www.tourradar.com/t/209266,
460553,"Spanish Delights, 7 days",Ronda,Alison Brayford,"https://images.unsplash.com/photo-1472099645785-5658abf4ff4e?w=1
  50&h=150&fit=crop",5,2026-02-15,"Vanessa our tour guide was very knowlegable, informative and also fun. We felt well cared for. The hotels were great, meals included were huge and man","Vanessa our tour guide was very knowlegable, informative and also fun. We felt well cared for. The hotels were great, meals included were huge and many local guides for the short day tours. We thought this tour was excellent value and we had a great time. People did get on and off at different points of the trip but that was fine for us. Would reccommend!",https://cdn.tourradar.com/s3/review/original/460553_69916abad9876.jpg,,,false,https://www.tourradar.com/t/209266,
460553,"Spanish Delights, 7 days",Seville,Alison Brayford,"https://images.unsplash.com/photo-1472099645785-5658abf4ff4e?w=1
  50&h=150&fit=crop",5,2026-02-15,"Vanessa our tour guide was very knowlegable, informative and also fun. We felt well cared for. The hotels were great, meals included were huge and man","Vanessa our tour guide was very knowlegable, informative and also fun. We felt well cared for. The hotels were great, meals included were huge and many local guides for the short day tours. We thought this tour was excellent value and we had a great time. People did get on and off at different points of the trip but that was fine for us. Would reccommend!",https://cdn.tourradar.com/s3/review/original/460553_69916abad9878.jpg,,,false,https://www.tourradar.com/t/209266,
460553,"Spanish Delights, 7 days",Cordoba,Alison Brayford,"https://images.unsplash.com/photo-1472099645785-5658abf4ff4e?w=1
  50&h=150&fit=crop",5,2026-02-15,"Vanessa our tour guide was very knowlegable, informative and also fun. We felt well cared for. The hotels were great, meals included were huge and man","Vanessa our tour guide was very knowlegable, informative and also fun. We felt well cared for. The hotels were great, meals included were huge and many local guides for the short day tours. We thought this tour was excellent value and we had a great time. People did get on and off at different points of the trip but that was fine for us. Would reccommend!",https://cdn.tourradar.com/s3/review/original/460553_69916abad9879.jpg,,,false,https://www.tourradar.com/t/209266,
460553,"Spanish Delights, 7 days",Seville,Alison Brayford,"https://images.unsplash.com/photo-1472099645785-5658abf4ff4e?w=1
  50&h=150&fit=crop",5,2026-02-15,"Vanessa our tour guide was very knowlegable, informative and also fun. We felt well cared for. The hotels were great, meals included were huge and man","Vanessa our tour guide was very knowlegable, informative and also fun. We felt well cared for. The hotels were great, meals included were huge and many local guides for the short day tours. We thought this tour was excellent value and we had a great time. People did get on and off at different points of the trip but that was fine for us. Would reccommend!",https://cdn.tourradar.com/s3/review/original/460553_69916abad987a.jpg,,,false,https://www.tourradar.com/t/209266,
460553,"Spanish Delights, 7 days",Granada,Alison Brayford,"https://images.unsplash.com/photo-1472099645785-5658abf4ff4e?w=1
  50&h=150&fit=crop",5,2026-02-15,"Vanessa our tour guide was very knowlegable, informative and also fun. We felt well cared for. The hotels were great, meals included were huge and man","Vanessa our tour guide was very knowlegable, informative and also fun. We felt well cared for. The hotels were great, meals included were huge and many local guides for the short day tours. We thought this tour was excellent value and we had a great time. People did get on and off at different points of the trip but that was fine for us. Would reccommend!",https://cdn.tourradar.com/s3/review/original/460553_69916abad987b.jpg,,,false,https://www.tourradar.com/t/209266,
460459,Pharaohs Nile Cruise Adventure - Grand GEM Visit – Return Flights Included,Valley of the Kings,Paulo Bento,"https://images.unsplash.com/photo-1472099645785-5658abf4ff4e?w=1
  50&h=150&fit=crop",5,2026-02-14,This tour was truly exceptional. We visit the most famous Ancient Egypt places and with the knolling explanation and engaging storyteller of our guide,"This tour was truly exceptional. We visit the most famous Ancient Egypt places and with the knolling explanation and engaging storyteller of our guide, Ahmed Elkallaf, this was a travel to the Egypt of 2 millenniums ago_ thank you for his patience and availability and to go the extra mile with the group ?. Also, a note to the cruise’ crew which was always available and friendly. A special thanks to Mohamed who did and excellent organization and was always available to support. We recommend this tour to those who love Ancient Egypt.",https://cdn.tourradar.com/s3/review/original/460459_69905a537f1a4.jpg,,,false,https://www.tourradar.com/t/111022,
460459,Pharaohs Nile Cruise Adventure - Grand GEM Visit – Return Flights Included,Edfu,Paulo Bento,"https://images.unsplash.com/photo-1472099645785-5658abf4ff4e?w=1
  50&h=150&fit=crop",5,2026-02-14,This tour was truly exceptional. We visit the most famous Ancient Egypt places and with the knolling explanation and engaging storyteller of our guide,"This tour was truly exceptional. We visit the most famous Ancient Egypt places and with the knolling explanation and engaging storyteller of our guide, Ahmed Elkallaf, this was a travel to the Egypt of 2 millenniums ago_ thank you for his patience and availability and to go the extra mile with the group ?. Also, a note to the cruise’ crew which was always available and friendly. A special thanks to Mohamed who did and excellent organization and was always available to support. We recommend this tour to those who love Ancient Egypt.",https://cdn.tourradar.com/s3/review/original/460459_69905a537f1a8.jpg,,,false,https://www.tourradar.com/t/111022,
